{
"type": "FeatureCollection",
"name": "land",
"crs": { "type": "name", "properties": { "name": "urn:ogc:def:crs:OGC:1.3:CRS84" } },
"features": [
{ "type": "Feature", "properties": { "scalerank": 0, "featurecla": "Land", "min_zoom": 0.0 }, "geometry": { "type": "Polygon", "coordinates": [ [ [ 143.178906, -11.954492 ], [ 143.110254, -12.303516 ], [ 143.401563, -12.639941 ], [ 143.586621, -13.443652 ], [ 143.548438, -13.741016 ], [ 143.756348, -14.348828 ], [ 143.961816, -14.462891 ], [ 144.473047, -14.231836 ], [ 144.648047, -14.49248 ], [ 145.287695, -14.943164 ], [ 145.271582, -15.47666 ], [ 145.458008, -16.056445 ], [ 145.426074, -16.406152 ], [ 145.754785, -16.879492 ], [ 145.912109, -16.9125 ], [ 146.125879, -17.635254 ], [ 146.032227, -18.272852 ], [ 146.333203, -18.553711 ], [ 146.296875, -18.841211 ], [ 146.383398, -18.977051 ], [ 147.13877, -19.393164 ], [ 147.418555, -19.378125 ], [ 147.742383, -19.770117 ], [ 148.759375, -20.289551 ], [ 148.884766, -20.480859 ], [ 148.72998, -20.467773 ], [ 148.683691, -20.580176 ], [ 149.204883, -21.125098 ], [ 149.454102, -21.578711 ], [ 149.703906, -22.440527 ], [ 149.822461, -22.389844 ], [ 149.974414, -22.550684 ], [ 149.941895, -22.308105 ], [ 150.020605, -22.168359 ], [ 150.541309, -22.559082 ], [ 150.622852, -22.367285 ], [ 150.763867, -22.576172 ], [ 150.843164, -23.458008 ], [ 151.153809, -23.784082 ], [ 151.831641, -24.122949 ], [ 152.129883, -24.597559 ], [ 152.456348, -24.802441 ], [ 152.654297, -25.201953 ], [ 152.913477, -25.432129 ], [ 152.920508, -25.688574 ], [ 153.164941, -25.96416 ], [ 153.08418, -26.303809 ], [ 153.116797, -27.194434 ], [ 153.575684, -28.240527 ], [ 153.616895, -28.673047 ], [ 153.60459, -28.854492 ], [ 153.348047, -29.29043 ], [ 153.272363, -29.89248 ], [ 153.030566, -30.563379 ], [ 152.943945, -31.434863 ], [ 152.559277, -32.045703 ], [ 152.47041, -32.439063 ], [ 152.136523, -32.678125 ], [ 152.164258, -32.757422 ], [ 151.812891, -32.901074 ], [ 151.432031, -33.521582 ], [ 151.29209, -33.580957 ], [ 151.280273, -33.92666 ], [ 151.124805, -34.005273 ], [ 151.231543, -34.029688 ], [ 150.871289, -34.499121 ], [ 150.80459, -35.012891 ], [ 150.56748, -35.214258 ], [ 150.195312, -35.833594 ], [ 149.960254, -36.845508 ], [ 149.932715, -37.528516 ], [ 149.480859, -37.771191 ], [ 148.2625, -37.830664 ], [ 147.876758, -37.93418 ], [ 146.856836, -38.663477 ], [ 146.21748, -38.727441 ], [ 146.336621, -38.894238 ], [ 146.466602, -38.840332 ], [ 146.483789, -39.065039 ], [ 146.4, -39.145508 ], [ 146.158398, -38.865723 ], [ 145.935352, -38.901758 ], [ 145.79082, -38.666992 ], [ 145.397266, -38.535352 ], [ 145.542188, -38.393848 ], [ 145.475781, -38.24375 ], [ 145.292773, -38.237598 ], [ 144.95957, -38.500781 ], [ 144.717773, -38.340332 ], [ 144.911426, -38.344043 ], [ 145.119922, -38.091309 ], [ 144.891309, -37.899805 ], [ 144.395508, -38.136914 ], [ 144.665234, -38.209961 ], [ 143.538965, -38.820898 ], [ 142.455859, -38.386328 ], [ 141.725, -38.271387 ], [ 141.593945, -38.387793 ], [ 141.424219, -38.363477 ], [ 141.010938, -38.076953 ], [ 140.627246, -38.028418 ], [ 140.39043, -37.89668 ], [ 139.784277, -37.245801 ], [ 139.738477, -37.05957 ], [ 139.857324, -36.662109 ], [ 139.729004, -36.371387 ], [ 139.465918, -36.010352 ], [ 138.968945, -35.580762 ], [ 139.178027, -35.523047 ], [ 139.289453, -35.611328 ], [ 139.28252, -35.375391 ], [ 138.521875, -35.642383 ], [ 138.184375, -35.612695 ], [ 138.511133, -35.024414 ], [ 138.489941, -34.763574 ], [ 138.089258, -34.169824 ], [ 137.691699, -35.142969 ], [ 136.883594, -35.239746 ], [ 137.014258, -34.91582 ], [ 137.391016, -34.913281 ], [ 137.493848, -34.161133 ], [ 137.931836, -33.579102 ], [ 137.852344, -33.200781 ], [ 137.992578, -33.094238 ], [ 137.783203, -32.578125 ], [ 137.790918, -32.823242 ], [ 137.442285, -33.193555 ], [ 137.237305, -33.629492 ], [ 136.430664, -34.02998 ], [ 135.891016, -34.660938 ], [ 135.969727, -34.981836 ], [ 135.792383, -34.863281 ], [ 135.647559, -34.939648 ], [ 135.324219, -34.642676 ], [ 135.123047, -34.585742 ], [ 135.216797, -34.487305 ], [ 135.45, -34.581055 ], [ 135.218945, -33.959766 ], [ 134.88877, -33.626367 ], [ 134.719043, -33.255176 ], [ 134.30127, -33.165039 ], [ 134.100391, -32.748633 ], [ 134.227148, -32.730566 ], [ 134.23418, -32.548535 ], [ 133.665332, -32.207227 ], [ 133.212109, -32.183789 ], [ 132.757422, -31.95625 ], [ 132.214648, -32.007129 ], [ 131.721191, -31.696289 ], [ 131.143652, -31.495703 ], [ 130.783008, -31.604004 ], [ 128.946191, -31.702637 ], [ 127.319824, -32.264063 ], [ 125.917188, -32.296973 ], [ 124.758789, -32.882715 ], [ 124.24375, -33.015234 ], [ 123.868359, -33.596387 ], [ 123.506836, -33.916211 ], [ 123.207617, -33.988281 ], [ 122.777539, -33.89082 ], [ 122.150977, -33.991797 ], [ 122.061133, -33.874414 ], [ 121.405078, -33.826758 ], [ 119.854102, -33.974707 ], [ 119.635156, -34.101172 ], [ 119.450586, -34.368262 ], [ 118.895312, -34.479883 ], [ 118.135547, -34.986621 ], [ 117.863086, -35.05498 ], [ 116.517188, -34.987891 ], [ 115.986719, -34.79502 ], [ 115.565039, -34.425781 ], [ 115.008789, -34.255859 ], [ 114.993848, -33.515332 ], [ 115.181641, -33.643457 ], [ 115.358789, -33.639941 ], [ 115.515332, -33.531348 ], [ 115.683008, -33.192871 ], [ 115.618555, -32.666992 ], [ 115.725391, -32.401074 ], [ 115.698438, -31.694531 ], [ 115.07793, -30.560449 ], [ 114.856836, -29.142969 ], [ 114.165137, -28.080664 ], [ 114.028125, -27.347266 ], [ 113.184766, -26.182227 ], [ 113.323242, -26.243848 ], [ 113.356055, -26.080469 ], [ 113.581641, -26.558105 ], [ 113.733691, -26.595117 ], [ 113.836426, -26.500586 ], [ 113.852832, -26.332129 ], [ 113.589063, -26.098633 ], [ 113.395312, -25.713281 ], [ 113.451367, -25.599121 ], [ 113.713086, -25.830762 ], [ 113.72373, -26.129785 ], [ 113.853906, -26.014453 ], [ 113.991992, -26.321484 ], [ 114.090332, -26.393652 ], [ 114.215723, -26.289453 ], [ 114.214258, -25.851562 ], [ 113.417676, -24.435645 ], [ 113.489844, -23.869629 ], [ 113.757031, -23.418164 ], [ 113.795117, -22.914551 ], [ 113.682813, -22.637793 ], [ 114.022852, -21.881445 ], [ 114.123926, -21.828613 ], [ 114.141602, -22.483105 ], [ 114.377734, -22.341504 ], [ 114.709277, -21.823438 ], [ 115.456152, -21.491699 ], [ 116.010938, -21.030371 ], [ 116.706738, -20.653809 ], [ 117.40625, -20.721191 ], [ 118.199219, -20.375195 ], [ 118.751465, -20.261914 ], [ 119.104492, -19.995313 ], [ 119.585938, -20.038281 ], [ 120.433691, -19.841992 ], [ 120.997949, -19.604395 ], [ 121.337695, -19.319922 ], [ 121.833789, -18.477051 ], [ 122.34541, -18.111914 ], [ 122.147461, -17.549023 ], [ 122.260938, -17.135742 ], [ 122.72041, -16.787695 ], [ 122.970703, -16.436816 ], [ 123.563086, -17.520898 ], [ 123.593555, -17.030371 ], [ 123.831055, -17.120801 ], [ 123.874414, -16.918652 ], [ 123.49043, -16.490723 ], [ 123.625977, -16.416309 ], [ 123.607031, -16.224023 ], [ 123.728906, -16.19248 ], [ 123.85918, -16.382324 ], [ 124.044434, -16.264941 ], [ 124.300391, -16.388281 ], [ 124.771973, -16.402637 ], [ 124.404883, -16.298926 ], [ 124.416406, -16.133496 ], [ 124.576855, -16.113672 ], [ 124.648535, -15.870215 ], [ 124.64834, -15.805469 ], [ 124.504297, -15.972461 ], [ 124.381641, -15.758203 ], [ 124.439551, -15.493555 ], [ 124.561621, -15.496289 ], [ 124.692578, -15.273633 ], [ 125.062988, -15.442285 ], [ 125.072949, -15.306738 ], [ 124.90918, -15.310059 ], [ 124.839063, -15.160742 ], [ 125.038184, -15.004102 ], [ 125.355664, -15.119824 ], [ 125.383789, -15.015625 ], [ 125.243262, -14.944531 ], [ 125.178711, -14.714746 ], [ 125.28457, -14.584082 ], [ 125.579785, -14.483203 ], [ 125.627734, -14.256641 ], [ 125.70459, -14.291406 ], [ 125.661621, -14.529492 ], [ 125.819531, -14.469141 ], [ 125.890625, -14.617969 ], [ 126.020703, -14.494531 ], [ 126.111328, -14.114063 ], [ 126.053906, -13.977246 ], [ 126.184277, -14.002051 ], [ 126.258496, -14.163574 ], [ 126.403125, -14.018945 ], [ 126.569727, -14.160938 ], [ 126.780664, -13.955176 ], [ 126.775586, -13.788477 ], [ 126.903223, -13.744141 ], [ 127.457617, -14.031445 ], [ 128.199414, -14.751758 ], [ 128.069434, -15.329297 ], [ 128.155469, -15.225586 ], [ 128.254688, -15.298535 ], [ 128.175, -15.043164 ], [ 128.575781, -14.774512 ], [ 129.058203, -14.884375 ], [ 129.21582, -15.160254 ], [ 129.267578, -14.871484 ], [ 129.458984, -14.933203 ], [ 129.634766, -15.139746 ], [ 129.637109, -14.850977 ], [ 129.84873, -14.828906 ], [ 129.604688, -14.64707 ], [ 129.697949, -14.557422 ], [ 129.378711, -14.39248 ], [ 129.709863, -13.97998 ], [ 129.838867, -13.572949 ], [ 130.259766, -13.302246 ], [ 130.134961, -13.145508 ], [ 130.168164, -12.957422 ], [ 130.317969, -12.88291 ], [ 130.399902, -12.687891 ], [ 130.61748, -12.646875 ], [ 130.622656, -12.431055 ], [ 130.867383, -12.557813 ], [ 130.873828, -12.367188 ], [ 131.023438, -12.342871 ], [ 131.019531, -12.213867 ], [ 131.219922, -12.17793 ], [ 131.291602, -12.067871 ], [ 131.438281, -12.276953 ], [ 132.064063, -12.280762 ], [ 132.253223, -12.186035 ], [ 132.411035, -12.295117 ], [ 132.510547, -12.134863 ], [ 132.712793, -12.123438 ], [ 132.630469, -12.035156 ], [ 132.674219, -11.649023 ], [ 132.475195, -11.491504 ], [ 132.133594, -11.500684 ], [ 131.822461, -11.302441 ], [ 131.961523, -11.180859 ], [ 132.155469, -11.311133 ], [ 132.333984, -11.223535 ], [ 132.682813, -11.505566 ], [ 132.961035, -11.407324 ], [ 133.185254, -11.705664 ], [ 133.904199, -11.832031 ], [ 134.417383, -12.052734 ], [ 134.730273, -11.984375 ], [ 135.029688, -12.19375 ], [ 135.217969, -12.22168 ], [ 135.922461, -11.825781 ], [ 135.704395, -12.209863 ], [ 136.008496, -12.191406 ], [ 136.081836, -12.422461 ], [ 136.260645, -12.433789 ], [ 136.328516, -12.305566 ], [ 136.270117, -12.131641 ], [ 136.540234, -11.957617 ], [ 136.609766, -12.133594 ], [ 136.897461, -12.243555 ], [ 136.947461, -12.349902 ], [ 136.537012, -12.784277 ], [ 136.594336, -13.003809 ], [ 136.461035, -13.225195 ], [ 136.294141, -13.137988 ], [ 135.927344, -13.304297 ], [ 135.954492, -13.934863 ], [ 135.883398, -14.153125 ], [ 135.405176, -14.758203 ], [ 135.45332, -14.923145 ], [ 136.205371, -15.403418 ], [ 136.291406, -15.570117 ], [ 136.704883, -15.685254 ], [ 136.784668, -15.894238 ], [ 137.002148, -15.87832 ], [ 137.703711, -16.233008 ], [ 138.24502, -16.718359 ], [ 139.009863, -16.899316 ], [ 139.248438, -17.328613 ], [ 140.03584, -17.702637 ], [ 140.511133, -17.624512 ], [ 140.830469, -17.414453 ], [ 141.411914, -16.069531 ], [ 141.625488, -15.056641 ], [ 141.522949, -14.470117 ], [ 141.594336, -14.152832 ], [ 141.472559, -13.797559 ], [ 141.64541, -13.259082 ], [ 141.613574, -12.943457 ], [ 141.929785, -12.739844 ], [ 141.852148, -12.578711 ], [ 141.677734, -12.491406 ], [ 141.688574, -12.351074 ], [ 141.870508, -11.975586 ], [ 141.961133, -12.054297 ], [ 142.168359, -10.946582 ], [ 142.456445, -10.707324 ], [ 142.605078, -10.748242 ], [ 142.552734, -10.874414 ], [ 142.779688, -11.115332 ], [ 142.872559, -11.821387 ], [ 143.178906, -11.954492 ] ] ] } },
{ "type": "Feature", "properties": { "scalerank": 0, "featurecla": "Land", "min_zoom": 0.5 }, "geometry": { "type": "Polygon", "coordinates": [ [ [ 178.187598, -17.312988 ], [ 178.591602, -17.651465 ], [ 178.667676, -18.080859 ], [ 177.955469, -18.264063 ], [ 177.321387, -18.077539 ], [ 177.263965, -17.863477 ], [ 177.504492, -17.539551 ], [ 177.817969, -17.388477 ], [ 178.187598, -17.312988 ] ] ] } },
{ "type": "Feature", "properties": { "scalerank": 0, "featurecla": "Land", "min_zoom": 1.0 }, "geometry": { "type": "Polygon", "coordinates": [ [ [ 164.040527, -20.172852 ], [ 164.435938, -20.282227 ], [ 165.191797, -20.768848 ], [ 165.662793, -21.267188 ], [ 166.942383, -22.090137 ], [ 166.970313, -22.322852 ], [ 166.774121, -22.376172 ], [ 166.467969, -22.256055 ], [ 164.927441, -21.289844 ], [ 164.374512, -20.739258 ], [ 164.040527, -20.172852 ] ] ] } },
{ "type": "Feature", "properties": { "scalerank": 0, "featurecla": "Land", "min_zoom": 1.0 }, "geometry": { "type": "Polygon", "coordinates": [ [ [ 127.732715, 0.848145 ], [ 127.881055, 0.832129 ], [ 127.967285, 1.042578 ], [ 128.160742, 1.157812 ], [ 128.222461, 1.400635 ], [ 128.688379, 1.572559 ], [ 128.702637, 1.106396 ], [ 128.298828, 0.876807 ], [ 128.260645, 0.733789 ], [ 128.61123, 0.549951 ], [ 128.691602, 0.360352 ], [ 128.899609, 0.21626 ], [ 127.983105, 0.471875 ], [ 127.887402, 0.29834 ], [ 127.977832, -0.24834 ], [ 128.425488, -0.892676 ], [ 128.046387, -0.706055 ], [ 127.691602, -0.241895 ], [ 127.708691, 0.288086 ], [ 127.537109, 0.610889 ], [ 127.608008, 0.848242 ], [ 127.428516, 1.13999 ], [ 127.631738, 1.843701 ], [ 128.036426, 2.199023 ], [ 127.886816, 1.832959 ], [ 128.010938, 1.701221 ], [ 128.011719, 1.331738 ], [ 127.652832, 1.013867 ], [ 127.732715, 0.848145 ] ] ] } },
{ "type": "Feature", "properties": { "scalerank": 0, "featurecla": "Land", "min_zoom": 0.5 }, "geometry": { "type": "Polygon", "coordinates": [ [ [ 69.052148, -49.081934 ], [ 69.592773, -48.970996 ], [ 69.644043, -49.117383 ], [ 69.405078, -49.181738 ], [ 69.542383, -49.255664 ], [ 70.320215, -49.058594 ], [ 70.484277, -49.083887 ], [ 70.555469, -49.201465 ], [ 70.386133, -49.433984 ], [ 70.16582, -49.342969 ], [ 69.759961, -49.430176 ], [ 69.986426, -49.581641 ], [ 70.16582, -49.509375 ], [ 70.307129, -49.583496 ], [ 70.124316, -49.704395 ], [ 69.153125, -49.529687 ], [ 68.992969, -49.70498 ], [ 68.814746, -49.699609 ], [ 68.87207, -49.444336 ], [ 68.798828, -49.231641 ], [ 68.883398, -49.164941 ], [ 68.769531, -49.065918 ], [ 69.002441, -48.66123 ], [ 69.136133, -48.861035 ], [ 69.052148, -49.081934 ] ] ] } },
{ "type": "Feature", "properties": { "scalerank": 0, "featurecla": "Land", "min_zoom": 1.5 }, "geometry": { "type": "Polygon", "coordinates": [ [ [ 63.373828, 80.700098 ], [ 62.520313, 80.821875 ], [ 63.11582, 80.966797 ], [ 64.095703, 80.99834 ], [ 64.310156, 81.175195 ], [ 64.575391, 81.198486 ], [ 65.171973, 81.144043 ], [ 65.382031, 81.056738 ], [ 65.437402, 80.930713 ], [ 64.54834, 80.75542 ], [ 63.373828, 80.700098 ] ] ] } },
{ "type": "Feature", "properties": { "scalerank": 0, "featurecla": "Land", "min_zoom": 0.0 }, "geometry": { "type": "Polygon", "coordinates": [ [ [ -25.432324, 70.921338 ], [ -25.467773, 70.779687 ], [ -25.346338, 70.693311 ], [ -25.402246, 70.652686 ], [ -26.217871, 70.454053 ], [ -26.604687, 70.553369 ], [ -28.035254, 70.486816 ], [ -27.714209, 70.712793 ], [ -27.708936, 70.897119 ], [ -27.617236, 70.91377 ], [ -26.621777, 70.875635 ], [ -25.818896, 71.043652 ], [ -25.432324, 70.921338 ] ] ] } },
{ "type": "Feature", "properties": { "scalerank": 0, "featurecla": "Land", "min_zoom": 1.0 }, "geometry": { "type": "Polygon", "coordinates": [ [ [ 118.434961, 9.256006 ], [ 117.218555, 8.367285 ], [ 117.349902, 8.713574 ], [ 117.884766, 9.240674 ], [ 118.114844, 9.34668 ], [ 119.223828, 10.477295 ], [ 119.305664, 10.973633 ], [ 119.50127, 11.346436 ], [ 119.55332, 11.313525 ], [ 119.52666, 10.953174 ], [ 119.686914, 10.500342 ], [ 119.369336, 10.327295 ], [ 119.191504, 10.061084 ], [ 118.782129, 9.916113 ], [ 118.773828, 9.766797 ], [ 118.434961, 9.256006 ] ] ] } },
{ "type": "Feature", "properties": { "scalerank": 0, "featurecla": "Land", "min_zoom": 1.0 }, "geometry": { "type": "Polygon", "coordinates": [ [ [ 122.496191, 11.615088 ], [ 122.838086, 11.595654 ], [ 122.93125, 11.529297 ], [ 122.894531, 11.441309 ], [ 123.158301, 11.535547 ], [ 123.119531, 11.286816 ], [ 122.80293, 10.990039 ], [ 122.769922, 10.823828 ], [ 121.954004, 10.444385 ], [ 122.103516, 11.64292 ], [ 121.891211, 11.790869 ], [ 121.916016, 11.854346 ], [ 122.029199, 11.89541 ], [ 122.496191, 11.615088 ] ] ] } },
{ "type": "Feature", "properties": { "scalerank": 0, "featurecla": "Land", "min_zoom": 1.0 }, "geometry": { "type": "Polygon", "coordinates": [ [ [ 123.130859, 9.064111 ], [ 122.994727, 9.058838 ], [ 122.866602, 9.319824 ], [ 122.5625, 9.482812 ], [ 122.399512, 9.823047 ], [ 122.471484, 9.961523 ], [ 122.855566, 10.086914 ], [ 122.816992, 10.503809 ], [ 122.983301, 10.886621 ], [ 123.256641, 10.993945 ], [ 123.510645, 10.923047 ], [ 123.567578, 10.780762 ], [ 123.162012, 9.864258 ], [ 123.149805, 9.606152 ], [ 123.320508, 9.272949 ], [ 123.130859, 9.064111 ] ] ] } },
{ "type": "Feature", "properties": { "scalerank": 0, "featurecla": "Land", "min_zoom": 0.0 }, "geometry": { "type": "Polygon", "coordinates": [ [ [ 124.574609, 11.343066 ], [ 124.92998, 11.372852 ], [ 125.026563, 11.211719 ], [ 125.013184, 10.785693 ], [ 125.16416, 10.637451 ], [ 125.268457, 10.307715 ], [ 125.142578, 10.189453 ], [ 124.9875, 10.367578 ], [ 125.026563, 10.033105 ], [ 124.780762, 10.168066 ], [ 124.786719, 10.781396 ], [ 124.662695, 10.961963 ], [ 124.445508, 10.923584 ], [ 124.330664, 11.535205 ], [ 124.574609, 11.343066 ] ] ] } },
{ "type": "Feature", "properties": { "scalerank": 0, "featurecla": "Land", "min_zoom": 0.0 }, "geometry": { "type": "Polygon", "coordinates": [ [ [ 125.239551, 12.527881 ], [ 125.320215, 12.321826 ], [ 125.535645, 12.191406 ], [ 125.456543, 11.952539 ], [ 125.491797, 11.594336 ], [ 125.573535, 11.238232 ], [ 125.735645, 11.049609 ], [ 125.628125, 11.132031 ], [ 125.233398, 11.145068 ], [ 125.034277, 11.34126 ], [ 124.916992, 11.558398 ], [ 124.99502, 11.764941 ], [ 124.445703, 12.152783 ], [ 124.294727, 12.569336 ], [ 125.239551, 12.527881 ] ] ] } },
{ "type": "Feature", "properties": { "scalerank": 0, "featurecla": "Land", "min_zoom": 1.5 }, "geometry": { "type": "Polygon", "coordinates": [ [ [ 120.40127, 13.517041 ], [ 121.202734, 13.432324 ], [ 121.522754, 13.131201 ], [ 121.540625, 12.638184 ], [ 121.394336, 12.300586 ], [ 121.236719, 12.218799 ], [ 120.922168, 12.511621 ], [ 120.651367, 13.169141 ], [ 120.338477, 13.412354 ], [ 120.40127, 13.517041 ] ] ] } },
{ "type": "Feature", "properties": { "scalerank": 0, "featurecla": "Land", "min_zoom": 1.0 }, "geometry": { "type": "Polygon", "coordinates": [ [ [ 155.957617, -6.686816 ], [ 155.914941, -6.79668 ], [ 155.719336, -6.862793 ], [ 155.344043, -6.72168 ], [ 155.208594, -6.526855 ], [ 155.202148, -6.307617 ], [ 154.759277, -5.931348 ], [ 154.729297, -5.444434 ], [ 155.093848, -5.620215 ], [ 155.466992, -6.145117 ], [ 155.822559, -6.380469 ], [ 155.957617, -6.686816 ] ] ] } },
{ "type": "Feature", "properties": { "scalerank": 0, "featurecla": "Land", "min_zoom": 1.5 }, "geometry": { "type": "Polygon", "coordinates": [ [ [ 153.13252, -4.352441 ], [ 152.891699, -4.832422 ], [ 152.739941, -4.63584 ], [ 152.668164, -4.131836 ], [ 152.279395, -3.582422 ], [ 151.066797, -2.829004 ], [ 150.746094, -2.738867 ], [ 150.826465, -2.712891 ], [ 150.825391, -2.572949 ], [ 151.226465, -2.870313 ], [ 152.03291, -3.251367 ], [ 153.016797, -4.105664 ], [ 153.13252, -4.352441 ] ] ] } },
{ "type": "Feature", "properties": { "scalerank": 0, "featurecla": "Land", "min_zoom": 0.5 }, "geometry": { "type": "Polygon", "coordinates": [ [ [ 138.785938, -8.059082 ], [ 138.296289, -8.405176 ], [ 137.650391, -8.386133 ], [ 138.081836, -7.566211 ], [ 138.295508, -7.438477 ], [ 138.769824, -7.39043 ], [ 138.989063, -7.696094 ], [ 138.785938, -8.059082 ] ] ] } },
{ "type": "Feature", "properties": { "scalerank": 0, "featurecla": "Land", "min_zoom": 1.0 }, "geometry": { "type": "Polygon", "coordinates": [ [ [ 129.48418, -2.785742 ], [ 129.984375, -2.97666 ], [ 130.379102, -2.989355 ], [ 130.569922, -3.130859 ], [ 130.859961, -3.570312 ], [ 130.805078, -3.857715 ], [ 129.844141, -3.327148 ], [ 129.511719, -3.328516 ], [ 129.467676, -3.453223 ], [ 128.8625, -3.234961 ], [ 128.516602, -3.449121 ], [ 128.132031, -3.157422 ], [ 127.902344, -3.496289 ], [ 127.87793, -3.22207 ], [ 128.198535, -2.865918 ], [ 128.991113, -2.828516 ], [ 129.174414, -2.933496 ], [ 129.48418, -2.785742 ] ] ] } },
{ "type": "Feature", "properties": { "scalerank": 0, "featurecla": "Land", "min_zoom": 1.5 }, "geometry": { "type": "Polygon", "coordinates": [ [ [ 126.861133, -3.087891 ], [ 127.227344, -3.391016 ], [ 127.22959, -3.633008 ], [ 126.686328, -3.823633 ], [ 126.214551, -3.605176 ], [ 126.056543, -3.420996 ], [ 126.088281, -3.105469 ], [ 126.861133, -3.087891 ] ] ] } },
{ "type": "Feature", "properties": { "scalerank": 0, "featurecla": "Land", "min_zoom": 1.0 }, "geometry": { "type": "Polygon", "coordinates": [ [ [ 122.78291, -8.611719 ], [ 121.651367, -8.89873 ], [ 121.414648, -8.814844 ], [ 121.32832, -8.916895 ], [ 121.035254, -8.935449 ], [ 120.550488, -8.801855 ], [ 120.120898, -8.776953 ], [ 119.909375, -8.857617 ], [ 119.80791, -8.697656 ], [ 119.874805, -8.419824 ], [ 120.610254, -8.24043 ], [ 121.444531, -8.577832 ], [ 121.966504, -8.455176 ], [ 122.323242, -8.62832 ], [ 122.850488, -8.304395 ], [ 122.919141, -8.221875 ], [ 122.758594, -8.185938 ], [ 122.916992, -8.105566 ], [ 123.005957, -8.329102 ], [ 122.78291, -8.611719 ] ] ] } },
{ "type": "Feature", "properties": { "scalerank": 0, "featurecla": "Land", "min_zoom": 1.5 }, "geometry": { "type": "Polygon", "coordinates": [ [ [ 119.94209, -9.301465 ], [ 120.291113, -9.647852 ], [ 120.555566, -9.719043 ], [ 120.784473, -9.957031 ], [ 120.804199, -10.108496 ], [ 120.43916, -10.294043 ], [ 120.255469, -10.242285 ], [ 119.601074, -9.773535 ], [ 119.085449, -9.706934 ], [ 118.958789, -9.519336 ], [ 119.295898, -9.367188 ], [ 119.795117, -9.380469 ], [ 119.94209, -9.301465 ] ] ] } },
{ "type": "Feature", "properties": { "scalerank": 0, "featurecla": "Land", "min_zoom": 1.0 }, "geometry": { "type": "Polygon", "coordinates": [ [ [ 118.242383, -8.317773 ], [ 118.611914, -8.280664 ], [ 118.713867, -8.414941 ], [ 118.926172, -8.297656 ], [ 119.129687, -8.668164 ], [ 118.745898, -8.735449 ], [ 118.832617, -8.833398 ], [ 118.478613, -8.856445 ], [ 118.378906, -8.674609 ], [ 118.189941, -8.840527 ], [ 117.061328, -9.099023 ], [ 116.788477, -9.006348 ], [ 116.835059, -8.532422 ], [ 117.164844, -8.367188 ], [ 117.56709, -8.426367 ], [ 117.806055, -8.711133 ], [ 117.969531, -8.728027 ], [ 118.234863, -8.591895 ], [ 117.814844, -8.34209 ], [ 117.755273, -8.149512 ], [ 118.11748, -8.122266 ], [ 118.242383, -8.317773 ] ] ] } },
{ "type": "Feature", "properties": { "scalerank": 0, "featurecla": "Land", "min_zoom": 2.0 }, "geometry": { "type": "Polygon", "coordinates": [ [ [ 105.910059, -1.50498 ], [ 106.365918, -2.464844 ], [ 106.818457, -2.57334 ], [ 106.612012, -2.895508 ], [ 106.667188, -3.071777 ], [ 105.99873, -2.824902 ], [ 105.78584, -2.181348 ], [ 105.133398, -2.042578 ], [ 105.374805, -1.813184 ], [ 105.45957, -1.574707 ], [ 105.585449, -1.526758 ], [ 105.700879, -1.731055 ], [ 105.72041, -1.533887 ], [ 105.910059, -1.50498 ] ] ] } },
{ "type": "Feature", "properties": { "scalerank": 0, "featurecla": "Land", "min_zoom": 1.0 }, "geometry": { "type": "Polygon", "coordinates": [ [ [ 20.22793, 78.477832 ], [ 22.043164, 78.576953 ], [ 22.299512, 78.228174 ], [ 22.988867, 78.251953 ], [ 23.451953, 78.149463 ], [ 23.151953, 78.088086 ], [ 23.116699, 77.991504 ], [ 24.901855, 77.756592 ], [ 24.129785, 77.658252 ], [ 23.736133, 77.462354 ], [ 22.801758, 77.275781 ], [ 22.426953, 77.315918 ], [ 22.44248, 77.429346 ], [ 22.685352, 77.553516 ], [ 20.928125, 77.459668 ], [ 20.873145, 77.565332 ], [ 21.201074, 77.619482 ], [ 21.653125, 77.923535 ], [ 21.035449, 78.05918 ], [ 20.52832, 78.325586 ], [ 20.560254, 78.419385 ], [ 20.22793, 78.477832 ] ] ] } },
{ "type": "Feature", "properties": { "scalerank": 0, "featurecla": "Land", "min_zoom": 1.5 }, "geometry": { "type": "Polygon", "coordinates": [ [ [ 59.71582, 80.836377 ], [ 62.227734, 80.794385 ], [ 62.075781, 80.616943 ], [ 61.05127, 80.418604 ], [ 60.27832, 80.494434 ], [ 59.649805, 80.43125 ], [ 59.288184, 80.572656 ], [ 59.386523, 80.712549 ], [ 59.71582, 80.836377 ] ] ] } },
{ "type": "Feature", "properties": { "scalerank": 0, "featurecla": "Land", "min_zoom": 1.0 }, "geometry": { "type": "Polygon", "coordinates": [ [ [ 47.441992, 80.853662 ], [ 48.445703, 80.806006 ], [ 48.686523, 80.717773 ], [ 48.683594, 80.633252 ], [ 47.705273, 80.765186 ], [ 47.303906, 80.606201 ], [ 46.141406, 80.446729 ], [ 45.969043, 80.569482 ], [ 44.90498, 80.611279 ], [ 47.441992, 80.853662 ] ] ] } },
{ "type": "Feature", "properties": { "scalerank": 0, "featurecla": "Land", "min_zoom": 1.0 }, "geometry": { "type": "Polygon", "coordinates": [ [ [ 49.244336, 80.821387 ], [ 50.801074, 80.91416 ], [ 51.703613, 80.687646 ], [ 50.96084, 80.540479 ], [ 49.845996, 80.497656 ], [ 49.585938, 80.376563 ], [ 48.896094, 80.369189 ], [ 48.677051, 80.300049 ], [ 48.95957, 80.265674 ], [ 48.977539, 80.162598 ], [ 48.581738, 80.195361 ], [ 48.38623, 80.095801 ], [ 47.737305, 80.081689 ], [ 47.632422, 80.111963 ], [ 47.977539, 80.212549 ], [ 46.991016, 80.182764 ], [ 46.644434, 80.300342 ], [ 47.895801, 80.529053 ], [ 49.087793, 80.515771 ], [ 49.185254, 80.558643 ], [ 49.147461, 80.712109 ], [ 49.244336, 80.821387 ] ] ] } },
{ "type": "Feature", "properties": { "scalerank": 0, "featurecla": "Land", "min_zoom": 2.0 }, "geometry": { "type": "Polygon", "coordinates": [ [ [ 50.265234, 69.185596 ], [ 50.220605, 69.048779 ], [ 50.093945, 69.125537 ], [ 49.62627, 68.859717 ], [ 48.910352, 68.743066 ], [ 48.439063, 68.804883 ], [ 48.278809, 69.040332 ], [ 48.413867, 69.345654 ], [ 48.95332, 69.509277 ], [ 49.225195, 69.51123 ], [ 50.265234, 69.185596 ] ] ] } },
{ "type": "Feature", "properties": { "scalerank": 0, "featurecla": "Land", "min_zoom": 2.0 }, "geometry": { "type": "Polygon", "coordinates": [ [ [ 60.450488, 69.934863 ], [ 60.440234, 69.725928 ], [ 59.724609, 69.706201 ], [ 59.502637, 69.866211 ], [ 58.952734, 69.892773 ], [ 58.473047, 70.266846 ], [ 59.048047, 70.460498 ], [ 60.450488, 69.934863 ] ] ] } },
{ "type": "Feature", "properties": { "scalerank": 0, "featurecla": "Land", "min_zoom": 2.0 }, "geometry": { "type": "Polygon", "coordinates": [ [ [ 71.630469, 73.224805 ], [ 69.920117, 73.084521 ], [ 69.995898, 73.359375 ], [ 70.35, 73.477637 ], [ 71.023242, 73.504199 ], [ 71.630469, 73.224805 ] ] ] } },
{ "type": "Feature", "properties": { "scalerank": 0, "featurecla": "Land", "min_zoom": 2.0 }, "geometry": { "type": "Polygon", "coordinates": [ [ [ 92.683496, 79.685205 ], [ 92.153711, 79.684668 ], [ 91.070312, 79.981494 ], [ 92.173438, 80.045459 ], [ 93.803125, 79.904541 ], [ 92.683496, 79.685205 ] ] ] } },
{ "type": "Feature", "properties": { "scalerank": 0, "featurecla": "Land", "min_zoom": 2.0 }, "geometry": { "type": "Polygon", "coordinates": [ [ [ 113.387207, 74.400439 ], [ 112.782422, 74.095068 ], [ 112.105078, 74.163232 ], [ 111.503418, 74.353076 ], [ 111.879785, 74.363818 ], [ 112.084473, 74.548975 ], [ 113.387207, 74.400439 ] ] ] } },
{ "type": "Feature", "properties": { "scalerank": 0, "featurecla": "Land", "min_zoom": 1.0 }, "geometry": { "type": "Polygon", "coordinates": [ [ [ 23.852246, 35.535449 ], [ 24.166016, 35.595215 ], [ 24.108984, 35.495801 ], [ 24.354004, 35.359473 ], [ 24.721289, 35.424805 ], [ 25.475684, 35.306201 ], [ 25.730176, 35.348584 ], [ 25.791309, 35.122852 ], [ 26.320215, 35.315137 ], [ 26.165625, 35.018604 ], [ 24.799805, 34.934473 ], [ 24.708887, 35.089062 ], [ 24.463672, 35.160352 ], [ 23.592773, 35.257227 ], [ 23.569824, 35.534766 ], [ 23.672656, 35.513916 ], [ 23.736914, 35.655518 ], [ 23.852246, 35.535449 ] ] ] } },
{ "type": "Feature", "properties": { "scalerank": 0, "featurecla": "Land", "min_zoom": 1.0 }, "geometry": { "type": "Polygon", "coordinates": [ [ [ 34.556055, 35.662061 ], [ 33.941992, 35.292041 ], [ 33.90791, 35.202393 ], [ 34.050195, 34.988379 ], [ 33.699414, 34.969873 ], [ 33.414941, 34.750879 ], [ 33.062305, 34.674805 ], [ 33.00791, 34.56958 ], [ 32.449023, 34.729443 ], [ 32.317188, 34.95332 ], [ 32.300977, 35.082959 ], [ 32.879883, 35.180566 ], [ 32.941602, 35.39043 ], [ 33.607617, 35.35415 ], [ 34.556055, 35.662061 ] ] ] } },
{ "type": "Feature", "properties": { "scalerank": 0, "featurecla": "Land", "min_zoom": 1.0 }, "geometry": { "type": "Polygon", "coordinates": [ [ [ 12.578711, 56.064062 ], [ 12.545215, 55.655811 ], [ 12.215039, 55.466504 ], [ 12.413086, 55.286182 ], [ 12.089941, 55.188135 ], [ 12.050391, 54.815332 ], [ 11.862305, 54.772607 ], [ 11.653809, 55.186914 ], [ 11.286328, 55.204443 ], [ 11.120996, 55.600732 ], [ 10.978906, 55.721533 ], [ 11.322266, 55.752539 ], [ 11.474707, 55.943457 ], [ 11.627734, 55.956885 ], [ 11.690918, 55.729004 ], [ 11.819727, 55.697656 ], [ 11.93457, 55.895898 ], [ 11.866406, 55.968164 ], [ 12.218945, 56.118652 ], [ 12.578711, 56.064062 ] ] ] } },
{ "type": "Feature", "properties": { "scalerank": 0, "featurecla": "Land", "min_zoom": 1.0 }, "geometry": { "type": "Polygon", "coordinates": [ [ [ -120.55625, -73.756055 ], [ -120.272461, -73.98916 ], [ -120.989502, -74.157031 ], [ -121.002441, -74.326367 ], [ -122.286621, -74.403125 ], [ -122.938428, -74.302051 ], [ -122.956055, -74.240332 ], [ -122.764746, -74.218652 ], [ -122.880762, -74.099023 ], [ -122.624707, -73.965527 ], [ -123.346191, -73.843066 ], [ -123.0125, -73.672949 ], [ -120.55625, -73.756055 ] ] ] } },
{ "type": "Feature", "properties": { "scalerank": 0, "featurecla": "Land", "min_zoom": 1.0 }, "geometry": { "type": "Polygon", "coordinates": [ [ [ -126.329883, -73.28623 ], [ -125.735791, -73.405664 ], [ -125.263965, -73.666406 ], [ -125.857031, -73.780176 ], [ -124.993408, -73.829785 ], [ -124.53999, -73.739746 ], [ -124.042041, -73.880371 ], [ -124.151807, -73.944238 ], [ -123.800439, -74.07627 ], [ -123.836719, -74.225684 ], [ -125.089551, -74.182422 ], [ -126.244092, -73.890918 ], [ -126.582666, -73.669922 ], [ -127.211621, -73.724414 ], [ -127.23291, -73.585547 ], [ -127.429053, -73.446875 ], [ -127.267627, -73.304004 ], [ -126.329883, -73.28623 ] ] ] } },
{ "type": "Feature", "properties": { "scalerank": 0, "featurecla": "Land", "min_zoom": 2.0 }, "geometry": { "type": "Polygon", "coordinates": [ [ [ -66.173633, -80.077832 ], [ -66.904199, -79.908887 ], [ -66.993652, -79.793359 ], [ -67.80874, -79.545898 ], [ -66.01416, -79.624414 ], [ -65.870312, -79.737695 ], [ -65.579248, -79.770801 ], [ -65.504443, -79.954297 ], [ -66.173633, -80.077832 ] ] ] } },
{ "type": "Feature", "properties": { "scalerank": 0, "featurecla": "Land", "min_zoom": 2.0 }, "geometry": { "type": "Polygon", "coordinates": [ [ [ -73.706641, -70.635156 ], [ -73.550342, -70.723438 ], [ -74.805811, -71.012305 ], [ -76.271289, -71.132812 ], [ -76.511523, -70.99082 ], [ -76.248877, -70.86377 ], [ -75.126953, -70.751758 ], [ -74.953613, -70.590234 ], [ -74.589697, -70.791992 ], [ -74.400977, -70.575879 ], [ -73.706641, -70.635156 ] ] ] } },
{ "type": "Feature", "properties": { "scalerank": 0, "featurecla": "Land", "min_zoom": 1.0 }, "geometry": { "type": "Polygon", "coordinates": [ [ [ -98.091113, -71.9125 ], [ -98.167969, -72.123047 ], [ -97.923145, -72.116602 ], [ -97.816016, -71.918848 ], [ -97.584766, -71.882617 ], [ -97.473486, -72.000293 ], [ -97.581982, -72.095117 ], [ -97.345215, -72.189063 ], [ -96.869434, -71.850977 ], [ -96.38335, -71.836328 ], [ -96.125, -71.895508 ], [ -96.298193, -72.045117 ], [ -96.978906, -72.221875 ], [ -96.717578, -72.255469 ], [ -95.6854, -72.056641 ], [ -95.531055, -72.24873 ], [ -95.575391, -72.409961 ], [ -96.078174, -72.453809 ], [ -96.051758, -72.577246 ], [ -98.163428, -72.556055 ], [ -100.195215, -72.272656 ], [ -102.022119, -72.184961 ], [ -102.313623, -72.081055 ], [ -102.128125, -71.985449 ], [ -100.218652, -71.83291 ], [ -99.783984, -72.044336 ], [ -98.61543, -71.76377 ], [ -98.18916, -71.82002 ], [ -98.091113, -71.9125 ] ] ] } },
{ "type": "Feature", "properties": { "scalerank": 0, "featurecla": "Land", "min_zoom": 2.0 }, "geometry": { "type": "Polygon", "coordinates": [ [ [ -74.223877, -72.99707 ], [ -74.667676, -73.275293 ], [ -74.366113, -73.464258 ], [ -74.574658, -73.611328 ], [ -75.90083, -73.332617 ], [ -76.096387, -73.150488 ], [ -75.897656, -73.056348 ], [ -75.276221, -73.050391 ], [ -75.731055, -72.879297 ], [ -75.376855, -72.82041 ], [ -74.335547, -72.918945 ], [ -74.223877, -72.99707 ] ] ] } },
{ "type": "Feature", "properties": { "scalerank": 0, "featurecla": "Land", "min_zoom": 2.0 }, "geometry": { "type": "Polygon", "coordinates": [ [ [ -67.988477, -67.474414 ], [ -68.818311, -67.753418 ], [ -69.138037, -67.515234 ], [ -68.335938, -66.802051 ], [ -67.711133, -66.633008 ], [ -67.681152, -66.708984 ], [ -67.932373, -66.844531 ], [ -67.968408, -67.032227 ], [ -67.687842, -67.147363 ], [ -68.235107, -67.371973 ], [ -67.988477, -67.474414 ] ] ] } },
{ "type": "Feature", "properties": { "scalerank": 0, "featurecla": "Land", "min_zoom": 0.0 }, "geometry": { "type": "Polygon", "coordinates": [ [ [ -180.0, 71.537744 ], [ -178.353564, 71.529199 ], [ -177.498486, 71.219141 ], [ -177.821777, 71.067578 ], [ -179.156885, 70.939844 ], [ -180.0, 70.993018 ], [ -180.0, 71.537744 ] ] ] } },
{ "type": "Feature", "properties": { "scalerank": 0, "featurecla": "Land", "min_zoom": 0.5 }, "geometry": { "type": "Polygon", "coordinates": [ [ [ -58.850195, -51.269922 ], [ -58.42583, -51.324219 ], [ -58.378711, -51.373047 ], [ -58.508936, -51.483594 ], [ -58.271582, -51.574707 ], [ -58.259229, -51.41709 ], [ -57.976514, -51.384375 ], [ -57.808496, -51.517969 ], [ -57.960449, -51.583203 ], [ -57.791797, -51.636133 ], [ -58.683496, -51.93623 ], [ -58.652783, -52.099219 ], [ -59.19585, -52.017676 ], [ -59.068018, -52.173047 ], [ -59.341504, -52.195996 ], [ -59.395654, -52.308008 ], [ -59.532227, -52.236426 ], [ -59.64873, -52.134375 ], [ -59.570801, -51.925391 ], [ -59.059521, -51.685449 ], [ -59.096631, -51.491406 ], [ -58.850195, -51.269922 ] ] ] } },
{ "type": "Feature", "properties": { "scalerank": 0, "featurecla": "Land", "min_zoom": 0.0 }, "geometry": { "type": "Polygon", "coordinates": [ [ [ -73.773389, -43.345898 ], [ -74.114404, -43.35791 ], [ -74.387354, -43.231641 ], [ -74.209473, -42.878711 ], [ -74.03667, -41.795508 ], [ -73.527832, -41.896289 ], [ -73.4229, -42.192871 ], [ -73.532812, -42.314453 ], [ -73.470801, -42.466309 ], [ -73.789258, -42.585742 ], [ -73.436328, -42.936523 ], [ -73.749658, -43.159082 ], [ -73.773389, -43.345898 ] ] ] } },
{ "type": "Feature", "properties": { "scalerank": 0, "featurecla": "Land", "min_zoom": 0.5 }, "geometry": { "type": "Polygon", "coordinates": [ [ [ -60.28623, -51.461914 ], [ -59.387598, -51.359961 ], [ -59.268066, -51.427539 ], [ -59.921387, -51.969531 ], [ -60.246338, -51.986426 ], [ -60.384229, -52.154004 ], [ -60.686377, -52.188379 ], [ -60.961426, -52.057324 ], [ -60.238477, -51.771973 ], [ -60.58252, -51.712695 ], [ -60.245166, -51.638867 ], [ -60.568457, -51.357812 ], [ -60.28623, -51.461914 ] ] ] } },
{ "type": "Feature", "properties": { "scalerank": 0, "featurecla": "Land", "min_zoom": 0.0 }, "geometry": { "type": "Polygon", "coordinates": [ [ [ -74.546094, -48.766895 ], [ -74.52207, -49.622949 ], [ -74.458838, -49.691113 ], [ -74.594727, -50.006641 ], [ -74.762988, -50.011426 ], [ -74.88042, -49.725879 ], [ -74.723828, -49.423828 ], [ -74.960107, -49.533008 ], [ -75.066016, -49.852344 ], [ -75.549805, -49.791309 ], [ -75.520752, -49.62168 ], [ -75.337061, -49.628223 ], [ -75.305859, -49.494043 ], [ -75.46748, -49.358887 ], [ -75.086035, -49.270215 ], [ -75.210156, -49.148047 ], [ -74.949219, -48.960156 ], [ -74.980762, -48.818848 ], [ -74.89624, -48.733203 ], [ -74.546094, -48.766895 ] ] ] } },
{ "type": "Feature", "properties": { "scalerank": 0, "featurecla": "Land", "min_zoom": 1.0 }, "geometry": { "type": "Polygon", "coordinates": [ [ [ -61.696143, 49.139014 ], [ -63.041504, 49.224951 ], [ -63.565869, 49.399316 ], [ -63.776611, 49.602002 ], [ -64.485205, 49.886963 ], [ -64.131445, 49.94165 ], [ -62.858545, 49.705469 ], [ -61.817139, 49.283545 ], [ -61.696143, 49.139014 ] ] ] } },
{ "type": "Feature", "properties": { "scalerank": 0, "featurecla": "Land", "min_zoom": 1.0 }, "geometry": { "type": "Polygon", "coordinates": [ [ [ -61.105176, 45.944727 ], [ -60.865234, 45.983496 ], [ -61.037549, 45.882227 ], [ -60.971533, 45.837988 ], [ -61.059033, 45.703369 ], [ -60.737891, 45.751416 ], [ -60.460596, 45.968701 ], [ -60.733301, 45.956592 ], [ -60.297949, 46.31123 ], [ -60.226465, 46.195557 ], [ -59.865039, 46.159521 ], [ -59.934033, 46.019434 ], [ -59.828027, 45.965137 ], [ -60.672949, 45.59082 ], [ -61.283691, 45.573877 ], [ -61.449805, 45.716211 ], [ -61.495312, 45.941455 ], [ -61.408643, 46.170361 ], [ -60.870166, 46.796777 ], [ -60.489062, 47.009717 ], [ -60.408203, 47.003516 ], [ -60.331738, 46.767822 ], [ -60.494531, 46.270264 ], [ -61.105176, 45.944727 ] ] ] } },
{ "type": "Feature", "properties": { "scalerank": 0, "featurecla": "Land", "min_zoom": 1.5 }, "geometry": { "type": "Polygon", "coordinates": [ [ [ -171.746387, 63.703076 ], [ -170.874609, 63.593994 ], [ -170.43042, 63.698828 ], [ -169.554541, 63.373486 ], [ -168.716016, 63.310596 ], [ -168.852393, 63.17124 ], [ -169.364697, 63.171143 ], [ -169.676367, 62.956104 ], [ -169.818604, 63.122363 ], [ -170.5271, 63.379297 ], [ -170.954053, 63.45293 ], [ -171.519141, 63.331982 ], [ -171.790967, 63.424707 ], [ -171.746387, 63.703076 ] ] ] } },
{ "type": "Feature", "properties": { "scalerank": 0, "featurecla": "Land", "min_zoom": 1.5 }, "geometry": { "type": "Polygon", "coordinates": [ [ [ -166.475684, 60.382764 ], [ -165.729688, 60.314209 ], [ -165.712354, 60.069336 ], [ -165.591797, 59.913135 ], [ -166.099854, 59.849609 ], [ -166.14873, 59.764111 ], [ -167.138867, 60.008545 ], [ -167.436426, 60.206641 ], [ -166.836328, 60.216992 ], [ -166.475684, 60.382764 ] ] ] } },
{ "type": "Feature", "properties": { "scalerank": 0, "featurecla": "Land", "min_zoom": 0.0 }, "geometry": { "type": "Polygon", "coordinates": [ [ [ -163.476025, 54.980713 ], [ -163.378955, 54.815527 ], [ -163.083252, 54.668994 ], [ -163.358105, 54.735693 ], [ -163.583008, 54.625684 ], [ -164.073291, 54.620996 ], [ -164.59082, 54.404346 ], [ -164.823438, 54.419092 ], [ -164.903955, 54.544775 ], [ -164.478613, 54.906836 ], [ -163.807129, 55.049072 ], [ -163.476025, 54.980713 ] ] ] } },
{ "type": "Feature", "properties": { "scalerank": 0, "featurecla": "Land", "min_zoom": 1.0 }, "geometry": { "type": "Polygon", "coordinates": [ [ [ -77.261475, 18.457422 ], [ -76.349854, 18.151855 ], [ -76.210791, 17.913525 ], [ -76.524609, 17.866211 ], [ -76.853223, 17.97373 ], [ -76.944141, 17.848779 ], [ -77.119482, 17.880078 ], [ -77.20498, 17.714941 ], [ -77.361426, 17.833691 ], [ -77.768164, 17.877393 ], [ -78.044482, 18.173828 ], [ -78.339502, 18.287207 ], [ -78.216699, 18.448096 ], [ -77.873437, 18.522217 ], [ -77.261475, 18.457422 ] ] ] } },
{ "type": "Feature", "properties": { "scalerank": 0, "featurecla": "Land", "min_zoom": 1.0 }, "geometry": { "type": "Polygon", "coordinates": [ [ [ -67.158643, 18.499219 ], [ -65.628809, 18.381396 ], [ -65.62085, 18.242334 ], [ -65.970801, 17.974365 ], [ -67.196875, 17.994189 ], [ -67.172461, 18.224219 ], [ -67.264062, 18.3646 ], [ -67.158643, 18.499219 ] ] ] } },
{ "type": "Feature", "properties": { "scalerank": 0, "featurecla": "Land", "min_zoom": 1.0 }, "geometry": { "type": "Polygon", "coordinates": [ [ [ -152.898047, 57.823926 ], [ -152.42876, 57.825684 ], [ -152.482617, 57.70332 ], [ -152.216211, 57.577002 ], [ -152.412207, 57.454785 ], [ -152.940771, 57.498096 ], [ -152.997461, 57.468945 ], [ -152.781348, 57.453418 ], [ -152.679053, 57.345117 ], [ -153.732568, 57.052344 ], [ -153.643311, 56.960742 ], [ -153.972705, 56.774219 ], [ -154.07085, 56.820654 ], [ -153.793213, 56.989502 ], [ -154.102979, 57.02124 ], [ -154.035059, 57.121826 ], [ -154.24375, 57.143018 ], [ -154.381104, 57.096533 ], [ -154.184326, 57.005322 ], [ -154.338965, 56.920898 ], [ -154.705957, 57.335352 ], [ -154.535303, 57.559424 ], [ -154.116162, 57.651221 ], [ -153.687695, 57.305127 ], [ -153.838135, 57.63584 ], [ -153.693164, 57.663428 ], [ -153.906104, 57.790771 ], [ -153.841553, 57.862842 ], [ -153.487939, 57.730957 ], [ -153.21748, 57.795752 ], [ -153.160449, 57.971973 ], [ -152.850391, 57.896777 ], [ -152.898047, 57.823926 ] ] ] } },
{ "type": "Feature", "properties": { "scalerank": 0, "featurecla": "Land", "min_zoom": 1.0 }, "geometry": { "type": "Polygon", "coordinates": [ [ [ -133.566113, 56.339209 ], [ -133.202979, 56.319824 ], [ -133.096631, 56.090039 ], [ -132.597607, 55.89502 ], [ -132.172705, 55.480615 ], [ -132.511279, 55.593945 ], [ -132.631299, 55.473193 ], [ -132.417871, 55.48291 ], [ -132.160254, 55.322998 ], [ -132.206689, 55.224414 ], [ -131.976416, 55.208594 ], [ -132.02168, 54.726318 ], [ -132.549365, 54.952588 ], [ -132.622168, 55.135937 ], [ -132.782324, 55.048486 ], [ -133.118555, 55.327637 ], [ -132.958887, 55.395557 ], [ -133.082471, 55.504102 ], [ -133.033398, 55.589697 ], [ -133.298242, 55.606885 ], [ -133.680176, 55.785156 ], [ -133.411719, 55.79834 ], [ -133.241504, 55.920801 ], [ -133.37124, 56.035889 ], [ -133.742529, 55.964844 ], [ -133.530859, 56.145654 ], [ -133.566113, 56.339209 ] ] ] } },
{ "type": "Feature", "properties": { "scalerank": 0, "featurecla": "Land", "min_zoom": 1.0 }, "geometry": { "type": "Polygon", "coordinates": [ [ [ -134.969775, 57.351416 ], [ -134.620703, 56.718311 ], [ -134.681885, 56.216162 ], [ -134.980566, 56.518945 ], [ -134.883447, 56.679053 ], [ -135.330615, 56.821875 ], [ -135.199609, 57.027344 ], [ -135.454932, 57.249414 ], [ -135.661865, 57.03374 ], [ -135.812305, 57.009521 ], [ -135.822754, 57.28042 ], [ -135.448682, 57.534375 ], [ -134.969775, 57.351416 ] ] ] } },
{ "type": "Feature", "properties": { "scalerank": 0, "featurecla": "Land", "min_zoom": 2.0 }, "geometry": { "type": "Polygon", "coordinates": [ [ [ -134.680273, 58.16167 ], [ -134.240088, 58.143994 ], [ -133.822754, 57.628662 ], [ -134.180273, 58.011133 ], [ -134.306885, 58.034375 ], [ -134.26709, 57.884521 ], [ -133.937012, 57.581592 ], [ -133.908838, 57.368701 ], [ -134.435303, 57.056982 ], [ -134.613086, 57.137939 ], [ -134.486768, 57.482031 ], [ -134.659863, 57.638086 ], [ -134.923486, 58.354639 ], [ -134.680273, 58.16167 ] ] ] } },
{ "type": "Feature", "properties": { "scalerank": 0, "featurecla": "Land", "min_zoom": 1.0 }, "geometry": { "type": "Polygon", "coordinates": [ [ [ -135.730371, 58.244238 ], [ -135.5875, 58.146777 ], [ -135.693115, 58.038525 ], [ -135.613232, 57.991846 ], [ -135.346631, 58.124121 ], [ -134.954688, 58.015332 ], [ -134.970654, 57.817236 ], [ -135.338477, 57.768652 ], [ -134.978857, 57.724365 ], [ -134.873096, 57.589209 ], [ -134.931494, 57.481152 ], [ -135.564209, 57.666406 ], [ -135.691943, 57.419922 ], [ -135.910791, 57.446582 ], [ -136.076611, 57.674561 ], [ -136.568604, 57.972168 ], [ -136.321973, 58.218896 ], [ -136.14375, 58.098486 ], [ -136.094385, 58.198145 ], [ -135.730371, 58.244238 ] ] ] } },
{ "type": "Feature", "properties": { "scalerank": 0, "featurecla": "Land", "min_zoom": 1.0 }, "geometry": { "type": "Polygon", "coordinates": [ [ [ -133.048389, 54.158936 ], [ -132.303369, 54.098877 ], [ -132.166113, 53.955225 ], [ -132.175098, 53.846533 ], [ -132.534668, 53.651709 ], [ -132.186963, 53.684814 ], [ -132.134424, 54.034277 ], [ -131.667627, 54.141357 ], [ -132.011328, 53.265186 ], [ -132.520459, 53.194043 ], [ -132.74751, 53.310498 ], [ -132.425, 53.336963 ], [ -132.84502, 53.507715 ], [ -133.052246, 53.778125 ], [ -133.097949, 54.005615 ], [ -133.048389, 54.158936 ] ] ] } },
{ "type": "Feature", "properties": { "scalerank": 0, "featurecla": "Land", "min_zoom": 1.0 }, "geometry": { "type": "Polygon", "coordinates": [ [ [ -63.811279, 46.468701 ], [ -63.681445, 46.561914 ], [ -63.129395, 46.422217 ], [ -62.163574, 46.487207 ], [ -62.02373, 46.421582 ], [ -62.526074, 46.202881 ], [ -62.478076, 45.999707 ], [ -62.804883, 45.973193 ], [ -63.02207, 46.066602 ], [ -62.894531, 46.123584 ], [ -63.056348, 46.223926 ], [ -62.978467, 46.316357 ], [ -63.270801, 46.2 ], [ -63.152783, 46.18833 ], [ -63.213477, 46.159863 ], [ -63.568896, 46.209229 ], [ -63.758643, 46.397607 ], [ -64.11084, 46.425439 ], [ -64.136035, 46.599707 ], [ -64.403125, 46.691602 ], [ -63.993555, 47.061572 ], [ -64.087891, 46.775439 ], [ -63.811279, 46.468701 ] ] ] } },
{ "type": "Feature", "properties": { "scalerank": 0, "featurecla": "Land", "min_zoom": 1.0 }, "geometry": { "type": "Polygon", "coordinates": [ [ [ 151.915625, -4.296777 ], [ 152.117188, -4.212207 ], [ 152.405664, -4.340723 ], [ 152.351172, -4.822168 ], [ 151.983691, -5.074414 ], [ 152.142969, -5.357031 ], [ 152.077051, -5.458301 ], [ 151.86543, -5.564844 ], [ 151.515137, -5.552344 ], [ 151.229297, -5.919922 ], [ 150.473535, -6.263379 ], [ 149.652539, -6.29043 ], [ 149.382324, -6.078125 ], [ 149.099023, -6.116992 ], [ 148.337207, -5.669434 ], [ 148.432031, -5.471777 ], [ 149.358887, -5.583984 ], [ 149.831445, -5.524121 ], [ 149.962793, -5.447754 ], [ 150.090039, -5.011816 ], [ 150.170313, -5.070605 ], [ 150.072461, -5.30957 ], [ 150.183105, -5.523633 ], [ 150.900293, -5.447168 ], [ 151.326563, -4.960352 ], [ 151.671191, -4.883301 ], [ 151.593066, -4.200781 ], [ 151.915625, -4.296777 ] ] ] } },
{ "type": "Feature", "properties": { "scalerank": 0, "featurecla": "Land", "min_zoom": 1.0 }, "geometry": { "type": "Polygon", "coordinates": [ [ [ 127.296094, -8.424512 ], [ 126.486914, -8.912695 ], [ 125.408008, -9.275781 ], [ 124.427539, -10.148633 ], [ 123.857617, -10.343555 ], [ 123.604785, -10.270117 ], [ 123.716406, -10.078613 ], [ 123.589258, -9.966797 ], [ 123.709375, -9.614844 ], [ 123.977148, -9.372949 ], [ 124.889746, -8.968457 ], [ 125.178027, -8.647852 ], [ 125.804297, -8.492188 ], [ 126.619727, -8.459473 ], [ 126.966406, -8.315723 ], [ 127.296094, -8.424512 ] ] ] } },
{ "type": "Feature", "properties": { "scalerank": 0, "featurecla": "Land", "min_zoom": 0.0 }, "geometry": { "type": "Polygon", "coordinates": [ [ [ 144.718555, -40.672266 ], [ 145.283008, -40.769922 ], [ 146.31748, -41.163477 ], [ 146.723438, -41.078027 ], [ 146.848145, -41.168066 ], [ 146.856641, -41.058301 ], [ 146.989844, -40.992383 ], [ 147.454785, -41.00166 ], [ 147.62168, -40.844727 ], [ 147.872949, -40.872559 ], [ 147.96875, -40.77959 ], [ 148.215234, -40.854883 ], [ 148.292871, -40.94707 ], [ 148.342578, -42.215332 ], [ 148.290332, -42.25498 ], [ 148.183105, -42.064746 ], [ 148.213672, -41.97002 ], [ 148.022754, -42.259473 ], [ 147.912109, -42.658496 ], [ 147.980859, -43.157031 ], [ 147.78584, -43.22002 ], [ 147.647949, -43.020605 ], [ 147.8, -42.928125 ], [ 147.573828, -42.845703 ], [ 147.452344, -43.033398 ], [ 147.297949, -42.790918 ], [ 147.347656, -42.926563 ], [ 147.24502, -43.215918 ], [ 146.996973, -43.156348 ], [ 147.077344, -43.275879 ], [ 146.873926, -43.6125 ], [ 146.548535, -43.508887 ], [ 146.043164, -43.547168 ], [ 145.994434, -43.376074 ], [ 146.208008, -43.316211 ], [ 145.873242, -43.292383 ], [ 145.487598, -42.92666 ], [ 145.198828, -42.230859 ], [ 145.468262, -42.492871 ], [ 145.516602, -42.354492 ], [ 145.331055, -42.14707 ], [ 145.234863, -42.196973 ], [ 145.238184, -42.019629 ], [ 144.766113, -41.390039 ], [ 144.646094, -40.980859 ], [ 144.718555, -40.672266 ] ] ] } },
{ "type": "Feature", "properties": { "scalerank": 0, "featurecla": "Land", "min_zoom": 0.0 }, "geometry": { "type": "Polygon", "coordinates": [ [ [ 95.800684, 81.280469 ], [ 96.75498, 80.957861 ], [ 97.831836, 80.798291 ], [ 97.856445, 80.698096 ], [ 97.113086, 80.614063 ], [ 97.025391, 80.535547 ], [ 97.416992, 80.323145 ], [ 97.175195, 80.241016 ], [ 94.565039, 80.126074 ], [ 93.872363, 80.010107 ], [ 92.201563, 80.179297 ], [ 91.523828, 80.358545 ], [ 92.826758, 80.618555 ], [ 93.2625, 80.79126 ], [ 92.610156, 80.81001 ], [ 93.358691, 81.031689 ], [ 95.800684, 81.280469 ] ] ] } },
{ "type": "Feature", "properties": { "scalerank": 0, "featurecla": "Land", "min_zoom": 0.0 }, "geometry": { "type": "Polygon", "coordinates": [ [ [ 97.674512, 80.158252 ], [ 98.017773, 80.022852 ], [ 97.626953, 79.850439 ], [ 97.65166, 79.760645 ], [ 98.064551, 79.901074 ], [ 98.353125, 79.884326 ], [ 98.596484, 80.052197 ], [ 99.294922, 80.016357 ], [ 99.946582, 79.848975 ], [ 100.06123, 79.7771 ], [ 99.781641, 79.628271 ], [ 99.680664, 79.32334 ], [ 99.041797, 79.293018 ], [ 99.814648, 79.09585 ], [ 99.929297, 78.961426 ], [ 99.439551, 78.834229 ], [ 97.555469, 78.826562 ], [ 96.807813, 78.984961 ], [ 94.791016, 79.086621 ], [ 94.21875, 79.402344 ], [ 93.070801, 79.495312 ], [ 94.987305, 80.096826 ], [ 95.281348, 80.030518 ], [ 95.497559, 80.105615 ], [ 97.674512, 80.158252 ] ] ] } },
{ "type": "Feature", "properties": { "scalerank": 0, "featurecla": "Land", "min_zoom": 0.5 }, "geometry": { "type": "Polygon", "coordinates": [ [ [ 102.884766, 79.253955 ], [ 102.412305, 78.835449 ], [ 102.950391, 79.055762 ], [ 103.800781, 79.149268 ], [ 104.633203, 78.835156 ], [ 105.145996, 78.818848 ], [ 105.342676, 78.593945 ], [ 105.312598, 78.499902 ], [ 104.741797, 78.339746 ], [ 102.79668, 78.187891 ], [ 101.204102, 78.191943 ], [ 99.84502, 77.956836 ], [ 99.287109, 78.038086 ], [ 100.018945, 78.338916 ], [ 100.416406, 78.753174 ], [ 100.955762, 78.788477 ], [ 100.85625, 78.897754 ], [ 101.052246, 79.123242 ], [ 101.543066, 79.254443 ], [ 101.590625, 79.350439 ], [ 102.25127, 79.256055 ], [ 102.180664, 79.373389 ], [ 102.404883, 79.433203 ], [ 103.097949, 79.299121 ], [ 102.884766, 79.253955 ] ] ] } },
{ "type": "Feature", "properties": { "scalerank": 0, "featurecla": "Land", "min_zoom": 0.0 }, "geometry": { "type": "Polygon", "coordinates": [ [ [ 138.919531, 76.196729 ], [ 140.815918, 75.630713 ], [ 140.944141, 75.700488 ], [ 140.985352, 75.964502 ], [ 141.485449, 76.137158 ], [ 142.669531, 75.863428 ], [ 143.68584, 75.863672 ], [ 145.359961, 75.530469 ], [ 144.726758, 75.365576 ], [ 144.883496, 75.268945 ], [ 144.019727, 75.044678 ], [ 143.170313, 75.116895 ], [ 142.820117, 75.267822 ], [ 142.699609, 75.448877 ], [ 142.734473, 75.54458 ], [ 142.986035, 75.633252 ], [ 142.941797, 75.713281 ], [ 142.30791, 75.691699 ], [ 142.08623, 75.660645 ], [ 142.198828, 75.392676 ], [ 142.616797, 75.133252 ], [ 143.12793, 74.970313 ], [ 142.472754, 74.82041 ], [ 141.987305, 74.99126 ], [ 140.267871, 74.846924 ], [ 139.68125, 74.964062 ], [ 139.325586, 74.686816 ], [ 139.099121, 74.656543 ], [ 138.092285, 74.797461 ], [ 137.217969, 75.12373 ], [ 136.947656, 75.325537 ], [ 137.289746, 75.348633 ], [ 137.215234, 75.554395 ], [ 137.268848, 75.749414 ], [ 137.706543, 75.75957 ], [ 137.501172, 75.909668 ], [ 137.560547, 75.955225 ], [ 138.207617, 76.114941 ], [ 138.919531, 76.196729 ] ] ] } },
{ "type": "Feature", "properties": { "scalerank": 0, "featurecla": "Land", "min_zoom": 1.0 }, "geometry": { "type": "Polygon", "coordinates": [ [ [ 142.184863, 73.895898 ], [ 143.34375, 73.56875 ], [ 143.463965, 73.458887 ], [ 143.491309, 73.246436 ], [ 142.342188, 73.252881 ], [ 140.662793, 73.452002 ], [ 139.925098, 73.355225 ], [ 139.685547, 73.425732 ], [ 140.380664, 73.483008 ], [ 141.084766, 73.865869 ], [ 142.184863, 73.895898 ] ] ] } },
{ "type": "Feature", "properties": { "scalerank": 0, "featurecla": "Land", "min_zoom": 1.0 }, "geometry": { "type": "Polygon", "coordinates": [ [ [ 146.795215, 75.370752 ], [ 148.432422, 75.413525 ], [ 148.508887, 75.387451 ], [ 148.475, 75.272412 ], [ 148.590137, 75.236377 ], [ 150.103906, 75.219238 ], [ 150.530566, 75.099854 ], [ 150.822363, 75.156543 ], [ 150.580273, 74.918945 ], [ 149.050195, 74.772461 ], [ 148.092383, 74.825684 ], [ 146.148535, 75.198291 ], [ 146.438477, 75.558203 ], [ 146.750977, 75.510449 ], [ 146.795215, 75.370752 ] ] ] } },
{ "type": "Feature", "properties": { "scalerank": 0, "featurecla": "Land", "min_zoom": 0.0 }, "geometry": { "type": "Polygon", "coordinates": [ [ [ 173.269434, -34.934766 ], [ 173.447852, -34.844336 ], [ 173.472656, -34.946973 ], [ 174.104004, -35.142871 ], [ 174.143164, -35.3 ], [ 174.320312, -35.24668 ], [ 174.580664, -35.785547 ], [ 174.395801, -35.797363 ], [ 174.802148, -36.309473 ], [ 174.751758, -36.49082 ], [ 174.819238, -36.612109 ], [ 174.722461, -36.841211 ], [ 175.299512, -36.993262 ], [ 175.385352, -37.206934 ], [ 175.54248, -37.201367 ], [ 175.487402, -36.689551 ], [ 175.385547, -36.556348 ], [ 175.46084, -36.475684 ], [ 175.681445, -36.746973 ], [ 175.772168, -36.735156 ], [ 176.108398, -37.645117 ], [ 177.274023, -37.993457 ], [ 177.558301, -37.897461 ], [ 178.00918, -37.554883 ], [ 178.53623, -37.69209 ], [ 178.267676, -38.551172 ], [ 177.976172, -38.722266 ], [ 177.908789, -39.239551 ], [ 177.786133, -39.110938 ], [ 177.522949, -39.073828 ], [ 177.076758, -39.221777 ], [ 176.939258, -39.555273 ], [ 177.109863, -39.673145 ], [ 176.842188, -40.157813 ], [ 175.98291, -41.213281 ], [ 175.309766, -41.610645 ], [ 175.165625, -41.417383 ], [ 174.881348, -41.424023 ], [ 174.865625, -41.223047 ], [ 174.757031, -41.325293 ], [ 174.635352, -41.289453 ], [ 175.1625, -40.621582 ], [ 175.254102, -40.289355 ], [ 175.155957, -40.114941 ], [ 175.009277, -39.952148 ], [ 173.934375, -39.509082 ], [ 173.763672, -39.31875 ], [ 173.844336, -39.139355 ], [ 174.398438, -38.962598 ], [ 174.597363, -38.785059 ], [ 174.840039, -38.022656 ], [ 174.80166, -37.895508 ], [ 174.928027, -37.804492 ], [ 174.58584, -37.097754 ], [ 174.734277, -37.215234 ], [ 174.928906, -37.084766 ], [ 174.782031, -36.94375 ], [ 174.475586, -36.941895 ], [ 174.188867, -36.492285 ], [ 174.401563, -36.601953 ], [ 174.392773, -36.240039 ], [ 174.036426, -36.122461 ], [ 173.914453, -35.908691 ], [ 173.917285, -36.018164 ], [ 174.166406, -36.327637 ], [ 174.054688, -36.359766 ], [ 173.412207, -35.542578 ], [ 173.626172, -35.319141 ], [ 173.376367, -35.500098 ], [ 173.313965, -35.443359 ], [ 173.116699, -35.205273 ], [ 173.190625, -35.016211 ], [ 172.705957, -34.455176 ], [ 173.043945, -34.429102 ], [ 172.96377, -34.535156 ], [ 173.269434, -34.934766 ] ] ] } },
{ "type": "Feature", "properties": { "scalerank": 0, "featurecla": "Land", "min_zoom": 0.0 }, "geometry": { "type": "Polygon", "coordinates": [ [ [ 173.115332, -41.279297 ], [ 173.947168, -40.924121 ], [ 173.797852, -41.271973 ], [ 174.024023, -41.072266 ], [ 173.999414, -40.993262 ], [ 174.302539, -41.019531 ], [ 174.038574, -41.241895 ], [ 174.370117, -41.103711 ], [ 174.069336, -41.429492 ], [ 174.161133, -41.561816 ], [ 174.083691, -41.670801 ], [ 174.283105, -41.740625 ], [ 174.21543, -41.850195 ], [ 173.545117, -42.517969 ], [ 173.221191, -42.976562 ], [ 172.624023, -43.272461 ], [ 172.734766, -43.354785 ], [ 172.52666, -43.464746 ], [ 172.693457, -43.444336 ], [ 172.807031, -43.620996 ], [ 173.073242, -43.676172 ], [ 173.093945, -43.844141 ], [ 172.502734, -43.843652 ], [ 172.583789, -43.773535 ], [ 172.480371, -43.72666 ], [ 172.296582, -43.867871 ], [ 172.035547, -43.701758 ], [ 172.179785, -43.895996 ], [ 171.240723, -44.26416 ], [ 171.312988, -44.301855 ], [ 171.146289, -44.912305 ], [ 170.999023, -44.911426 ], [ 171.113281, -45.039258 ], [ 170.700586, -45.684277 ], [ 170.77627, -45.870898 ], [ 170.335449, -45.991797 ], [ 169.686621, -46.55166 ], [ 169.098633, -46.630664 ], [ 168.382129, -46.605371 ], [ 168.18916, -46.362207 ], [ 167.841992, -46.366211 ], [ 167.539453, -46.148535 ], [ 167.368945, -46.241504 ], [ 166.830762, -46.225488 ], [ 166.712109, -46.133691 ], [ 166.916699, -45.957227 ], [ 166.730273, -46.052734 ], [ 166.649902, -46.041699 ], [ 166.717969, -45.889355 ], [ 166.493164, -45.963867 ], [ 166.512891, -45.811719 ], [ 167.00332, -45.712109 ], [ 166.797656, -45.645605 ], [ 166.99082, -45.531738 ], [ 166.733984, -45.543555 ], [ 166.77832, -45.409668 ], [ 166.919922, -45.40791 ], [ 166.869238, -45.31123 ], [ 167.155664, -45.410938 ], [ 167.117773, -45.317969 ], [ 167.230078, -45.290332 ], [ 167.032813, -45.222461 ], [ 167.025879, -45.123633 ], [ 167.259473, -45.082227 ], [ 167.171875, -44.99707 ], [ 167.410742, -44.82793 ], [ 167.466211, -44.958301 ], [ 167.484961, -44.771387 ], [ 167.787012, -44.59502 ], [ 167.908984, -44.664746 ], [ 167.856543, -44.500684 ], [ 168.366602, -44.082031 ], [ 169.066504, -43.863477 ], [ 169.178906, -43.913086 ], [ 169.169531, -43.777051 ], [ 169.833887, -43.537012 ], [ 169.858984, -43.425977 ], [ 170.240234, -43.163867 ], [ 170.396094, -43.182227 ], [ 170.302832, -43.107617 ], [ 170.458691, -43.037695 ], [ 170.611816, -43.091797 ], [ 170.523633, -43.008984 ], [ 170.66543, -42.96123 ], [ 170.735254, -43.029785 ], [ 170.969922, -42.718359 ], [ 171.038379, -42.862109 ], [ 171.027734, -42.696094 ], [ 171.313379, -42.460156 ], [ 171.252246, -42.401953 ], [ 171.48623, -41.794727 ], [ 171.948047, -41.538672 ], [ 172.272754, -40.758691 ], [ 172.640625, -40.518262 ], [ 172.943652, -40.51875 ], [ 172.732617, -40.54375 ], [ 172.704395, -40.667773 ], [ 172.988672, -40.848242 ], [ 173.115332, -41.279297 ] ] ] } },
{ "type": "Feature", "properties": { "scalerank": 0, "featurecla": "Land", "min_zoom": 0.0 }, "geometry": { "type": "Polygon", "coordinates": [ [ [ 126.005957, 9.320947 ], [ 126.193359, 9.276709 ], [ 126.30459, 8.952051 ], [ 126.139551, 8.595654 ], [ 126.365332, 8.483887 ], [ 126.458691, 8.202832 ], [ 126.435352, 7.832812 ], [ 126.570117, 7.677246 ], [ 126.581543, 7.247754 ], [ 126.439063, 7.012354 ], [ 126.19209, 6.852539 ], [ 126.189355, 6.309668 ], [ 125.824414, 7.333301 ], [ 125.689258, 7.263037 ], [ 125.380664, 6.689941 ], [ 125.588477, 6.465771 ], [ 125.667969, 5.978662 ], [ 125.346484, 5.598975 ], [ 125.241016, 5.756934 ], [ 125.231543, 6.069531 ], [ 125.035352, 5.870654 ], [ 124.927344, 5.875342 ], [ 124.212793, 6.233252 ], [ 124.078125, 6.404443 ], [ 123.985254, 6.993701 ], [ 124.206641, 7.396436 ], [ 123.968457, 7.664648 ], [ 123.66582, 7.817773 ], [ 123.493066, 7.80791 ], [ 123.390918, 7.40752 ], [ 123.178223, 7.529443 ], [ 123.09668, 7.700439 ], [ 122.989551, 7.546289 ], [ 122.842969, 7.529297 ], [ 122.791797, 7.722461 ], [ 122.616211, 7.763135 ], [ 122.474414, 7.638965 ], [ 122.14248, 6.949658 ], [ 121.964258, 6.968213 ], [ 121.924609, 7.199512 ], [ 122.243359, 7.945117 ], [ 122.911133, 8.156445 ], [ 123.050586, 8.433936 ], [ 123.43457, 8.70332 ], [ 123.680078, 8.620605 ], [ 123.849219, 8.432715 ], [ 123.799414, 8.049121 ], [ 124.197656, 8.229541 ], [ 124.404883, 8.599854 ], [ 124.731152, 8.562988 ], [ 124.868945, 8.972266 ], [ 125.141016, 8.86875 ], [ 125.209668, 9.027148 ], [ 125.49873, 9.014746 ], [ 125.413965, 9.669189 ], [ 125.471289, 9.756787 ], [ 125.87666, 9.513135 ], [ 126.005957, 9.320947 ] ] ] } },
{ "type": "Feature", "properties": { "scalerank": 0, "featurecla": "Land", "min_zoom": 0.0 }, "geometry": { "type": "Polygon", "coordinates": [ [ [ 121.101562, 18.615283 ], [ 121.845605, 18.29541 ], [ 122.038477, 18.32793 ], [ 122.14668, 18.486572 ], [ 122.265527, 18.458838 ], [ 122.315039, 18.320312 ], [ 122.179492, 18.064258 ], [ 122.152344, 17.664404 ], [ 122.40752, 17.178125 ], [ 122.519141, 17.124854 ], [ 122.135156, 16.184814 ], [ 121.595313, 15.933252 ], [ 121.607031, 15.669824 ], [ 121.392285, 15.324414 ], [ 121.69541, 14.737305 ], [ 121.62793, 14.581152 ], [ 121.766602, 14.168066 ], [ 121.911719, 14.02041 ], [ 122.211719, 13.930176 ], [ 122.2875, 13.996191 ], [ 122.199707, 14.148047 ], [ 122.627148, 14.317529 ], [ 122.93418, 14.188086 ], [ 123.101953, 13.750244 ], [ 123.296973, 13.836426 ], [ 123.320312, 14.06167 ], [ 123.815723, 13.837109 ], [ 123.80625, 13.721729 ], [ 123.549609, 13.645752 ], [ 123.819238, 13.269482 ], [ 123.785156, 13.110547 ], [ 124.142773, 13.035791 ], [ 124.059766, 12.56709 ], [ 123.877832, 12.689697 ], [ 123.948535, 12.916406 ], [ 123.626758, 12.911768 ], [ 123.310938, 13.044092 ], [ 123.163281, 13.441748 ], [ 122.595215, 13.907617 ], [ 122.467969, 13.886719 ], [ 122.667871, 13.395361 ], [ 122.599902, 13.194141 ], [ 122.376563, 13.520605 ], [ 121.77793, 13.937646 ], [ 121.501074, 13.842187 ], [ 121.344141, 13.649121 ], [ 121.095508, 13.679492 ], [ 120.840723, 13.884717 ], [ 120.637109, 13.804492 ], [ 120.616797, 14.188037 ], [ 120.92207, 14.493115 ], [ 120.941309, 14.645068 ], [ 120.583691, 14.88125 ], [ 120.588672, 14.483105 ], [ 120.43877, 14.453369 ], [ 120.250781, 14.793311 ], [ 120.082129, 14.851074 ], [ 119.772559, 16.255127 ], [ 119.830762, 16.326562 ], [ 120.159766, 16.047656 ], [ 120.36875, 16.10957 ], [ 120.304395, 16.645459 ], [ 120.427148, 17.376904 ], [ 120.358398, 17.638184 ], [ 120.599707, 18.507861 ], [ 121.101562, 18.615283 ] ] ] } },
{ "type": "Feature", "properties": { "scalerank": 0, "featurecla": "Land", "min_zoom": 0.0 }, "geometry": { "type": "Polygon", "coordinates": [ [ [ 133.472656, -0.726172 ], [ 133.974512, -0.744336 ], [ 134.111523, -0.846777 ], [ 134.071973, -1.001855 ], [ 134.25957, -1.362988 ], [ 134.105859, -1.720996 ], [ 134.194824, -2.309082 ], [ 134.459961, -2.832324 ], [ 134.483301, -2.583008 ], [ 134.627441, -2.536719 ], [ 134.702148, -2.933594 ], [ 134.843359, -2.90918 ], [ 134.886816, -3.209863 ], [ 135.092188, -3.348535 ], [ 135.486621, -3.345117 ], [ 136.243262, -2.583105 ], [ 136.389941, -2.27334 ], [ 137.07207, -2.105078 ], [ 137.171094, -2.025488 ], [ 137.123438, -1.840918 ], [ 137.911133, -1.483789 ], [ 139.789551, -2.348242 ], [ 140.622559, -2.445801 ], [ 140.747461, -2.607129 ], [ 141.185645, -2.627832 ], [ 142.549023, -3.20459 ], [ 143.508984, -3.431152 ], [ 144.066406, -3.805176 ], [ 144.477734, -3.825293 ], [ 145.087793, -4.349121 ], [ 145.33457, -4.385254 ], [ 145.766992, -4.823047 ], [ 145.745215, -5.402441 ], [ 147.034277, -5.919238 ], [ 147.422754, -5.966211 ], [ 147.802051, -6.315234 ], [ 147.810449, -6.703613 ], [ 147.119141, -6.72168 ], [ 146.953613, -6.834082 ], [ 146.960742, -6.928809 ], [ 147.260156, -7.464063 ], [ 148.126758, -8.103613 ], [ 148.246875, -8.554297 ], [ 148.451172, -8.694531 ], [ 148.583105, -9.051758 ], [ 149.19834, -9.03125 ], [ 149.263184, -9.497852 ], [ 150.011035, -9.688184 ], [ 149.76123, -9.805859 ], [ 149.874414, -10.012988 ], [ 150.364063, -10.189648 ], [ 150.849512, -10.236035 ], [ 150.636816, -10.337988 ], [ 150.446094, -10.307324 ], [ 150.647168, -10.517969 ], [ 150.319922, -10.654883 ], [ 150.016797, -10.577148 ], [ 149.754102, -10.353027 ], [ 147.768652, -10.070117 ], [ 147.017188, -9.387891 ], [ 146.925391, -9.247168 ], [ 146.96377, -9.05957 ], [ 146.85625, -9.087695 ], [ 146.630859, -8.951172 ], [ 146.033203, -8.076367 ], [ 144.973828, -7.802148 ], [ 144.864258, -7.631543 ], [ 144.509863, -7.567383 ], [ 144.43125, -7.679395 ], [ 144.142871, -7.757227 ], [ 143.654883, -7.460352 ], [ 143.942285, -7.944238 ], [ 143.840625, -7.941895 ], [ 143.833398, -8.029102 ], [ 143.518164, -8.000684 ], [ 143.61377, -8.200391 ], [ 142.524121, -8.32168 ], [ 142.347461, -8.16748 ], [ 142.206836, -8.195801 ], [ 142.325098, -8.19834 ], [ 142.474805, -8.369434 ], [ 142.797949, -8.34502 ], [ 143.111816, -8.474512 ], [ 143.377246, -8.762207 ], [ 143.366211, -8.961035 ], [ 142.647168, -9.327832 ], [ 142.22959, -9.169922 ], [ 141.133203, -9.221289 ], [ 140.00293, -8.195508 ], [ 140.116992, -7.92373 ], [ 139.934766, -8.101172 ], [ 139.385645, -8.189063 ], [ 139.248828, -7.982422 ], [ 138.933496, -8.262402 ], [ 138.856152, -8.145117 ], [ 139.087988, -7.587207 ], [ 138.747949, -7.251465 ], [ 138.864844, -7.201367 ], [ 139.0625, -7.227148 ], [ 139.176855, -7.19043 ], [ 138.845703, -7.136328 ], [ 138.601367, -6.936523 ], [ 138.864551, -6.858398 ], [ 138.438672, -6.343359 ], [ 138.296289, -5.949023 ], [ 138.374609, -5.843652 ], [ 138.199609, -5.807031 ], [ 138.339648, -5.675684 ], [ 138.087109, -5.70918 ], [ 138.06084, -5.465234 ], [ 137.279785, -4.94541 ], [ 137.195898, -4.99043 ], [ 136.618848, -4.81875 ], [ 135.979688, -4.530859 ], [ 135.195605, -4.450684 ], [ 134.679688, -4.079102 ], [ 134.706543, -3.954785 ], [ 134.886523, -3.938477 ], [ 134.266211, -3.945801 ], [ 134.14707, -3.796777 ], [ 133.973828, -3.817969 ], [ 133.67832, -3.479492 ], [ 133.697168, -3.248145 ], [ 133.841504, -3.054785 ], [ 133.700391, -3.0875 ], [ 133.653125, -3.364355 ], [ 133.518164, -3.411914 ], [ 133.400879, -3.899023 ], [ 133.24873, -4.062305 ], [ 132.968555, -4.094922 ], [ 132.753906, -3.703613 ], [ 132.869727, -3.550977 ], [ 132.751367, -3.294629 ], [ 132.348242, -2.975098 ], [ 132.053906, -2.914551 ], [ 131.971191, -2.788574 ], [ 132.230664, -2.680371 ], [ 132.725, -2.789062 ], [ 133.191016, -2.437793 ], [ 133.700098, -2.624609 ], [ 133.75332, -2.450684 ], [ 133.904883, -2.390918 ], [ 133.898926, -2.304492 ], [ 133.791016, -2.293652 ], [ 133.921582, -2.102051 ], [ 132.962793, -2.272559 ], [ 132.307617, -2.242285 ], [ 132.023438, -1.990332 ], [ 131.930371, -1.559668 ], [ 131.29375, -1.393457 ], [ 130.995898, -1.424707 ], [ 131.19082, -1.16582 ], [ 131.257227, -0.855469 ], [ 131.804297, -0.703809 ], [ 132.39375, -0.355469 ], [ 132.856445, -0.417383 ], [ 133.472656, -0.726172 ] ] ] } },
{ "type": "Feature", "properties": { "scalerank": 0, "featurecla": "Land", "min_zoom": 0.0 }, "geometry": { "type": "Polygon", "coordinates": [ [ [ 125.233789, 1.502295 ], [ 124.427539, 0.470605 ], [ 123.753809, 0.305518 ], [ 123.26543, 0.326611 ], [ 122.996875, 0.493506 ], [ 121.012988, 0.441699 ], [ 120.579004, 0.52832 ], [ 120.349023, 0.449219 ], [ 120.192285, 0.268506 ], [ 120.013281, -0.196191 ], [ 120.062891, -0.555566 ], [ 120.240625, -0.868262 ], [ 120.517578, -1.039453 ], [ 120.667383, -1.370117 ], [ 121.148535, -1.339453 ], [ 121.575586, -0.828516 ], [ 121.969629, -0.933301 ], [ 122.27998, -0.757031 ], [ 122.88877, -0.755176 ], [ 122.829492, -0.658887 ], [ 123.171484, -0.570703 ], [ 123.379687, -0.648535 ], [ 123.43418, -0.778223 ], [ 123.37793, -1.004102 ], [ 122.902832, -0.900977 ], [ 122.250684, -1.555273 ], [ 121.858594, -1.693262 ], [ 121.650977, -1.89541 ], [ 121.355469, -1.878223 ], [ 121.575, -2.150879 ], [ 121.769727, -2.240918 ], [ 122.082617, -2.749512 ], [ 122.291699, -2.907617 ], [ 122.399023, -3.200879 ], [ 122.25293, -3.62041 ], [ 122.689648, -4.084473 ], [ 122.847949, -4.064551 ], [ 122.872266, -4.391992 ], [ 122.719727, -4.340723 ], [ 122.72168, -4.410742 ], [ 122.114258, -4.540234 ], [ 122.038086, -4.832422 ], [ 121.588672, -4.75957 ], [ 121.486523, -4.581055 ], [ 121.618066, -4.092676 ], [ 120.891797, -3.520605 ], [ 121.054297, -3.16709 ], [ 121.052148, -2.75166 ], [ 120.879395, -2.645605 ], [ 120.653613, -2.667578 ], [ 120.261035, -2.949316 ], [ 120.436621, -3.707324 ], [ 120.3625, -4.085742 ], [ 120.420117, -4.617383 ], [ 120.279297, -5.146094 ], [ 120.430371, -5.591016 ], [ 119.951563, -5.577637 ], [ 119.717285, -5.693359 ], [ 119.557422, -5.611035 ], [ 119.360352, -5.31416 ], [ 119.594043, -4.523145 ], [ 119.623633, -4.034375 ], [ 119.46748, -3.512988 ], [ 118.994629, -3.537598 ], [ 118.867676, -3.398047 ], [ 118.783301, -2.720801 ], [ 119.092188, -2.48291 ], [ 119.321875, -1.929688 ], [ 119.308984, -1.408203 ], [ 119.508203, -0.906738 ], [ 119.711328, -0.680762 ], [ 119.844336, -0.861914 ], [ 119.721875, -0.088477 ], [ 119.865625, 0.040088 ], [ 119.809277, 0.238672 ], [ 119.913281, 0.445068 ], [ 120.269531, 0.970801 ], [ 120.416016, 0.848682 ], [ 120.602539, 0.854395 ], [ 120.867969, 1.252832 ], [ 121.081738, 1.327637 ], [ 121.404102, 1.243604 ], [ 121.591797, 1.067969 ], [ 122.436621, 1.018066 ], [ 122.838281, 0.845703 ], [ 123.066504, 0.941797 ], [ 123.930762, 0.850439 ], [ 124.533691, 1.230469 ], [ 124.600195, 1.392432 ], [ 124.94707, 1.672168 ], [ 125.110938, 1.685693 ], [ 125.233789, 1.502295 ] ] ] } },
{ "type": "Feature", "properties": { "scalerank": 0, "featurecla": "Land", "min_zoom": 0.0 }, "geometry": { "type": "Polygon", "coordinates": [ [ [ 107.046289, -5.904199 ], [ 107.666797, -6.21582 ], [ 108.330176, -6.286035 ], [ 108.677832, -6.790527 ], [ 110.42627, -6.947266 ], [ 110.834766, -6.424219 ], [ 110.972266, -6.435645 ], [ 111.181543, -6.686719 ], [ 111.540332, -6.648242 ], [ 112.087305, -6.893359 ], [ 112.539258, -6.926465 ], [ 112.64873, -7.221289 ], [ 112.794336, -7.304492 ], [ 112.794531, -7.552441 ], [ 113.013574, -7.657715 ], [ 113.497656, -7.723828 ], [ 114.070703, -7.633008 ], [ 114.409277, -7.79248 ], [ 114.386914, -8.405176 ], [ 114.583789, -8.769629 ], [ 113.25332, -8.286719 ], [ 112.678809, -8.40918 ], [ 111.509961, -8.305078 ], [ 110.607227, -8.149414 ], [ 110.038672, -7.890527 ], [ 109.281641, -7.704883 ], [ 108.741211, -7.66709 ], [ 108.451758, -7.796973 ], [ 107.91748, -7.724121 ], [ 107.284961, -7.47168 ], [ 106.455273, -7.368652 ], [ 106.416895, -7.239355 ], [ 106.519727, -7.053711 ], [ 106.198242, -6.927832 ], [ 105.255469, -6.835254 ], [ 105.370898, -6.664355 ], [ 105.483691, -6.781543 ], [ 105.655078, -6.469531 ], [ 105.786914, -6.456934 ], [ 105.868262, -6.116406 ], [ 106.075, -5.91416 ], [ 106.825195, -6.098242 ], [ 107.046289, -5.904199 ] ] ] } },
{ "type": "Feature", "properties": { "scalerank": 0, "featurecla": "Land", "min_zoom": 0.0 }, "geometry": { "type": "Polygon", "coordinates": [ [ [ 96.133301, 5.294287 ], [ 97.547168, 5.205859 ], [ 98.248438, 4.414551 ], [ 98.307324, 4.092871 ], [ 99.732324, 3.183057 ], [ 100.523828, 2.18916 ], [ 100.887891, 1.948242 ], [ 100.828223, 2.242578 ], [ 101.046191, 2.257471 ], [ 101.47666, 1.693066 ], [ 101.784766, 1.621387 ], [ 102.019922, 1.442139 ], [ 102.389941, 0.841992 ], [ 103.031836, 0.578906 ], [ 103.00752, 0.415332 ], [ 102.55, 0.216455 ], [ 102.895898, 0.278613 ], [ 103.338965, 0.513721 ], [ 103.672656, 0.288916 ], [ 103.786719, 0.046973 ], [ 103.428516, -0.191797 ], [ 103.405176, -0.362207 ], [ 103.50918, -0.465527 ], [ 103.438574, -0.575586 ], [ 103.721094, -0.886719 ], [ 104.360547, -1.038379 ], [ 104.515918, -1.819434 ], [ 104.845215, -2.092969 ], [ 104.647266, -2.429883 ], [ 104.650781, -2.595215 ], [ 104.970801, -2.370898 ], [ 105.396973, -2.380176 ], [ 105.582031, -2.491992 ], [ 106.044336, -3.10625 ], [ 105.84375, -3.613672 ], [ 105.930469, -3.833008 ], [ 105.831445, -4.162891 ], [ 105.887207, -5.00957 ], [ 105.74834, -5.818262 ], [ 105.349414, -5.549512 ], [ 105.081348, -5.745508 ], [ 104.639551, -5.52041 ], [ 104.683984, -5.892676 ], [ 104.601562, -5.90459 ], [ 103.831445, -5.07959 ], [ 102.537695, -4.152148 ], [ 102.127539, -3.599219 ], [ 101.578613, -3.166992 ], [ 100.889551, -2.248535 ], [ 100.855273, -1.93418 ], [ 100.308203, -0.82666 ], [ 99.669824, 0.045068 ], [ 99.15918, 0.351758 ], [ 98.595313, 1.8646 ], [ 97.700781, 2.358545 ], [ 97.59082, 2.846582 ], [ 97.391309, 2.975293 ], [ 96.968945, 3.575146 ], [ 96.444727, 3.816309 ], [ 95.578613, 4.661963 ], [ 95.206641, 5.284033 ], [ 95.227832, 5.564795 ], [ 95.628906, 5.609082 ], [ 96.133301, 5.294287 ] ] ] } },
{ "type": "Feature", "properties": { "scalerank": 0, "featurecla": "Land", "min_zoom": 0.0 }, "geometry": { "type": "Polygon", "coordinates": [ [ [ 116.776172, 6.990234 ], [ 116.788086, 6.606104 ], [ 117.128516, 6.968896 ], [ 117.229883, 6.93999 ], [ 117.294043, 6.676904 ], [ 117.609668, 6.512646 ], [ 117.69375, 6.35 ], [ 117.644531, 6.001855 ], [ 117.501172, 5.884668 ], [ 118.003809, 6.05332 ], [ 118.11582, 5.8625 ], [ 117.934766, 5.7875 ], [ 117.973633, 5.70625 ], [ 118.353125, 5.806055 ], [ 118.594824, 5.59209 ], [ 119.255566, 5.365918 ], [ 119.249707, 5.19873 ], [ 119.132227, 5.100488 ], [ 118.67207, 4.964062 ], [ 118.260547, 4.988867 ], [ 118.185352, 4.828516 ], [ 118.5625, 4.502148 ], [ 118.54834, 4.379248 ], [ 118.008203, 4.250244 ], [ 117.696484, 4.342822 ], [ 117.497461, 4.133398 ], [ 117.777246, 3.689258 ], [ 117.629883, 3.636328 ], [ 117.509668, 3.730371 ], [ 117.450391, 3.628516 ], [ 117.055957, 3.622656 ], [ 117.346289, 3.426611 ], [ 117.352441, 3.19375 ], [ 117.610645, 3.064355 ], [ 117.569141, 2.929297 ], [ 117.697656, 2.887305 ], [ 117.638867, 2.825293 ], [ 117.785937, 2.746777 ], [ 118.066602, 2.317822 ], [ 117.789258, 2.026855 ], [ 118.984961, 0.982129 ], [ 118.534766, 0.813525 ], [ 118.196094, 0.874365 ], [ 117.911621, 1.098682 ], [ 117.964258, 0.889551 ], [ 117.745117, 0.729639 ], [ 117.522168, 0.235889 ], [ 117.462891, -0.32373 ], [ 117.5625, -0.770898 ], [ 116.913965, -1.223633 ], [ 116.739844, -1.044238 ], [ 116.753418, -1.327344 ], [ 116.275488, -1.784863 ], [ 116.424316, -1.784863 ], [ 116.423535, -2.052539 ], [ 116.313965, -2.139844 ], [ 116.528125, -2.20791 ], [ 116.549219, -2.41084 ], [ 116.529297, -2.510547 ], [ 116.316797, -2.551855 ], [ 116.330664, -2.902148 ], [ 116.154102, -2.983789 ], [ 116.257227, -3.126367 ], [ 115.956152, -3.59502 ], [ 114.693555, -4.169727 ], [ 114.525586, -3.37666 ], [ 114.445996, -3.481836 ], [ 114.344336, -3.444434 ], [ 114.344336, -3.235156 ], [ 114.236328, -3.361133 ], [ 114.082227, -3.278906 ], [ 113.705078, -3.455273 ], [ 113.610059, -3.195703 ], [ 113.343164, -3.246484 ], [ 113.033984, -2.933496 ], [ 112.971484, -3.187109 ], [ 112.758008, -3.322168 ], [ 112.600293, -3.400488 ], [ 112.284961, -3.320996 ], [ 111.858105, -3.551855 ], [ 111.823047, -3.057227 ], [ 111.694727, -2.889453 ], [ 111.625488, -2.975488 ], [ 111.367578, -2.933691 ], [ 110.930078, -3.071094 ], [ 110.829688, -2.995117 ], [ 110.899316, -2.908594 ], [ 110.703125, -3.020898 ], [ 110.574023, -2.891406 ], [ 110.256055, -2.966113 ], [ 110.096582, -2.001367 ], [ 109.959863, -1.862793 ], [ 110.036133, -1.525684 ], [ 109.983301, -1.274805 ], [ 109.681738, -0.944238 ], [ 109.288867, -0.845801 ], [ 109.372754, -0.638184 ], [ 109.130273, -0.44541 ], [ 109.25752, 0.031152 ], [ 108.944531, 0.355664 ], [ 108.905859, 0.793945 ], [ 108.958594, 1.134619 ], [ 109.131543, 1.253857 ], [ 109.010254, 1.239648 ], [ 109.075879, 1.495898 ], [ 109.378516, 1.922705 ], [ 109.628906, 2.027539 ], [ 109.864844, 1.764453 ], [ 110.349219, 1.719727 ], [ 111.223242, 1.39585 ], [ 111.028711, 1.557812 ], [ 111.268164, 2.139746 ], [ 111.208594, 2.379639 ], [ 111.443848, 2.381543 ], [ 111.5125, 2.743018 ], [ 112.987891, 3.161914 ], [ 113.923926, 4.243213 ], [ 114.0125, 4.575244 ], [ 114.424414, 4.6604 ], [ 114.99541, 5.022363 ], [ 115.026758, 4.899707 ], [ 115.427637, 4.969189 ], [ 115.582031, 5.194141 ], [ 115.419043, 5.413184 ], [ 115.603906, 5.603418 ], [ 115.74082, 5.533008 ], [ 115.877148, 5.613525 ], [ 116.138379, 6.129541 ], [ 116.776172, 6.990234 ] ] ] } },
{ "type": "Feature", "properties": { "scalerank": 0, "featurecla": "Land", "min_zoom": 0.0 }, "geometry": { "type": "Polygon", "coordinates": [ [ [ 68.16543, 76.284863 ], [ 61.355957, 75.314844 ], [ 60.719238, 75.068604 ], [ 60.276855, 75.007568 ], [ 60.501367, 74.904639 ], [ 59.747266, 74.745898 ], [ 59.674023, 74.610156 ], [ 59.240137, 74.692969 ], [ 59.04043, 74.485547 ], [ 58.534668, 74.498926 ], [ 58.665039, 74.289258 ], [ 58.617871, 74.227393 ], [ 57.767383, 74.013818 ], [ 57.872266, 73.850439 ], [ 57.755957, 73.769189 ], [ 57.313086, 73.838037 ], [ 57.542578, 73.658203 ], [ 56.963867, 73.366553 ], [ 56.63418, 73.304297 ], [ 55.006836, 73.453857 ], [ 54.299902, 73.350977 ], [ 54.131543, 73.481006 ], [ 54.20459, 73.542041 ], [ 53.762891, 73.766162 ], [ 54.642676, 73.95957 ], [ 55.340918, 74.419629 ], [ 56.137109, 74.496094 ], [ 55.582227, 74.627686 ], [ 56.49873, 74.95708 ], [ 55.998047, 75.003369 ], [ 55.810059, 75.124902 ], [ 56.035547, 75.194238 ], [ 56.570312, 75.097754 ], [ 56.87627, 75.244385 ], [ 56.844434, 75.351416 ], [ 57.606836, 75.34126 ], [ 57.783398, 75.506689 ], [ 58.093652, 75.592529 ], [ 58.058301, 75.663086 ], [ 58.88125, 75.854785 ], [ 60.036133, 75.983838 ], [ 60.279297, 76.09624 ], [ 60.942188, 76.071289 ], [ 61.053906, 76.119873 ], [ 61.034375, 76.232959 ], [ 61.20166, 76.282031 ], [ 62.971484, 76.23667 ], [ 64.463477, 76.378174 ], [ 65.755176, 76.579297 ], [ 66.345215, 76.821045 ], [ 67.534961, 77.007764 ], [ 68.485742, 76.933691 ], [ 68.941699, 76.707666 ], [ 68.899805, 76.572949 ], [ 68.16543, 76.284863 ] ] ] } },
{ "type": "Feature", "properties": { "scalerank": 0, "featurecla": "Land", "min_zoom": 0.0 }, "geometry": { "type": "Polygon", "coordinates": [ [ [ 54.803906, 73.387646 ], [ 56.42959, 73.201172 ], [ 56.188965, 73.033008 ], [ 56.12168, 72.806592 ], [ 55.723438, 72.766406 ], [ 55.616406, 72.599072 ], [ 55.40332, 72.549072 ], [ 55.35957, 72.408691 ], [ 55.518066, 72.220654 ], [ 55.297852, 71.935352 ], [ 56.454395, 71.107373 ], [ 57.625391, 70.728809 ], [ 57.145898, 70.589111 ], [ 56.260059, 70.714746 ], [ 56.561328, 70.593555 ], [ 56.43457, 70.562988 ], [ 56.14248, 70.657861 ], [ 55.796875, 70.615576 ], [ 55.687305, 70.692188 ], [ 54.645117, 70.741846 ], [ 54.601172, 70.680078 ], [ 53.722363, 70.814453 ], [ 53.383594, 70.873535 ], [ 53.613574, 70.914648 ], [ 53.587793, 71.052295 ], [ 53.670508, 71.086914 ], [ 54.155664, 71.125488 ], [ 53.409961, 71.340137 ], [ 53.319043, 71.39917 ], [ 53.411621, 71.530127 ], [ 51.937891, 71.474707 ], [ 51.59043, 71.571143 ], [ 51.438672, 71.776807 ], [ 51.443555, 71.934375 ], [ 51.58252, 72.071191 ], [ 52.252051, 72.129736 ], [ 52.62207, 72.300977 ], [ 52.916602, 72.668896 ], [ 52.550586, 72.768555 ], [ 52.913184, 72.899951 ], [ 53.369824, 72.916748 ], [ 53.247266, 72.973145 ], [ 53.188965, 73.104004 ], [ 53.251172, 73.182959 ], [ 54.803906, 73.387646 ] ] ] } },
{ "type": "Feature", "properties": { "scalerank": 0, "featurecla": "Land", "min_zoom": 0.0 }, "geometry": { "type": "Polygon", "coordinates": [ [ [ 142.761035, 54.393945 ], [ 142.976172, 54.140967 ], [ 142.917969, 53.794238 ], [ 143.324707, 52.963086 ], [ 143.323633, 52.613574 ], [ 143.172266, 52.349365 ], [ 143.190625, 51.944482 ], [ 143.320508, 51.583252 ], [ 143.455469, 51.471484 ], [ 143.816016, 50.282617 ], [ 144.341211, 49.180518 ], [ 144.685547, 48.87124 ], [ 144.71377, 48.640283 ], [ 144.536328, 48.893555 ], [ 144.04873, 49.24917 ], [ 143.732324, 49.312012 ], [ 143.10498, 49.198828 ], [ 142.574219, 48.072168 ], [ 142.556934, 47.737891 ], [ 142.940332, 47.322754 ], [ 143.217676, 46.794873 ], [ 143.485645, 46.752051 ], [ 143.580664, 46.360693 ], [ 143.431641, 46.028662 ], [ 143.282324, 46.558984 ], [ 142.578027, 46.700781 ], [ 142.406445, 46.554688 ], [ 142.077148, 45.917041 ], [ 141.961621, 46.013477 ], [ 141.830371, 46.451074 ], [ 142.038672, 47.140283 ], [ 141.964063, 47.587451 ], [ 142.181738, 48.013379 ], [ 142.135352, 48.290088 ], [ 141.866309, 48.750098 ], [ 142.142285, 49.569141 ], [ 142.066016, 50.630469 ], [ 142.206738, 51.222559 ], [ 141.722363, 51.736328 ], [ 141.808105, 51.789209 ], [ 141.668457, 51.93335 ], [ 141.66084, 52.272949 ], [ 141.855566, 52.793506 ], [ 141.823535, 53.339502 ], [ 142.141992, 53.495605 ], [ 142.318945, 53.405469 ], [ 142.526172, 53.447461 ], [ 142.583496, 53.536768 ], [ 142.50918, 53.587598 ], [ 142.67959, 53.674365 ], [ 142.705957, 53.895703 ], [ 142.334961, 54.280713 ], [ 142.761035, 54.393945 ] ] ] } },
{ "type": "Feature", "properties": { "scalerank": 0, "featurecla": "Land", "min_zoom": 0.0 }, "geometry": { "type": "Polygon", "coordinates": [ [ [ 143.824316, 44.116992 ], [ 144.715234, 43.927979 ], [ 145.369531, 44.327393 ], [ 145.126367, 43.869385 ], [ 145.139648, 43.6625 ], [ 145.34082, 43.302539 ], [ 145.833008, 43.385937 ], [ 145.505078, 43.174219 ], [ 144.921387, 43.000928 ], [ 144.197266, 42.973633 ], [ 143.969336, 42.881396 ], [ 143.429492, 42.418896 ], [ 143.236523, 42.000195 ], [ 141.851367, 42.579053 ], [ 141.406641, 42.546924 ], [ 140.986133, 42.342139 ], [ 140.709766, 42.555615 ], [ 140.480469, 42.559375 ], [ 140.32666, 42.293359 ], [ 141.150977, 41.805078 ], [ 140.999512, 41.737402 ], [ 140.659863, 41.815576 ], [ 140.270117, 41.456006 ], [ 140.036621, 41.473779 ], [ 140.108398, 41.912939 ], [ 139.835449, 42.278076 ], [ 139.860156, 42.581738 ], [ 140.432227, 42.954102 ], [ 140.486426, 43.049902 ], [ 140.392383, 43.303125 ], [ 141.138184, 43.179932 ], [ 141.374121, 43.279639 ], [ 141.397656, 43.642627 ], [ 141.644727, 44.019434 ], [ 141.760938, 44.48252 ], [ 141.782227, 44.716357 ], [ 141.583008, 45.155957 ], [ 141.667969, 45.40127 ], [ 141.937695, 45.509521 ], [ 142.884766, 44.670117 ], [ 143.824316, 44.116992 ] ] ] } },
{ "type": "Feature", "properties": { "scalerank": 0, "featurecla": "Land", "min_zoom": 0.0 }, "geometry": { "type": "Polygon", "coordinates": [ [ [ 141.229297, 41.372656 ], [ 141.455469, 41.404736 ], [ 141.430469, 40.72334 ], [ 141.79707, 40.291162 ], [ 141.99082, 39.792236 ], [ 141.976953, 39.428809 ], [ 141.900781, 39.111328 ], [ 141.658594, 38.974854 ], [ 141.546289, 38.762842 ], [ 141.46748, 38.40415 ], [ 141.108398, 38.337939 ], [ 140.962109, 38.148877 ], [ 141.00166, 37.114648 ], [ 140.729883, 36.731885 ], [ 140.573535, 36.231348 ], [ 140.874023, 35.724951 ], [ 140.457422, 35.510254 ], [ 140.354688, 35.181445 ], [ 139.843945, 34.914893 ], [ 139.826465, 35.29668 ], [ 140.096875, 35.585156 ], [ 139.834766, 35.658057 ], [ 139.65, 35.409131 ], [ 139.744043, 35.252393 ], [ 139.675, 35.149268 ], [ 139.474414, 35.298535 ], [ 139.249414, 35.278027 ], [ 139.134082, 35.154883 ], [ 139.086035, 34.83916 ], [ 138.8375, 34.619238 ], [ 138.761035, 34.699219 ], [ 138.802734, 34.974805 ], [ 138.903613, 35.025244 ], [ 138.719629, 35.124072 ], [ 138.577148, 35.086475 ], [ 138.189063, 34.596338 ], [ 137.543359, 34.664209 ], [ 137.061719, 34.582812 ], [ 137.275195, 34.77251 ], [ 136.963281, 34.834912 ], [ 136.944141, 34.721533 ], [ 136.871289, 34.733105 ], [ 136.89707, 35.035547 ], [ 136.804199, 35.050293 ], [ 136.533008, 34.678369 ], [ 136.880273, 34.433594 ], [ 136.853711, 34.324072 ], [ 136.329883, 34.176855 ], [ 135.916211, 33.561719 ], [ 135.695312, 33.486963 ], [ 135.452832, 33.553369 ], [ 135.12793, 34.006982 ], [ 135.100098, 34.288379 ], [ 135.309277, 34.416797 ], [ 135.415918, 34.61748 ], [ 135.041699, 34.631006 ], [ 134.740039, 34.765234 ], [ 134.246875, 34.713867 ], [ 133.968262, 34.527295 ], [ 133.142383, 34.302441 ], [ 132.656543, 34.246094 ], [ 132.312598, 34.324951 ], [ 132.146484, 33.83877 ], [ 131.740527, 34.052051 ], [ 130.918848, 33.975732 ], [ 130.889258, 34.261816 ], [ 131.004199, 34.392578 ], [ 131.354395, 34.413184 ], [ 132.922949, 35.511279 ], [ 133.98125, 35.507227 ], [ 135.174316, 35.74707 ], [ 135.26543, 35.721777 ], [ 135.232031, 35.591895 ], [ 135.326953, 35.525537 ], [ 135.680273, 35.503125 ], [ 135.903125, 35.606885 ], [ 136.095313, 35.767627 ], [ 136.00625, 35.990576 ], [ 136.06748, 36.116846 ], [ 136.698145, 36.742041 ], [ 136.719238, 37.198389 ], [ 136.843457, 37.382129 ], [ 137.322656, 37.52207 ], [ 137.3375, 37.437451 ], [ 136.899902, 37.117676 ], [ 137.016699, 36.837207 ], [ 137.246289, 36.753174 ], [ 137.514063, 36.951562 ], [ 138.319922, 37.218408 ], [ 138.632812, 37.472168 ], [ 138.885059, 37.843945 ], [ 139.363867, 38.099023 ], [ 139.520801, 38.502539 ], [ 139.801953, 38.881592 ], [ 140.064746, 39.624414 ], [ 139.994727, 39.855078 ], [ 139.741504, 39.92085 ], [ 139.908008, 40.021729 ], [ 140.011133, 40.260352 ], [ 139.966699, 40.672754 ], [ 140.28125, 40.846094 ], [ 140.385938, 41.229785 ], [ 140.627637, 41.19541 ], [ 140.748633, 40.830322 ], [ 140.936035, 40.940771 ], [ 141.118555, 40.882275 ], [ 141.225391, 40.988477 ], [ 141.244238, 41.205615 ], [ 140.800586, 41.138818 ], [ 140.801855, 41.253662 ], [ 140.936914, 41.505566 ], [ 141.229297, 41.372656 ] ] ] } },
{ "type": "Feature", "properties": { "scalerank": 0, "featurecla": "Land", "min_zoom": 1.5 }, "geometry": { "type": "Polygon", "coordinates": [ [ [ 133.94834, 34.348047 ], [ 134.6375, 34.226611 ], [ 134.738867, 33.820508 ], [ 134.377051, 33.608398 ], [ 134.181641, 33.247217 ], [ 133.958691, 33.44834 ], [ 133.632031, 33.510986 ], [ 133.285938, 33.359961 ], [ 132.977246, 32.841992 ], [ 132.804297, 32.752002 ], [ 132.641797, 32.762451 ], [ 132.708984, 32.90249 ], [ 132.495117, 32.916602 ], [ 132.427832, 33.059375 ], [ 132.511426, 33.293066 ], [ 132.405176, 33.33125 ], [ 132.412793, 33.430469 ], [ 132.032617, 33.33999 ], [ 132.643066, 33.689941 ], [ 132.784277, 33.992432 ], [ 132.935156, 34.095312 ], [ 133.193066, 33.933203 ], [ 133.582031, 34.017139 ], [ 133.602637, 34.243848 ], [ 133.94834, 34.348047 ] ] ] } },
{ "type": "Feature", "properties": { "scalerank": 0, "featurecla": "Land", "min_zoom": 0.0 }, "geometry": { "type": "Polygon", "coordinates": [ [ [ 131.174609, 33.602588 ], [ 131.696289, 33.602832 ], [ 131.537402, 33.274072 ], [ 131.896582, 33.25459 ], [ 131.847852, 33.118066 ], [ 132.002148, 32.882373 ], [ 131.660352, 32.465625 ], [ 131.337207, 31.404687 ], [ 131.070801, 31.436865 ], [ 131.098438, 31.256152 ], [ 130.685742, 31.015137 ], [ 130.789746, 31.269092 ], [ 130.704199, 31.577441 ], [ 130.77627, 31.706299 ], [ 130.655078, 31.718408 ], [ 130.556055, 31.563086 ], [ 130.54043, 31.403076 ], [ 130.644531, 31.26748 ], [ 130.58877, 31.178516 ], [ 130.200684, 31.291895 ], [ 130.147266, 31.408496 ], [ 130.294141, 31.450684 ], [ 130.321973, 31.601465 ], [ 130.187891, 31.768848 ], [ 130.194434, 32.090771 ], [ 130.394922, 32.218994 ], [ 130.640527, 32.619238 ], [ 130.497852, 32.656934 ], [ 130.547266, 32.831592 ], [ 130.2375, 33.177637 ], [ 130.126855, 33.104834 ], [ 130.175, 32.851318 ], [ 130.326465, 32.852637 ], [ 130.34043, 32.701855 ], [ 130.054102, 32.770801 ], [ 129.768555, 32.570996 ], [ 129.826758, 32.725342 ], [ 129.690039, 32.875244 ], [ 129.679102, 33.059961 ], [ 129.991699, 32.851562 ], [ 129.580078, 33.236279 ], [ 129.610156, 33.343652 ], [ 129.844141, 33.321777 ], [ 129.825684, 33.437012 ], [ 130.365039, 33.634473 ], [ 130.483789, 33.834619 ], [ 130.715625, 33.927783 ], [ 130.953125, 33.872021 ], [ 131.174609, 33.602588 ] ] ] } },
{ "type": "Feature", "properties": { "scalerank": 0, "featurecla": "Land", "min_zoom": 1.0 }, "geometry": { "type": "Polygon", "coordinates": [ [ [ 121.008789, 22.620361 ], [ 120.839844, 21.925 ], [ 120.742773, 21.956006 ], [ 120.58125, 22.356396 ], [ 120.316211, 22.547607 ], [ 120.083398, 23.093701 ], [ 120.132129, 23.65293 ], [ 121.040625, 25.032812 ], [ 121.593652, 25.275342 ], [ 121.929004, 24.97373 ], [ 121.820117, 24.824512 ], [ 121.828027, 24.534375 ], [ 121.397461, 23.17251 ], [ 121.008789, 22.620361 ] ] ] } },
{ "type": "Feature", "properties": { "scalerank": 0, "featurecla": "Land", "min_zoom": 1.0 }, "geometry": { "type": "Polygon", "coordinates": [ [ [ 110.88877, 19.991943 ], [ 111.013672, 19.655469 ], [ 110.822266, 19.55791 ], [ 110.640918, 19.291211 ], [ 110.45127, 18.747949 ], [ 110.067383, 18.447559 ], [ 109.519336, 18.218262 ], [ 108.701563, 18.535254 ], [ 108.665527, 19.304102 ], [ 109.27666, 19.761133 ], [ 109.177441, 19.768457 ], [ 109.263477, 19.882666 ], [ 110.171582, 20.053711 ], [ 110.588184, 19.976367 ], [ 110.651758, 20.137744 ], [ 110.88877, 19.991943 ] ] ] } },
{ "type": "Feature", "properties": { "scalerank": 0, "featurecla": "Land", "min_zoom": 1.0 }, "geometry": { "type": "Polygon", "coordinates": [ [ [ 79.982324, 9.812695 ], [ 80.252832, 9.796338 ], [ 80.711133, 9.366357 ], [ 81.226953, 8.505518 ], [ 81.372852, 8.431445 ], [ 81.422168, 8.147852 ], [ 81.874121, 7.28833 ], [ 81.861426, 6.90127 ], [ 81.637402, 6.425146 ], [ 80.724121, 5.979053 ], [ 80.267383, 6.009766 ], [ 80.095313, 6.153174 ], [ 79.859375, 6.829297 ], [ 79.712988, 8.182324 ], [ 79.749805, 8.294238 ], [ 79.783496, 8.018457 ], [ 79.928906, 8.899219 ], [ 80.099609, 9.209961 ], [ 80.086328, 9.577832 ], [ 80.42832, 9.480957 ], [ 80.045801, 9.649902 ], [ 79.982324, 9.812695 ] ] ] } },
{ "type": "Feature", "properties": { "scalerank": 0, "featurecla": "Land", "min_zoom": 0.0 }, "geometry": { "type": "Polygon", "coordinates": [ [ [ 49.207031, -12.07959 ], [ 49.9375, -13.072266 ], [ 50.173828, -14.040234 ], [ 50.235352, -14.732031 ], [ 50.441309, -15.149316 ], [ 50.40459, -15.629102 ], [ 50.184961, -15.957813 ], [ 50.02041, -15.801758 ], [ 49.892578, -15.457715 ], [ 49.664355, -15.521582 ], [ 49.839063, -16.486523 ], [ 49.767188, -16.815137 ], [ 49.595215, -16.931152 ], [ 49.449316, -17.240625 ], [ 49.477832, -17.898535 ], [ 49.362891, -18.336328 ], [ 47.908398, -22.46582 ], [ 47.558008, -23.874609 ], [ 47.177344, -24.787207 ], [ 46.728516, -25.149902 ], [ 46.158691, -25.230371 ], [ 45.508008, -25.563184 ], [ 45.115234, -25.543066 ], [ 44.812891, -25.33418 ], [ 44.345898, -25.226074 ], [ 44.035352, -24.995703 ], [ 43.67002, -24.300293 ], [ 43.646094, -23.741895 ], [ 43.722266, -23.529688 ], [ 43.569531, -23.080469 ], [ 43.35752, -22.79082 ], [ 43.264844, -22.383594 ], [ 43.290527, -21.93252 ], [ 43.501855, -21.356445 ], [ 43.800195, -21.179199 ], [ 44.404688, -19.92207 ], [ 44.448828, -19.428711 ], [ 44.23877, -19.075195 ], [ 44.233105, -18.740625 ], [ 44.040039, -18.288477 ], [ 43.979395, -17.391602 ], [ 44.421387, -16.702637 ], [ 44.476172, -16.217285 ], [ 44.90918, -16.174512 ], [ 45.222852, -15.950488 ], [ 45.342188, -16.036719 ], [ 45.598242, -15.992578 ], [ 45.700195, -15.81377 ], [ 46.15752, -15.738281 ], [ 46.399609, -15.924609 ], [ 46.331445, -15.713672 ], [ 46.475098, -15.513477 ], [ 46.942285, -15.219043 ], [ 47.027441, -15.452246 ], [ 47.099219, -15.43418 ], [ 47.092578, -15.150098 ], [ 47.351953, -14.766113 ], [ 47.464746, -14.713281 ], [ 47.47832, -15.009375 ], [ 47.774023, -14.636719 ], [ 47.96416, -14.672559 ], [ 47.811523, -14.544824 ], [ 47.77334, -14.369922 ], [ 47.995508, -13.960449 ], [ 47.883594, -13.80752 ], [ 47.941016, -13.662402 ], [ 48.039844, -13.596289 ], [ 48.255273, -13.719336 ], [ 48.796484, -13.26748 ], [ 48.919434, -12.839063 ], [ 48.786328, -12.470898 ], [ 48.931738, -12.439063 ], [ 49.207031, -12.07959 ] ] ] } },
{ "type": "Feature", "properties": { "scalerank": 0, "featurecla": "Land", "min_zoom": 1.0 }, "geometry": { "type": "Polygon", "coordinates": [ [ [ -159.05293, -79.807422 ], [ -160.3021, -79.844531 ], [ -161.865527, -79.703516 ], [ -163.712402, -79.441992 ], [ -164.281641, -79.245508 ], [ -164.125537, -78.995313 ], [ -163.256104, -78.72207 ], [ -162.390039, -78.760156 ], [ -159.684082, -79.402441 ], [ -159.051367, -79.694531 ], [ -159.05293, -79.807422 ] ] ] } },
{ "type": "Feature", "properties": { "scalerank": 0, "featurecla": "Land", "min_zoom": 1.5 }, "geometry": { "type": "Polygon", "coordinates": [ [ [ -69.731738, -79.618359 ], [ -71.525781, -79.623633 ], [ -71.783545, -79.444336 ], [ -71.66748, -79.245703 ], [ -71.454004, -79.128906 ], [ -70.543994, -78.883691 ], [ -67.478516, -78.3625 ], [ -66.728076, -78.383691 ], [ -69.250879, -79.210352 ], [ -69.686475, -79.443359 ], [ -69.634473, -79.517578 ], [ -69.731738, -79.618359 ] ] ] } },
{ "type": "Feature", "properties": { "scalerank": 0, "featurecla": "Land", "min_zoom": 0.0 }, "geometry": { "type": "Polygon", "coordinates": [ [ [ -45.352344, -78.791211 ], [ -43.627344, -78.846094 ], [ -42.965381, -79.477051 ], [ -42.98999, -79.80127 ], [ -43.267285, -79.978613 ], [ -43.758203, -80.020508 ], [ -43.48999, -80.095508 ], [ -43.52793, -80.191406 ], [ -49.1875, -80.642773 ], [ -49.773047, -80.78418 ], [ -54.1625, -80.870117 ], [ -54.350781, -80.760352 ], [ -54.347168, -80.569434 ], [ -53.393896, -80.108789 ], [ -53.053467, -80.175 ], [ -52.460986, -80.066602 ], [ -52.297168, -80.141211 ], [ -50.401562, -79.511719 ], [ -50.294922, -79.429688 ], [ -50.378662, -79.338184 ], [ -50.733057, -79.282715 ], [ -50.520312, -79.104395 ], [ -50.50249, -78.949902 ], [ -50.241943, -78.833301 ], [ -50.377393, -78.780469 ], [ -50.219629, -78.605273 ], [ -49.08125, -78.047461 ], [ -47.463477, -77.819043 ], [ -46.257861, -77.804883 ], [ -44.594482, -78.035156 ], [ -43.78457, -78.336328 ], [ -43.947217, -78.597559 ], [ -45.067822, -78.661426 ], [ -45.352344, -78.791211 ] ] ] } },
{ "type": "Feature", "properties": { "scalerank": 0, "featurecla": "Land", "min_zoom": 1.0 }, "geometry": { "type": "Polygon", "coordinates": [ [ [ -59.733936, -80.344141 ], [ -59.825488, -80.733301 ], [ -60.582812, -80.948145 ], [ -62.670508, -80.834277 ], [ -62.940381, -80.76582 ], [ -63.143994, -80.594824 ], [ -64.065039, -80.650391 ], [ -64.268262, -80.748535 ], [ -66.771143, -80.293848 ], [ -66.376953, -80.222266 ], [ -65.980078, -80.384473 ], [ -61.633301, -80.344141 ], [ -61.193994, -80.256641 ], [ -61.597461, -80.205859 ], [ -61.68418, -80.019727 ], [ -61.302344, -79.995801 ], [ -61.343115, -79.886816 ], [ -60.578809, -79.741016 ], [ -59.87334, -79.776953 ], [ -59.706348, -79.875293 ], [ -59.787793, -80.100977 ], [ -59.32168, -80.196191 ], [ -59.733936, -80.344141 ] ] ] } },
{ "type": "Feature", "properties": { "scalerank": 0, "featurecla": "Land", "min_zoom": 1.0 }, "geometry": { "type": "Polygon", "coordinates": [ [ [ -70.105469, -68.959375 ], [ -70.079346, -69.310938 ], [ -69.707568, -69.320898 ], [ -69.416943, -69.583203 ], [ -69.09126, -70.090332 ], [ -68.314014, -70.911719 ], [ -68.241016, -71.822168 ], [ -68.542578, -72.157617 ], [ -69.149268, -72.426563 ], [ -69.209326, -72.53418 ], [ -70.543457, -72.664453 ], [ -72.36748, -72.669727 ], [ -73.057422, -72.447559 ], [ -72.7375, -72.280566 ], [ -70.872607, -72.366406 ], [ -70.206006, -72.227734 ], [ -70.533203, -72.163379 ], [ -71.661475, -72.249805 ], [ -71.897559, -72.120801 ], [ -71.034375, -72.03457 ], [ -70.820996, -71.906543 ], [ -71.816162, -71.821875 ], [ -72.336621, -71.632227 ], [ -72.927637, -71.92168 ], [ -73.775977, -71.848926 ], [ -73.537109, -72.022363 ], [ -73.995605, -72.169824 ], [ -74.78584, -72.063574 ], [ -75.382715, -71.82793 ], [ -75.335449, -71.645215 ], [ -75.099658, -71.555371 ], [ -74.391797, -71.638184 ], [ -74.425391, -71.456934 ], [ -74.236084, -71.388379 ], [ -73.479004, -71.578711 ], [ -73.380176, -71.52793 ], [ -73.592187, -71.448047 ], [ -73.604492, -71.350781 ], [ -72.21167, -71.335059 ], [ -73.0604, -71.126953 ], [ -72.710449, -71.072949 ], [ -71.718506, -71.145117 ], [ -71.194043, -70.984766 ], [ -70.380664, -70.946387 ], [ -69.869775, -71.125684 ], [ -69.875781, -70.875977 ], [ -70.916943, -70.78584 ], [ -71.190039, -70.65957 ], [ -71.061084, -70.537109 ], [ -70.328076, -70.36123 ], [ -69.618359, -70.398047 ], [ -70.327637, -70.159668 ], [ -71.120508, -70.196484 ], [ -71.728516, -70.053711 ], [ -71.879248, -69.908984 ], [ -71.74292, -69.422754 ], [ -72.080664, -69.267188 ], [ -72.137891, -69.114551 ], [ -71.868994, -68.941016 ], [ -70.416992, -68.788965 ], [ -70.105469, -68.959375 ] ] ] } },
{ "type": "Feature", "properties": { "scalerank": 0, "featurecla": "Land", "min_zoom": 0.0 }, "geometry": { "type": "Polygon", "coordinates": [ [ [ -69.167041, -52.667578 ], [ -68.789795, -52.576758 ], [ -68.571191, -52.694922 ], [ -68.240137, -53.081836 ], [ -68.431152, -53.055273 ], [ -68.488525, -53.260938 ], [ -68.161133, -53.306445 ], [ -68.008496, -53.564063 ], [ -67.294238, -54.049805 ], [ -66.235645, -54.533496 ], [ -65.179004, -54.678125 ], [ -65.471143, -54.914648 ], [ -66.511133, -55.032129 ], [ -68.220117, -54.817578 ], [ -69.081641, -54.909863 ], [ -69.486279, -54.858887 ], [ -69.723437, -54.712109 ], [ -70.030518, -54.815527 ], [ -70.281738, -54.751758 ], [ -70.497168, -54.80957 ], [ -71.901562, -54.601562 ], [ -71.927734, -54.528711 ], [ -71.800146, -54.433984 ], [ -71.606299, -54.497168 ], [ -71.355225, -54.39541 ], [ -71.079932, -54.444238 ], [ -70.797266, -54.327246 ], [ -70.698828, -54.348828 ], [ -70.701123, -54.485449 ], [ -70.310986, -54.528516 ], [ -70.863086, -54.110449 ], [ -70.867725, -53.88418 ], [ -70.644482, -53.822852 ], [ -70.695605, -53.727441 ], [ -70.531299, -53.627344 ], [ -70.379736, -53.986719 ], [ -70.629834, -54.005566 ], [ -70.243359, -54.347656 ], [ -69.741846, -54.305859 ], [ -69.364795, -54.437598 ], [ -69.312061, -54.571484 ], [ -69.045215, -54.428418 ], [ -69.988135, -54.109082 ], [ -70.151123, -53.888086 ], [ -70.091113, -53.721777 ], [ -69.352441, -53.47998 ], [ -69.393555, -53.373437 ], [ -70.212842, -53.413965 ], [ -70.460254, -53.20625 ], [ -70.390674, -53.026465 ], [ -70.130615, -52.942773 ], [ -70.380127, -52.751953 ], [ -69.935449, -52.821094 ], [ -69.498389, -52.491406 ], [ -69.167041, -52.667578 ] ] ] } },
{ "type": "Feature", "properties": { "scalerank": 0, "featurecla": "Land", "min_zoom": 0.0 }, "geometry": { "type": "Polygon", "coordinates": [ [ [ -82.101367, 23.19043 ], [ -81.262354, 23.156836 ], [ -81.144629, 23.054932 ], [ -80.650146, 23.103076 ], [ -80.364893, 22.943408 ], [ -79.820264, 22.887012 ], [ -79.850732, 22.827197 ], [ -79.275684, 22.407617 ], [ -78.686475, 22.366846 ], [ -77.636816, 21.797363 ], [ -77.497119, 21.78833 ], [ -77.583154, 21.889258 ], [ -77.497266, 21.871631 ], [ -77.144141, 21.643604 ], [ -77.366162, 21.612646 ], [ -77.252881, 21.483496 ], [ -77.098633, 21.589014 ], [ -76.836328, 21.399512 ], [ -76.867432, 21.33042 ], [ -75.722949, 21.111035 ], [ -75.595801, 20.994678 ], [ -75.662939, 20.898145 ], [ -75.597266, 20.837646 ], [ -75.740234, 20.811963 ], [ -75.724561, 20.714551 ], [ -74.882568, 20.650635 ], [ -74.513135, 20.38457 ], [ -74.16748, 20.292187 ], [ -74.153711, 20.168555 ], [ -75.116406, 19.901416 ], [ -75.151611, 20.00835 ], [ -75.290479, 19.893115 ], [ -76.158447, 19.989746 ], [ -77.715088, 19.855469 ], [ -77.55376, 20.082129 ], [ -77.103809, 20.40752 ], [ -77.22959, 20.64375 ], [ -78.116357, 20.761865 ], [ -78.490771, 21.053711 ], [ -78.576562, 21.413818 ], [ -78.727686, 21.592725 ], [ -79.357422, 21.585156 ], [ -80.231348, 21.872168 ], [ -80.485449, 22.123437 ], [ -81.035645, 22.073584 ], [ -81.185498, 22.267969 ], [ -81.284375, 22.109424 ], [ -81.849414, 22.213672 ], [ -82.077734, 22.387695 ], [ -81.710352, 22.49668 ], [ -81.702734, 22.591895 ], [ -81.838818, 22.672461 ], [ -82.738037, 22.689258 ], [ -83.379639, 22.222998 ], [ -83.900732, 22.170117 ], [ -84.030957, 21.943115 ], [ -84.502588, 21.776172 ], [ -84.501367, 21.930273 ], [ -84.887207, 21.856982 ], [ -84.326367, 22.074316 ], [ -84.361279, 22.378906 ], [ -84.044922, 22.666016 ], [ -83.257812, 22.967578 ], [ -82.101367, 23.19043 ] ] ] } },
{ "type": "Feature", "properties": { "scalerank": 0, "featurecla": "Land", "min_zoom": 0.0 }, "geometry": { "type": "Polygon", "coordinates": [ [ [ 20.897852, 80.249951 ], [ 21.549219, 80.24292 ], [ 22.289746, 80.049219 ], [ 22.442676, 80.190283 ], [ 22.450781, 80.402246 ], [ 23.008008, 80.473975 ], [ 23.31543, 80.425244 ], [ 23.114551, 80.186963 ], [ 24.402637, 80.355176 ], [ 25.836328, 80.175146 ], [ 26.86084, 80.16001 ], [ 27.14834, 80.059229 ], [ 27.198633, 79.906592 ], [ 26.005859, 79.617041 ], [ 25.641211, 79.403027 ], [ 24.750586, 79.3646 ], [ 23.947754, 79.194287 ], [ 22.903711, 79.230664 ], [ 22.695703, 79.329053 ], [ 22.865527, 79.411865 ], [ 20.861133, 79.397852 ], [ 20.128223, 79.4896 ], [ 19.674609, 79.591162 ], [ 20.493457, 79.632764 ], [ 20.784082, 79.748584 ], [ 18.725, 79.760742 ], [ 18.255371, 79.929199 ], [ 18.855957, 80.036621 ], [ 17.916895, 80.143115 ], [ 18.779297, 80.193506 ], [ 19.343359, 80.116406 ], [ 19.537109, 80.163232 ], [ 19.17832, 80.331543 ], [ 19.751074, 80.227197 ], [ 19.810352, 80.326807 ], [ 19.614355, 80.462549 ], [ 19.733301, 80.477832 ], [ 20.897852, 80.249951 ] ] ] } },
{ "type": "Feature", "properties": { "scalerank": 0, "featurecla": "Land", "min_zoom": 0.0 }, "geometry": { "type": "Polygon", "coordinates": [ [ [ 16.786719, 79.906738 ], [ 17.219434, 79.940771 ], [ 17.83457, 79.800049 ], [ 17.956152, 79.704248 ], [ 17.6875, 79.53335 ], [ 17.66875, 79.385937 ], [ 18.397363, 79.605176 ], [ 18.815234, 79.42666 ], [ 18.807422, 79.303174 ], [ 18.677832, 79.261719 ], [ 19.089453, 79.157031 ], [ 19.750879, 79.146826 ], [ 19.893555, 79.056201 ], [ 20.162695, 79.145654 ], [ 20.611035, 79.106641 ], [ 20.767188, 79.059131 ], [ 20.500684, 78.981396 ], [ 21.38877, 78.74043 ], [ 19.676758, 78.60957 ], [ 19.150488, 78.379395 ], [ 18.983789, 78.234229 ], [ 18.995117, 78.081494 ], [ 18.439258, 78.025049 ], [ 18.361914, 77.682275 ], [ 18.22793, 77.522607 ], [ 17.62334, 77.399365 ], [ 17.152539, 77.048926 ], [ 17.249023, 76.969189 ], [ 16.97666, 76.811621 ], [ 17.062695, 76.658984 ], [ 16.700488, 76.579297 ], [ 15.546777, 76.886426 ], [ 15.124219, 77.085107 ], [ 14.36582, 77.234473 ], [ 13.995703, 77.508203 ], [ 14.377637, 77.579639 ], [ 14.69502, 77.525049 ], [ 14.920801, 77.688818 ], [ 17.033301, 77.797705 ], [ 16.914062, 77.897998 ], [ 14.089941, 77.771387 ], [ 13.791113, 77.853809 ], [ 13.680566, 78.028125 ], [ 13.936914, 78.085547 ], [ 14.307227, 78.005078 ], [ 14.248145, 78.071387 ], [ 15.698047, 78.227588 ], [ 15.657129, 78.299023 ], [ 15.783887, 78.327051 ], [ 16.776953, 78.350439 ], [ 17.171973, 78.417139 ], [ 16.726562, 78.407178 ], [ 16.448633, 78.503564 ], [ 16.782617, 78.663623 ], [ 15.417383, 78.473242 ], [ 15.254199, 78.589062 ], [ 15.38418, 78.771191 ], [ 15.016309, 78.630127 ], [ 14.689258, 78.720947 ], [ 14.467188, 78.675391 ], [ 14.51543, 78.580566 ], [ 14.431836, 78.49248 ], [ 14.638281, 78.4146 ], [ 14.110449, 78.270898 ], [ 13.150195, 78.2375 ], [ 11.773828, 78.716406 ], [ 11.755176, 78.81167 ], [ 11.861035, 78.831885 ], [ 11.36543, 78.950391 ], [ 12.40332, 78.953223 ], [ 11.981836, 79.025293 ], [ 11.892773, 79.152344 ], [ 12.083984, 79.267529 ], [ 11.97832, 79.292676 ], [ 11.579785, 79.283496 ], [ 11.616406, 79.205273 ], [ 11.521191, 79.15127 ], [ 11.208105, 79.129639 ], [ 10.737598, 79.520166 ], [ 10.810742, 79.640918 ], [ 10.682129, 79.758252 ], [ 11.150391, 79.716992 ], [ 11.702344, 79.820605 ], [ 12.287793, 79.713135 ], [ 12.219141, 79.7979 ], [ 13.692871, 79.860986 ], [ 13.921094, 79.761719 ], [ 12.555371, 79.569482 ], [ 13.333789, 79.574805 ], [ 13.383594, 79.480762 ], [ 13.957227, 79.339648 ], [ 14.055859, 79.383105 ], [ 14.039844, 79.585645 ], [ 14.593652, 79.79873 ], [ 14.831836, 79.766406 ], [ 15.764063, 79.174268 ], [ 16.34375, 78.976123 ], [ 15.875098, 79.519238 ], [ 15.825781, 79.709033 ], [ 16.100195, 79.884424 ], [ 16.093848, 80.007324 ], [ 16.245703, 80.049463 ], [ 16.786719, 79.906738 ] ] ] } },
{ "type": "Feature", "properties": { "scalerank": 0, "featurecla": "Land", "min_zoom": 1.0 }, "geometry": { "type": "Polygon", "coordinates": [ [ [ 9.553711, 40.932129 ], [ 9.805273, 40.499561 ], [ 9.642969, 40.268408 ], [ 9.706738, 40.017041 ], [ 9.5625, 39.166016 ], [ 9.056348, 39.23916 ], [ 8.966602, 38.963721 ], [ 8.648535, 38.926562 ], [ 8.418164, 39.205713 ], [ 8.399121, 39.481592 ], [ 8.547754, 39.839209 ], [ 8.407813, 39.917236 ], [ 8.471289, 40.292676 ], [ 8.189941, 40.651611 ], [ 8.224219, 40.91333 ], [ 8.571875, 40.850195 ], [ 9.228418, 41.25708 ], [ 9.615332, 41.017285 ], [ 9.553711, 40.932129 ] ] ] } },
{ "type": "Feature", "properties": { "scalerank": 0, "featurecla": "Land", "min_zoom": 1.0 }, "geometry": { "type": "Polygon", "coordinates": [ [ [ 9.463281, 42.981006 ], [ 9.550684, 42.129736 ], [ 9.186133, 41.384912 ], [ 8.80752, 41.588379 ], [ 8.886816, 41.700684 ], [ 8.717969, 41.761426 ], [ 8.74043, 41.925146 ], [ 8.621875, 41.930713 ], [ 8.700977, 42.095605 ], [ 8.587793, 42.16084 ], [ 8.675488, 42.284033 ], [ 8.565625, 42.357715 ], [ 8.814844, 42.60791 ], [ 9.313379, 42.713184 ], [ 9.363184, 43.017383 ], [ 9.463281, 42.981006 ] ] ] } },
{ "type": "Feature", "properties": { "scalerank": 0, "featurecla": "Land", "min_zoom": 1.0 }, "geometry": { "type": "Polygon", "coordinates": [ [ [ 15.634668, 38.267578 ], [ 15.099512, 37.458594 ], [ 15.295703, 37.055176 ], [ 15.11582, 36.839258 ], [ 15.112598, 36.687842 ], [ 14.501855, 36.798682 ], [ 14.259082, 37.046436 ], [ 13.800586, 37.135889 ], [ 12.924121, 37.570508 ], [ 12.640234, 37.594336 ], [ 12.435547, 37.819775 ], [ 12.547656, 38.05293 ], [ 12.734375, 38.183057 ], [ 12.902734, 38.034863 ], [ 13.291113, 38.191455 ], [ 13.788867, 37.981201 ], [ 15.11875, 38.152734 ], [ 15.49873, 38.290869 ], [ 15.634668, 38.267578 ] ] ] } },
{ "type": "Feature", "properties": { "scalerank": 0, "featurecla": "Land", "min_zoom": 0.0 }, "geometry": { "type": "Polygon", "coordinates": [ [ [ -52.731152, 69.944727 ], [ -52.045312, 69.807227 ], [ -51.900195, 69.604785 ], [ -52.770459, 69.363916 ], [ -53.754346, 69.260156 ], [ -54.182715, 69.403516 ], [ -53.658301, 69.465137 ], [ -53.825, 69.540332 ], [ -54.734131, 69.610547 ], [ -54.919141, 69.713623 ], [ -54.787891, 69.949854 ], [ -54.322607, 69.941895 ], [ -54.830762, 70.132959 ], [ -54.705957, 70.256152 ], [ -54.371631, 70.317285 ], [ -53.296729, 70.205371 ], [ -52.731152, 69.944727 ] ] ] } },
{ "type": "Feature", "properties": { "scalerank": 0, "featurecla": "Land", "min_zoom": 1.0 }, "geometry": { "type": "Polygon", "coordinates": [ [ [ -127.918066, 50.860547 ], [ -125.48208, 50.316797 ], [ -124.830615, 49.530078 ], [ -123.995801, 49.224023 ], [ -123.497021, 48.58208 ], [ -123.415479, 48.698193 ], [ -123.283789, 48.455176 ], [ -123.573145, 48.322803 ], [ -125.017236, 48.711475 ], [ -125.135693, 48.822412 ], [ -124.849658, 49.028271 ], [ -124.812646, 49.212646 ], [ -124.927344, 49.014209 ], [ -125.543115, 48.952832 ], [ -125.828516, 49.091846 ], [ -125.644238, 49.185791 ], [ -125.95166, 49.248047 ], [ -125.9354, 49.401465 ], [ -126.548535, 49.418945 ], [ -126.541895, 49.590479 ], [ -126.134082, 49.672314 ], [ -126.525244, 49.71958 ], [ -126.90332, 49.944141 ], [ -127.114307, 49.879736 ], [ -127.249805, 50.137988 ], [ -127.349414, 50.051953 ], [ -127.467139, 50.163428 ], [ -127.863916, 50.127734 ], [ -127.83916, 50.293213 ], [ -127.962939, 50.345996 ], [ -127.905859, 50.445215 ], [ -127.486523, 50.404639 ], [ -127.465918, 50.583105 ], [ -127.751465, 50.607373 ], [ -127.731152, 50.535742 ], [ -128.05835, 50.498486 ], [ -128.349902, 50.696582 ], [ -128.241553, 50.828174 ], [ -127.918066, 50.860547 ] ] ] } },
{ "type": "Feature", "properties": { "scalerank": 0, "featurecla": "Land", "min_zoom": 0.0 }, "geometry": { "type": "Polygon", "coordinates": [ [ [ -72.876514, 19.928076 ], [ -71.735107, 19.735107 ], [ -71.557764, 19.895361 ], [ -70.95415, 19.913965 ], [ -70.193848, 19.638037 ], [ -69.956836, 19.671875 ], [ -69.739404, 19.299219 ], [ -69.232471, 19.271826 ], [ -69.605957, 19.206494 ], [ -69.623633, 19.117822 ], [ -68.684766, 18.904785 ], [ -68.381396, 18.671143 ], [ -68.359277, 18.538086 ], [ -68.687402, 18.214941 ], [ -68.934961, 18.408008 ], [ -69.274512, 18.439844 ], [ -69.770654, 18.443555 ], [ -70.479932, 18.217285 ], [ -70.644678, 18.33623 ], [ -71.027832, 18.273193 ], [ -71.438965, 17.635596 ], [ -71.631738, 17.773633 ], [ -71.712451, 18.005469 ], [ -72.059863, 18.228564 ], [ -72.87666, 18.151758 ], [ -73.514844, 18.245361 ], [ -73.747314, 18.190234 ], [ -73.884961, 18.041895 ], [ -74.459961, 18.393066 ], [ -74.3875, 18.624707 ], [ -74.227734, 18.662695 ], [ -72.789355, 18.434814 ], [ -72.376074, 18.574463 ], [ -72.347656, 18.674951 ], [ -72.811084, 19.071582 ], [ -72.703223, 19.441064 ], [ -73.438379, 19.722119 ], [ -73.315332, 19.85459 ], [ -72.876514, 19.928076 ] ] ] } },
{ "type": "Feature", "properties": { "scalerank": 0, "featurecla": "Land", "min_zoom": 0.0 }, "geometry": { "type": "Polygon", "coordinates": [ [ [ -49.628662, -0.229199 ], [ -49.116992, -0.163574 ], [ -48.392676, -0.297363 ], [ -48.570947, -0.892871 ], [ -48.839697, -1.226562 ], [ -48.833594, -1.390039 ], [ -49.038477, -1.514063 ], [ -49.172705, -1.412598 ], [ -49.233984, -1.599512 ], [ -49.506641, -1.511621 ], [ -49.587891, -1.712402 ], [ -49.805127, -1.790234 ], [ -50.065723, -1.703809 ], [ -50.507617, -1.787988 ], [ -50.759766, -1.240234 ], [ -50.729492, -1.126758 ], [ -50.576953, -1.103125 ], [ -50.709619, -1.077734 ], [ -50.796094, -0.90625 ], [ -50.645508, -0.272852 ], [ -50.248242, -0.116406 ], [ -49.628662, -0.229199 ] ] ] } },
{ "type": "Feature", "properties": { "scalerank": 0, "featurecla": "Land", "min_zoom": 0.0 }, "geometry": { "type": "Polygon", "coordinates": [ [ [ -3.053076, 58.634814 ], [ -3.212354, 58.32124 ], [ -3.990039, 57.959033 ], [ -4.035596, 57.852002 ], [ -3.857129, 57.818555 ], [ -4.134521, 57.577734 ], [ -3.402783, 57.708252 ], [ -2.074072, 57.702393 ], [ -1.780664, 57.474023 ], [ -2.592676, 56.561572 ], [ -3.309961, 56.363477 ], [ -2.885156, 56.39751 ], [ -2.652734, 56.318262 ], [ -2.674268, 56.253418 ], [ -3.362256, 56.027637 ], [ -3.789062, 56.095215 ], [ -3.04873, 55.951953 ], [ -2.599316, 56.027295 ], [ -2.14707, 55.902979 ], [ -1.655371, 55.570361 ], [ -1.232422, 54.703711 ], [ -0.671387, 54.503906 ], [ -0.084375, 54.118066 ], [ -0.205566, 54.021729 ], [ 0.115332, 53.609277 ], [ -0.27002, 53.736768 ], [ -0.659912, 53.724023 ], [ -0.293701, 53.692334 ], [ 0.270996, 53.335498 ], [ 0.355762, 53.159961 ], [ 0.045898, 52.905615 ], [ 0.279785, 52.808691 ], [ 0.558789, 52.966943 ], [ 1.055566, 52.958984 ], [ 1.656738, 52.753711 ], [ 1.746582, 52.468994 ], [ 1.591406, 52.119775 ], [ 1.232422, 51.97124 ], [ 1.274414, 51.845361 ], [ 1.188477, 51.803369 ], [ 0.752246, 51.72959 ], [ 0.898047, 51.689404 ], [ 0.890918, 51.571436 ], [ 0.424512, 51.465625 ], [ 1.414941, 51.363281 ], [ 1.397559, 51.182031 ], [ 1.044434, 51.047266 ], [ 0.960156, 50.925879 ], [ 0.205078, 50.763037 ], [ -0.785254, 50.76543 ], [ -1.416455, 50.896875 ], [ -1.334473, 50.820801 ], [ -2.031055, 50.725391 ], [ -1.962061, 50.627783 ], [ -2.03584, 50.603076 ], [ -2.999414, 50.716602 ], [ -3.40459, 50.632422 ], [ -3.679785, 50.239941 ], [ -4.19458, 50.393311 ], [ -4.727979, 50.290479 ], [ -5.118506, 50.03833 ], [ -5.622119, 50.050684 ], [ -5.65625, 50.131885 ], [ -4.893555, 50.533691 ], [ -4.58291, 50.776367 ], [ -4.523096, 50.977441 ], [ -4.296484, 51.027148 ], [ -4.188184, 51.188525 ], [ -3.135986, 51.205029 ], [ -2.433057, 51.740723 ], [ -3.293115, 51.39043 ], [ -3.562354, 51.413818 ], [ -3.890771, 51.59165 ], [ -4.23457, 51.569092 ], [ -4.091016, 51.659912 ], [ -4.386279, 51.741064 ], [ -4.902295, 51.62627 ], [ -5.168359, 51.740723 ], [ -5.262305, 51.880176 ], [ -5.18335, 51.949658 ], [ -4.217725, 52.277441 ], [ -3.980322, 52.541748 ], [ -4.078906, 52.607861 ], [ -4.101465, 52.915479 ], [ -4.683057, 52.806152 ], [ -4.268555, 53.144531 ], [ -3.764209, 53.307617 ], [ -3.326172, 53.347168 ], [ -3.097559, 53.260303 ], [ -3.165576, 53.394678 ], [ -3.064746, 53.426855 ], [ -2.918555, 53.305371 ], [ -2.749512, 53.310205 ], [ -3.0646, 53.512842 ], [ -2.925098, 53.732764 ], [ -3.031787, 53.773584 ], [ -3.026758, 53.905908 ], [ -2.899854, 53.960693 ], [ -2.846484, 54.135303 ], [ -3.165967, 54.12793 ], [ -3.592041, 54.564355 ], [ -3.4646, 54.773096 ], [ -3.03623, 54.953076 ], [ -3.550439, 54.947412 ], [ -3.95791, 54.780957 ], [ -4.253418, 54.846777 ], [ -4.51748, 54.75835 ], [ -4.818066, 54.846143 ], [ -4.91123, 54.689453 ], [ -5.032324, 54.761377 ], [ -5.172705, 54.985889 ], [ -5.055859, 54.988135 ], [ -4.676758, 55.501318 ], [ -4.891846, 55.699121 ], [ -4.87168, 55.873926 ], [ -4.584082, 55.938672 ], [ -4.844092, 56.051172 ], [ -4.800293, 56.15835 ], [ -5.228223, 55.886328 ], [ -5.222949, 56.06582 ], [ -4.996973, 56.23335 ], [ -5.084326, 56.197461 ], [ -5.410449, 55.995361 ], [ -5.38584, 55.770117 ], [ -5.556445, 55.3896 ], [ -5.730664, 55.334131 ], [ -5.681348, 55.623975 ], [ -5.504492, 55.802393 ], [ -5.622852, 55.813135 ], [ -5.60957, 56.055273 ], [ -5.188379, 56.758057 ], [ -5.652441, 56.531982 ], [ -6.133691, 56.706689 ], [ -5.730615, 56.853076 ], [ -5.861426, 56.902686 ], [ -5.591309, 57.102344 ], [ -5.561914, 57.232715 ], [ -5.794922, 57.378809 ], [ -5.801953, 57.468018 ], [ -5.581787, 57.546777 ], [ -5.744922, 57.668311 ], [ -5.60835, 57.881348 ], [ -5.157227, 57.881348 ], [ -5.413184, 58.069727 ], [ -5.338281, 58.238721 ], [ -5.008301, 58.262646 ], [ -5.090137, 58.384521 ], [ -5.016748, 58.566553 ], [ -4.433252, 58.512842 ], [ -3.053076, 58.634814 ] ] ] } },
{ "type": "Feature", "properties": { "scalerank": 0, "featurecla": "Land", "min_zoom": 0.0 }, "geometry": { "type": "Polygon", "coordinates": [ [ [ -7.178613, 55.056885 ], [ -6.947168, 55.18252 ], [ -6.12915, 55.217383 ], [ -5.716846, 54.81748 ], [ -5.878613, 54.641309 ], [ -5.58252, 54.663428 ], [ -5.47041, 54.500195 ], [ -5.483887, 54.44165 ], [ -5.671094, 54.549756 ], [ -5.655957, 54.381738 ], [ -5.557812, 54.370996 ], [ -5.606787, 54.272559 ], [ -6.345166, 53.987207 ], [ -6.141846, 53.577539 ], [ -6.027393, 52.9271 ], [ -6.217236, 52.543115 ], [ -6.463184, 52.345361 ], [ -6.325, 52.24668 ], [ -6.890234, 52.159229 ], [ -6.965771, 52.249512 ], [ -7.003271, 52.165918 ], [ -7.527295, 52.098877 ], [ -8.057812, 51.825586 ], [ -8.40918, 51.88877 ], [ -8.335596, 51.792969 ], [ -8.407812, 51.712061 ], [ -9.296484, 51.498242 ], [ -9.835352, 51.48335 ], [ -9.579834, 51.689258 ], [ -10.120752, 51.600684 ], [ -9.598828, 51.874414 ], [ -10.341064, 51.798926 ], [ -10.378711, 51.86875 ], [ -9.909668, 52.122949 ], [ -10.390234, 52.134912 ], [ -10.356689, 52.206934 ], [ -9.772119, 52.250098 ], [ -9.906055, 52.403711 ], [ -9.632227, 52.546924 ], [ -8.783447, 52.679639 ], [ -8.990283, 52.75542 ], [ -9.175391, 52.634912 ], [ -9.916602, 52.569727 ], [ -9.464893, 52.823193 ], [ -9.393652, 52.89624 ], [ -9.461963, 52.947266 ], [ -9.299219, 53.097559 ], [ -8.930127, 53.20708 ], [ -9.514209, 53.238232 ], [ -9.625977, 53.334473 ], [ -9.875781, 53.342725 ], [ -9.79541, 53.394971 ], [ -10.09126, 53.412842 ], [ -10.116992, 53.548535 ], [ -9.720654, 53.604492 ], [ -9.909717, 53.657617 ], [ -9.901611, 53.727197 ], [ -9.578223, 53.80542 ], [ -9.578857, 53.879834 ], [ -9.914062, 53.863721 ], [ -9.856445, 54.095361 ], [ -10.092676, 54.155762 ], [ -10.056396, 54.257812 ], [ -8.545557, 54.241211 ], [ -8.623145, 54.346875 ], [ -8.230371, 54.507275 ], [ -8.133447, 54.64082 ], [ -8.763916, 54.681201 ], [ -8.377295, 54.889453 ], [ -8.393262, 55.02041 ], [ -8.274609, 55.146289 ], [ -7.66709, 55.256494 ], [ -7.556641, 55.122217 ], [ -7.65874, 54.970947 ], [ -7.478418, 55.046973 ], [ -7.517871, 55.247949 ], [ -7.301758, 55.298779 ], [ -7.308789, 55.36582 ], [ -6.96167, 55.237891 ], [ -7.178613, 55.056885 ] ] ] } },
{ "type": "Feature", "properties": { "scalerank": 0, "featurecla": "Land", "min_zoom": 0.0 }, "geometry": { "type": "Polygon", "coordinates": [ [ [ -179.999951, 68.983447 ], [ -178.873877, 68.754102 ], [ -178.538525, 68.585645 ], [ -178.751465, 68.660449 ], [ -178.692627, 68.545996 ], [ -178.097461, 68.424805 ], [ -178.055811, 68.264893 ], [ -177.796777, 68.337988 ], [ -178.373047, 68.565674 ], [ -177.527246, 68.294385 ], [ -177.589209, 68.224219 ], [ -177.297412, 68.22251 ], [ -175.345215, 67.678076 ], [ -175.23252, 67.44668 ], [ -175.374707, 67.357373 ], [ -175.002686, 67.4375 ], [ -174.849854, 67.348877 ], [ -174.938135, 67.093018 ], [ -174.771191, 66.784326 ], [ -174.924902, 66.623145 ], [ -174.50376, 66.537939 ], [ -174.394092, 66.344238 ], [ -174.084766, 66.473096 ], [ -174.065039, 66.22959 ], [ -173.773975, 66.434668 ], [ -174.231592, 66.631885 ], [ -174.005518, 66.778613 ], [ -174.086426, 66.942871 ], [ -174.550098, 67.090625 ], [ -173.679688, 67.144775 ], [ -173.157813, 67.069092 ], [ -173.323535, 66.954834 ], [ -173.347363, 66.851367 ], [ -173.258936, 66.840088 ], [ -173.175391, 66.8646 ], [ -173.193018, 66.993604 ], [ -172.520117, 66.95249 ], [ -173.00752, 67.064893 ], [ -171.795557, 66.931738 ], [ -170.473096, 66.320264 ], [ -170.604443, 66.248926 ], [ -170.301221, 66.294043 ], [ -170.191943, 66.20127 ], [ -170.243945, 66.169287 ], [ -169.777881, 66.143115 ], [ -169.72915, 66.058105 ], [ -170.540674, 65.86543 ], [ -170.560986, 65.65625 ], [ -170.666309, 65.621533 ], [ -171.451172, 65.794238 ], [ -171.054248, 65.549951 ], [ -171.169971, 65.5021 ], [ -171.907129, 65.495947 ], [ -172.435693, 65.669629 ], [ -172.783301, 65.681055 ], [ -172.353955, 65.495996 ], [ -172.417773, 65.449561 ], [ -172.232812, 65.455713 ], [ -172.309277, 65.275635 ], [ -172.661914, 65.248535 ], [ -172.286035, 65.205713 ], [ -172.213184, 65.048145 ], [ -173.066211, 64.847168 ], [ -172.801074, 64.790527 ], [ -172.900879, 64.628857 ], [ -172.487402, 64.544189 ], [ -172.37876, 64.431543 ], [ -172.73916, 64.412256 ], [ -172.903174, 64.526074 ], [ -172.915869, 64.369434 ], [ -173.157422, 64.279736 ], [ -173.375684, 64.354883 ], [ -173.32749, 64.539551 ], [ -173.729736, 64.364502 ], [ -174.570557, 64.717773 ], [ -175.442139, 64.816699 ], [ -175.853857, 65.01084 ], [ -175.856152, 65.232812 ], [ -176.093262, 65.471045 ], [ -177.05625, 65.613623 ], [ -177.48877, 65.503711 ], [ -178.4125, 65.495557 ], [ -178.525928, 65.593018 ], [ -178.502344, 65.74043 ], [ -178.939063, 66.032764 ], [ -178.746729, 66.013672 ], [ -178.526563, 66.401562 ], [ -178.868115, 66.187061 ], [ -179.105078, 66.231934 ], [ -179.143408, 66.375049 ], [ -179.340137, 66.2875 ], [ -179.327197, 66.162598 ], [ -179.683301, 66.184131 ], [ -179.789697, 65.900879 ], [ -179.365967, 65.638623 ], [ -179.3521, 65.516748 ], [ -179.70459, 65.187207 ], [ -180.0, 65.067236 ], [ -179.999951, 68.983447 ] ] ] } },
{ "type": "Feature", "properties": { "scalerank": 0, "featurecla": "Land", "min_zoom": 0.0 }, "geometry": { "type": "Polygon", "coordinates": [ [ [ -15.543115, 66.228516 ], [ -14.59585, 66.381543 ], [ -14.912207, 66.284277 ], [ -15.116406, 66.102441 ], [ -14.698193, 66.020215 ], [ -14.688232, 65.896973 ], [ -14.8271, 65.764258 ], [ -14.391846, 65.787402 ], [ -14.318164, 65.684473 ], [ -14.473389, 65.575342 ], [ -14.166943, 65.642285 ], [ -13.617871, 65.519336 ], [ -13.804785, 65.354785 ], [ -13.641113, 65.275 ], [ -13.754883, 65.192529 ], [ -13.569678, 65.068115 ], [ -13.854004, 64.992871 ], [ -13.85293, 64.862158 ], [ -14.044434, 64.741895 ], [ -14.385107, 64.745215 ], [ -14.432568, 64.53833 ], [ -14.628223, 64.415967 ], [ -15.83291, 64.17666 ], [ -16.640332, 63.865479 ], [ -17.815723, 63.712988 ], [ -17.946924, 63.535742 ], [ -18.653613, 63.406689 ], [ -20.198145, 63.555811 ], [ -20.494043, 63.687354 ], [ -20.363037, 63.764941 ], [ -20.413965, 63.805176 ], [ -20.650928, 63.737402 ], [ -21.136572, 63.887939 ], [ -21.105957, 63.939844 ], [ -22.652197, 63.827734 ], [ -22.701172, 64.083203 ], [ -22.510059, 63.991455 ], [ -22.187598, 64.039209 ], [ -21.46333, 64.37915 ], [ -22.053369, 64.313916 ], [ -21.90127, 64.391602 ], [ -22.000684, 64.413184 ], [ -21.950342, 64.51499 ], [ -21.590625, 64.626367 ], [ -22.106006, 64.533057 ], [ -22.324707, 64.624414 ], [ -22.247559, 64.726904 ], [ -22.467041, 64.794971 ], [ -23.346973, 64.824365 ], [ -23.818994, 64.73916 ], [ -24.026172, 64.863428 ], [ -22.788086, 65.046484 ], [ -21.892139, 65.048779 ], [ -21.763721, 65.17373 ], [ -22.509082, 65.196777 ], [ -21.844385, 65.447363 ], [ -22.90249, 65.580469 ], [ -23.899902, 65.407568 ], [ -24.475684, 65.525195 ], [ -24.248926, 65.61499 ], [ -23.856738, 65.538379 ], [ -24.092627, 65.776465 ], [ -23.615918, 65.67959 ], [ -23.285352, 65.75 ], [ -23.832617, 65.849219 ], [ -23.524951, 65.880029 ], [ -23.777344, 66.017578 ], [ -23.434473, 66.024219 ], [ -23.598535, 66.108838 ], [ -23.452539, 66.181006 ], [ -23.062549, 66.08623 ], [ -23.018994, 65.982129 ], [ -22.659863, 66.025928 ], [ -22.616016, 65.86748 ], [ -22.441699, 65.908301 ], [ -22.445312, 66.07002 ], [ -22.9479, 66.212744 ], [ -22.484424, 66.266309 ], [ -23.116943, 66.338721 ], [ -22.889209, 66.440625 ], [ -22.426123, 66.430127 ], [ -21.406885, 66.025586 ], [ -21.51665, 65.967578 ], [ -21.308789, 65.895313 ], [ -21.374902, 65.741895 ], [ -21.658447, 65.723584 ], [ -21.364746, 65.578223 ], [ -21.432178, 65.474072 ], [ -21.22998, 65.420605 ], [ -21.129687, 65.266602 ], [ -20.804346, 65.636426 ], [ -20.454834, 65.571045 ], [ -20.356641, 65.719043 ], [ -20.356592, 66.033252 ], [ -20.20752, 66.100098 ], [ -19.489697, 65.768066 ], [ -19.382959, 66.075684 ], [ -18.845898, 66.183936 ], [ -18.141943, 65.734082 ], [ -18.099023, 65.830273 ], [ -18.297168, 66.157422 ], [ -17.906982, 66.143311 ], [ -17.550439, 65.964404 ], [ -17.153027, 66.202832 ], [ -16.838037, 66.125244 ], [ -16.48501, 66.195947 ], [ -16.428076, 66.278369 ], [ -16.540674, 66.446729 ], [ -16.249316, 66.5229 ], [ -15.9854, 66.514648 ], [ -15.543115, 66.228516 ] ] ] } },
{ "type": "Feature", "properties": { "scalerank": 0, "featurecla": "Land", "min_zoom": 2.0 }, "geometry": { "type": "Polygon", "coordinates": [ [ [ 167.084082, -77.32168 ], [ 169.275586, -77.454688 ], [ 169.352734, -77.524707 ], [ 168.518848, -77.68125 ], [ 167.392285, -77.648633 ], [ 166.729004, -77.850977 ], [ 166.216797, -77.524609 ], [ 166.626367, -77.376758 ], [ 166.413086, -77.251953 ], [ 166.506348, -77.189355 ], [ 166.987305, -77.186523 ], [ 167.084082, -77.32168 ] ] ] } },
{ "type": "Feature", "properties": { "scalerank": 0, "featurecla": "Land", "min_zoom": 2.0 }, "geometry": { "type": "Polygon", "coordinates": [ [ [ -160.467139, -81.589453 ], [ -163.253076, -81.482422 ], [ -163.951221, -81.390918 ], [ -163.200635, -81.281445 ], [ -162.456494, -81.313281 ], [ -160.937891, -81.463477 ], [ -160.467139, -81.589453 ] ] ] } },
{ "type": "Feature", "properties": { "scalerank": 0, "featurecla": "Land", "min_zoom": 0.0 }, "geometry": { "type": "Polygon", "coordinates": [ [ [ -69.884424, -54.882031 ], [ -68.900781, -55.017773 ], [ -68.458008, -54.959668 ], [ -68.399805, -55.041992 ], [ -68.613281, -55.155566 ], [ -68.282666, -55.255176 ], [ -68.326562, -55.332715 ], [ -68.089893, -55.47832 ], [ -68.04834, -55.643164 ], [ -68.338037, -55.505273 ], [ -68.867041, -55.450195 ], [ -68.890088, -55.241211 ], [ -69.192627, -55.171875 ], [ -69.29707, -55.16582 ], [ -69.359229, -55.300684 ], [ -69.180859, -55.474805 ], [ -69.411816, -55.444238 ], [ -69.645898, -55.320898 ], [ -69.657373, -55.229004 ], [ -69.979785, -55.147461 ], [ -69.884424, -54.882031 ] ] ] } },
{ "type": "Feature", "properties": { "scalerank": 0, "featurecla": "Land", "min_zoom": 0.0 }, "geometry": { "type": "Polygon", "coordinates": [ [ [ -73.053613, -53.394434 ], [ -72.882227, -53.57832 ], [ -72.482275, -53.588086 ], [ -72.20542, -53.807422 ], [ -72.408545, -54.003809 ], [ -72.870996, -54.126563 ], [ -72.958594, -54.065918 ], [ -72.76377, -53.864844 ], [ -73.039453, -53.832813 ], [ -73.080762, -53.998047 ], [ -73.210645, -53.98584 ], [ -73.304736, -53.943945 ], [ -73.314355, -53.729199 ], [ -73.845459, -53.545801 ], [ -73.686523, -53.426855 ], [ -73.44707, -53.410059 ], [ -73.099365, -53.511914 ], [ -73.053613, -53.394434 ] ] ] } },
{ "type": "Feature", "properties": { "scalerank": 0, "featurecla": "Land", "min_zoom": 0.0 }, "geometry": { "type": "Polygon", "coordinates": [ [ [ -73.735352, -44.394531 ], [ -73.983301, -44.494824 ], [ -74.002051, -44.590918 ], [ -73.827881, -44.839844 ], [ -73.7521, -45.266797 ], [ -74.099072, -45.325391 ], [ -74.089258, -45.195703 ], [ -74.617773, -44.647949 ], [ -74.480518, -44.58457 ], [ -74.501807, -44.473535 ], [ -74.097217, -44.389355 ], [ -74.082812, -44.186426 ], [ -73.994922, -44.140234 ], [ -73.703223, -44.274121 ], [ -73.735352, -44.394531 ] ] ] } },
{ "type": "Feature", "properties": { "scalerank": 0, "featurecla": "Land", "min_zoom": 2.0 }, "geometry": { "type": "Polygon", "coordinates": [ [ [ 57.810254, 81.546045 ], [ 58.563867, 81.418408 ], [ 57.858691, 81.368066 ], [ 58.015332, 81.254834 ], [ 57.450977, 81.135547 ], [ 56.821875, 81.237939 ], [ 55.716699, 81.188477 ], [ 55.466016, 81.311182 ], [ 56.156836, 81.303076 ], [ 57.091504, 81.541211 ], [ 57.810254, 81.546045 ] ] ] } },
{ "type": "Feature", "properties": { "scalerank": 0, "featurecla": "Land", "min_zoom": 2.0 }, "geometry": { "type": "Polygon", "coordinates": [ [ [ 54.718945, 81.115967 ], [ 56.472266, 80.998242 ], [ 57.694141, 80.792285 ], [ 55.883398, 80.628418 ], [ 54.066602, 80.813623 ], [ 54.04541, 80.871973 ], [ 54.367285, 80.903809 ], [ 54.718945, 81.115967 ] ] ] } },
{ "type": "Feature", "properties": { "scalerank": 0, "featurecla": "Land", "min_zoom": 0.5 }, "geometry": { "type": "Polygon", "coordinates": [ [ [ -154.804199, 19.524463 ], [ -155.680762, 18.967676 ], [ -155.881299, 19.070508 ], [ -155.890723, 19.38252 ], [ -156.048682, 19.749951 ], [ -155.820312, 20.01416 ], [ -155.892773, 20.167383 ], [ -155.831641, 20.27583 ], [ -155.198779, 19.994385 ], [ -154.804199, 19.524463 ] ] ] } },
{ "type": "Feature", "properties": { "scalerank": 0, "featurecla": "Land", "min_zoom": 0.0 }, "geometry": { "type": "Polygon", "coordinates": [ [ [ -86.589355, 71.010791 ], [ -85.643848, 71.152441 ], [ -85.094873, 71.151953 ], [ -85.001562, 71.137451 ], [ -85.065771, 71.078613 ], [ -84.988477, 71.031738 ], [ -84.82373, 71.028613 ], [ -84.658105, 71.5146 ], [ -84.699414, 71.631445 ], [ -85.339062, 71.697266 ], [ -85.911621, 71.986523 ], [ -85.321875, 72.233154 ], [ -84.28374, 72.044482 ], [ -84.841992, 72.308154 ], [ -84.623047, 72.376563 ], [ -85.341113, 72.421533 ], [ -85.615576, 72.604639 ], [ -85.649902, 72.722168 ], [ -85.574609, 72.856396 ], [ -85.262109, 72.954004 ], [ -84.256641, 72.796729 ], [ -85.454736, 73.105469 ], [ -85.018408, 73.335498 ], [ -84.416064, 73.456494 ], [ -83.781885, 73.416895 ], [ -83.904053, 73.52832 ], [ -83.410352, 73.631689 ], [ -82.659619, 73.72959 ], [ -81.605371, 73.695996 ], [ -81.344092, 73.597754 ], [ -81.151758, 73.314014 ], [ -80.603467, 73.121191 ], [ -80.591895, 72.927686 ], [ -80.277246, 72.770166 ], [ -81.229346, 72.311719 ], [ -80.611475, 72.45083 ], [ -80.941211, 72.210156 ], [ -80.691406, 72.103467 ], [ -80.921094, 72.072314 ], [ -80.925146, 71.907666 ], [ -80.181934, 72.208789 ], [ -79.884375, 72.177197 ], [ -80.108936, 72.332178 ], [ -79.831299, 72.446289 ], [ -79.583691, 72.314648 ], [ -79.32334, 72.39082 ], [ -79.000244, 72.272021 ], [ -79.007812, 72.04292 ], [ -78.585107, 71.880615 ], [ -78.862744, 72.10083 ], [ -78.699268, 72.351416 ], [ -77.516504, 72.177783 ], [ -78.287207, 72.359814 ], [ -78.484277, 72.470605 ], [ -78.422412, 72.571533 ], [ -77.753223, 72.724756 ], [ -76.893506, 72.720654 ], [ -75.704297, 72.571533 ], [ -75.294238, 72.480859 ], [ -75.071484, 72.322852 ], [ -75.052686, 72.226367 ], [ -75.542773, 72.007959 ], [ -75.922803, 71.717236 ], [ -75.147656, 72.062988 ], [ -74.266357, 72.037695 ], [ -74.212598, 71.938672 ], [ -74.315723, 71.842676 ], [ -75.204785, 71.709131 ], [ -74.700781, 71.675586 ], [ -74.996191, 71.218115 ], [ -74.758936, 71.338135 ], [ -74.488086, 71.648389 ], [ -73.866602, 71.771045 ], [ -73.713574, 71.719873 ], [ -74.197266, 71.40415 ], [ -73.712842, 71.587598 ], [ -73.180615, 71.282861 ], [ -73.278223, 71.537988 ], [ -72.901953, 71.677783 ], [ -71.640674, 71.51626 ], [ -71.186523, 71.278711 ], [ -71.49502, 71.105127 ], [ -71.937939, 71.094287 ], [ -72.632715, 70.830762 ], [ -72.312549, 70.83252 ], [ -72.00918, 71.013428 ], [ -71.742529, 71.046875 ], [ -71.37085, 70.975146 ], [ -70.826074, 71.10874 ], [ -70.672656, 71.052197 ], [ -70.639111, 70.902441 ], [ -70.761719, 70.792236 ], [ -71.890186, 70.431543 ], [ -71.727246, 70.395215 ], [ -71.42666, 70.5521 ], [ -71.275879, 70.500293 ], [ -71.429443, 70.127783 ], [ -70.979785, 70.581055 ], [ -70.084717, 70.829541 ], [ -69.289062, 70.783447 ], [ -68.495752, 70.610254 ], [ -68.358252, 70.5229 ], [ -68.482568, 70.414844 ], [ -69.435693, 70.253125 ], [ -70.057715, 70.042627 ], [ -68.778223, 70.203564 ], [ -68.723291, 70.145654 ], [ -69.008301, 69.978955 ], [ -68.744043, 69.941406 ], [ -68.230664, 70.112207 ], [ -68.327197, 70.180176 ], [ -68.120654, 70.3146 ], [ -67.855322, 70.281787 ], [ -67.363672, 70.034424 ], [ -67.192773, 69.756836 ], [ -68.02041, 69.770068 ], [ -69.250781, 69.511914 ], [ -68.513037, 69.577295 ], [ -67.908252, 69.460107 ], [ -67.360937, 69.47251 ], [ -66.67627, 69.258447 ], [ -66.802881, 69.152734 ], [ -67.938477, 69.248145 ], [ -69.040625, 69.097998 ], [ -68.415527, 69.17207 ], [ -67.751709, 69.038672 ], [ -67.883203, 68.783984 ], [ -69.319092, 68.856982 ], [ -68.2104, 68.702979 ], [ -67.938477, 68.52417 ], [ -66.713916, 68.445703 ], [ -67.032959, 68.326074 ], [ -66.830957, 68.215625 ], [ -66.923096, 68.065723 ], [ -66.729004, 68.129004 ], [ -66.662695, 68.034424 ], [ -66.630957, 68.210645 ], [ -66.212402, 68.28042 ], [ -66.274707, 68.040771 ], [ -66.526465, 67.851172 ], [ -66.392383, 67.831934 ], [ -65.942383, 68.070947 ], [ -65.974902, 67.957422 ], [ -65.864355, 67.922852 ], [ -65.509082, 67.968262 ], [ -65.540869, 67.765625 ], [ -65.40127, 67.674854 ], [ -65.415332, 67.879248 ], [ -64.976904, 68.043408 ], [ -64.835449, 67.98999 ], [ -65.026025, 67.892041 ], [ -65.021094, 67.787549 ], [ -64.637793, 67.840234 ], [ -63.850195, 67.566064 ], [ -64.07749, 67.495605 ], [ -64.007959, 67.347314 ], [ -64.699951, 67.350537 ], [ -64.589258, 67.315527 ], [ -63.83623, 67.264111 ], [ -63.591602, 67.377539 ], [ -63.040137, 67.23501 ], [ -63.258398, 67.024658 ], [ -63.701562, 66.822363 ], [ -62.962305, 66.949268 ], [ -62.379736, 66.905371 ], [ -62.123584, 67.046729 ], [ -61.299707, 66.64873 ], [ -61.527832, 66.558105 ], [ -61.904492, 66.678125 ], [ -62.12334, 66.643066 ], [ -61.576416, 66.4125 ], [ -61.862695, 66.312842 ], [ -62.553125, 66.406836 ], [ -62.405664, 66.315918 ], [ -62.533594, 66.227002 ], [ -61.991602, 66.035303 ], [ -62.624121, 66.01626 ], [ -62.381982, 65.833301 ], [ -62.658887, 65.639941 ], [ -63.168945, 65.657324 ], [ -63.45874, 65.853027 ], [ -63.420898, 65.708594 ], [ -63.651074, 65.660986 ], [ -63.337451, 65.616748 ], [ -63.363379, 65.229736 ], [ -63.606592, 64.928076 ], [ -63.895605, 65.109277 ], [ -64.151855, 65.066162 ], [ -64.345703, 65.172412 ], [ -64.269678, 65.400781 ], [ -64.555078, 65.116602 ], [ -65.108496, 65.46377 ], [ -65.401611, 65.764014 ], [ -64.445361, 66.317139 ], [ -65.004492, 66.077734 ], [ -65.825732, 65.996924 ], [ -65.857178, 66.086426 ], [ -65.656348, 66.204736 ], [ -66.063721, 66.132715 ], [ -66.476953, 66.279736 ], [ -66.986328, 66.62749 ], [ -66.968994, 66.547168 ], [ -67.076855, 66.525488 ], [ -67.307324, 66.569727 ], [ -67.191748, 66.432764 ], [ -67.225391, 66.310254 ], [ -67.883398, 66.467432 ], [ -67.704492, 66.268604 ], [ -67.183203, 66.034424 ], [ -67.350439, 65.929736 ], [ -67.828027, 65.965186 ], [ -68.459912, 66.249268 ], [ -68.748926, 66.200049 ], [ -68.217187, 66.078857 ], [ -68.186719, 65.870996 ], [ -67.866455, 65.773682 ], [ -67.936768, 65.564893 ], [ -67.569629, 65.643555 ], [ -67.117969, 65.440381 ], [ -67.336523, 65.346582 ], [ -66.830908, 65.07417 ], [ -66.697412, 64.815186 ], [ -66.635498, 65.000342 ], [ -66.22373, 64.854102 ], [ -66.301514, 64.777734 ], [ -66.214648, 64.722412 ], [ -65.938525, 64.885742 ], [ -65.431934, 64.726416 ], [ -65.274805, 64.631543 ], [ -65.529346, 64.504785 ], [ -65.074609, 64.43667 ], [ -65.212988, 64.303271 ], [ -65.580322, 64.293848 ], [ -65.347803, 64.232324 ], [ -65.169873, 64.028174 ], [ -64.678467, 64.027979 ], [ -64.798145, 63.915967 ], [ -64.576318, 63.897363 ], [ -64.410937, 63.706348 ], [ -64.561572, 63.679688 ], [ -64.514355, 63.263965 ], [ -64.664648, 63.245361 ], [ -64.933301, 63.599268 ], [ -65.191846, 63.764258 ], [ -65.004785, 63.333398 ], [ -65.068945, 63.263477 ], [ -64.672363, 62.921973 ], [ -65.162793, 62.932617 ], [ -65.046582, 62.701465 ], [ -65.108496, 62.626465 ], [ -66.224023, 63.107178 ], [ -66.228662, 62.990967 ], [ -66.414453, 63.027197 ], [ -66.65498, 63.264746 ], [ -66.697461, 63.069531 ], [ -67.01792, 63.316504 ], [ -67.260937, 63.340723 ], [ -67.893262, 63.73374 ], [ -67.722559, 63.422754 ], [ -68.49375, 63.725488 ], [ -68.911084, 63.703223 ], [ -68.14126, 63.172314 ], [ -67.675977, 63.093555 ], [ -67.736963, 63.00957 ], [ -66.644873, 62.602051 ], [ -66.28125, 62.302686 ], [ -65.980176, 62.208887 ], [ -66.133154, 62.102393 ], [ -66.058887, 61.913867 ], [ -66.32373, 61.870264 ], [ -67.440137, 62.15127 ], [ -68.633643, 62.281299 ], [ -69.125586, 62.423975 ], [ -69.604736, 62.767725 ], [ -70.236133, 62.763379 ], [ -71.105762, 63.002246 ], [ -70.946045, 63.120703 ], [ -71.347266, 63.066113 ], [ -71.992236, 63.416162 ], [ -71.614258, 63.444092 ], [ -71.380859, 63.580322 ], [ -71.837549, 63.724951 ], [ -72.290137, 63.727979 ], [ -72.174268, 63.893408 ], [ -72.498437, 63.823486 ], [ -72.678076, 64.02002 ], [ -73.454541, 64.399268 ], [ -73.271289, 64.58252 ], [ -73.910352, 64.578125 ], [ -74.064795, 64.424658 ], [ -74.130469, 64.607812 ], [ -74.46123, 64.644678 ], [ -74.681396, 64.830664 ], [ -74.919434, 64.765527 ], [ -74.640039, 64.55708 ], [ -74.694727, 64.496582 ], [ -75.715039, 64.524365 ], [ -75.766699, 64.391943 ], [ -76.856152, 64.237646 ], [ -77.791162, 64.36709 ], [ -78.174561, 64.617725 ], [ -78.055273, 64.98291 ], [ -77.360889, 65.196533 ], [ -77.4604, 65.355908 ], [ -77.326709, 65.453125 ], [ -75.82832, 65.227051 ], [ -75.519922, 65.056006 ], [ -75.589111, 64.905029 ], [ -75.4521, 64.841602 ], [ -75.357129, 65.00874 ], [ -75.798682, 65.29751 ], [ -75.166309, 65.283936 ], [ -73.9896, 65.516992 ], [ -73.550781, 65.485254 ], [ -73.746094, 65.766699 ], [ -74.276172, 66.012744 ], [ -74.416406, 66.16709 ], [ -73.033252, 66.728174 ], [ -72.788818, 67.030615 ], [ -72.22002, 67.254297 ], [ -72.725293, 67.811621 ], [ -73.328223, 68.266748 ], [ -73.284473, 68.356982 ], [ -73.644482, 68.294531 ], [ -73.820508, 68.362939 ], [ -73.879346, 68.429395 ], [ -73.780615, 68.619287 ], [ -73.851562, 68.701367 ], [ -74.117969, 68.700928 ], [ -73.989258, 68.548633 ], [ -74.422412, 68.579932 ], [ -74.699951, 68.80835 ], [ -74.9104, 68.823145 ], [ -74.743262, 68.913379 ], [ -74.954004, 68.961084 ], [ -74.716699, 69.045508 ], [ -74.854883, 69.06582 ], [ -75.213281, 68.909375 ], [ -75.522656, 68.952734 ], [ -76.585059, 68.69873 ], [ -76.557227, 69.009473 ], [ -75.953711, 69.030811 ], [ -75.647754, 69.212549 ], [ -76.520361, 69.516602 ], [ -76.463281, 69.619971 ], [ -76.234082, 69.662109 ], [ -76.513281, 69.683936 ], [ -76.742334, 69.5729 ], [ -77.089941, 69.635107 ], [ -76.858594, 69.775391 ], [ -77.59165, 69.845605 ], [ -77.774023, 70.238525 ], [ -78.282812, 70.22915 ], [ -79.066406, 70.603564 ], [ -79.405225, 70.400732 ], [ -79.017529, 70.325195 ], [ -78.809814, 70.178564 ], [ -78.818799, 70.010449 ], [ -79.092871, 69.925342 ], [ -79.51543, 69.887598 ], [ -81.651953, 70.094629 ], [ -81.02373, 69.9 ], [ -80.842871, 69.79165 ], [ -80.921729, 69.730908 ], [ -81.564697, 69.942725 ], [ -82.293848, 69.836914 ], [ -83.149951, 70.009082 ], [ -83.859082, 69.962744 ], [ -85.432373, 70.111377 ], [ -85.780029, 70.03667 ], [ -86.322021, 70.14541 ], [ -86.499805, 70.350391 ], [ -86.396875, 70.465332 ], [ -87.900684, 70.251904 ], [ -88.848437, 70.5229 ], [ -89.208301, 70.759717 ], [ -89.455908, 71.061719 ], [ -87.844922, 70.944385 ], [ -87.140088, 71.011621 ], [ -87.872461, 71.208545 ], [ -89.079346, 71.287939 ], [ -89.693311, 71.423486 ], [ -89.845752, 71.492285 ], [ -90.025195, 71.948779 ], [ -89.663818, 72.157959 ], [ -89.858691, 72.24834 ], [ -89.816846, 72.467725 ], [ -89.357715, 72.80415 ], [ -89.225342, 73.108057 ], [ -88.705176, 73.403271 ], [ -87.719775, 73.7229 ], [ -86.76875, 73.833984 ], [ -85.009326, 73.778613 ], [ -84.974512, 73.694775 ], [ -86.086475, 73.260254 ], [ -86.667773, 72.762549 ], [ -86.322559, 72.46084 ], [ -86.341357, 72.123193 ], [ -86.218457, 71.899121 ], [ -85.023389, 71.353223 ], [ -86.589355, 71.010791 ] ] ] } },
{ "type": "Feature", "properties": { "scalerank": 0, "featurecla": "Land", "min_zoom": 0.0 }, "geometry": { "type": "Polygon", "coordinates": [ [ [ -69.488867, 83.016797 ], [ -66.422559, 82.926855 ], [ -68.469336, 82.653369 ], [ -65.727441, 82.842432 ], [ -65.299023, 82.799609 ], [ -64.904883, 82.90083 ], [ -64.504004, 82.778418 ], [ -63.49873, 82.792578 ], [ -63.642529, 82.712988 ], [ -63.085352, 82.565234 ], [ -63.246777, 82.450195 ], [ -61.697168, 82.488623 ], [ -61.207227, 82.341064 ], [ -62.176709, 82.043408 ], [ -64.435791, 81.742627 ], [ -66.625732, 81.616406 ], [ -66.914062, 81.485107 ], [ -68.688525, 81.293311 ], [ -64.780078, 81.492871 ], [ -68.630469, 80.678711 ], [ -69.550684, 80.383252 ], [ -70.143506, 80.397656 ], [ -70.712598, 80.5396 ], [ -70.212793, 80.277734 ], [ -70.264893, 80.233594 ], [ -72.055957, 80.123242 ], [ -70.559082, 80.070996 ], [ -71.355811, 79.911279 ], [ -71.110156, 79.847803 ], [ -71.387842, 79.761768 ], [ -72.436523, 79.694385 ], [ -74.394482, 79.874072 ], [ -74.660205, 79.835156 ], [ -73.472461, 79.756445 ], [ -73.201123, 79.596582 ], [ -73.466064, 79.495166 ], [ -75.503418, 79.41416 ], [ -76.898828, 79.512305 ], [ -75.602734, 79.239551 ], [ -74.481201, 79.229492 ], [ -74.532324, 79.052734 ], [ -78.581641, 79.075 ], [ -77.882764, 78.942383 ], [ -76.255859, 79.006836 ], [ -74.433105, 78.724121 ], [ -74.878613, 78.544824 ], [ -76.416113, 78.511523 ], [ -75.193457, 78.327734 ], [ -75.969629, 77.993115 ], [ -78.012598, 77.946045 ], [ -78.076172, 77.519043 ], [ -78.493213, 77.369385 ], [ -80.573047, 77.314795 ], [ -81.659082, 77.525439 ], [ -81.277734, 77.365186 ], [ -82.056787, 77.296533 ], [ -81.756348, 77.204004 ], [ -81.117188, 77.269629 ], [ -80.218701, 77.146582 ], [ -79.497266, 77.196094 ], [ -79.340869, 77.158398 ], [ -79.318945, 76.980371 ], [ -79.220752, 76.936035 ], [ -78.791797, 76.883594 ], [ -78.288867, 76.977979 ], [ -77.99873, 76.851953 ], [ -77.983301, 76.75498 ], [ -78.284326, 76.57124 ], [ -79.511035, 76.310498 ], [ -80.799707, 76.173584 ], [ -80.99668, 76.21499 ], [ -80.834814, 76.369141 ], [ -80.974512, 76.470068 ], [ -81.717383, 76.494971 ], [ -82.529834, 76.723291 ], [ -82.261963, 76.574707 ], [ -82.233154, 76.46582 ], [ -83.885693, 76.453125 ], [ -84.223779, 76.675342 ], [ -84.275342, 76.356543 ], [ -85.343604, 76.313379 ], [ -86.11582, 76.434912 ], [ -86.453711, 76.584863 ], [ -86.680225, 76.376611 ], [ -87.354199, 76.448047 ], [ -87.489795, 76.58584 ], [ -87.497559, 76.386279 ], [ -88.395996, 76.405273 ], [ -88.49585, 76.772852 ], [ -88.614111, 76.650879 ], [ -88.545801, 76.420898 ], [ -89.570068, 76.491943 ], [ -89.499756, 76.826807 ], [ -88.556201, 77.072217 ], [ -86.812256, 77.184912 ], [ -87.681445, 77.436377 ], [ -88.094678, 77.719189 ], [ -88.016992, 77.784717 ], [ -86.755078, 77.863721 ], [ -86.172998, 77.746143 ], [ -85.588477, 77.461133 ], [ -84.487012, 77.367969 ], [ -83.608057, 77.442236 ], [ -82.902734, 77.732715 ], [ -82.595312, 77.992139 ], [ -83.779395, 77.532617 ], [ -84.860547, 77.499512 ], [ -85.289355, 77.559033 ], [ -85.292041, 77.763867 ], [ -85.547559, 77.927686 ], [ -84.61543, 78.195703 ], [ -84.222705, 78.176025 ], [ -84.910352, 78.239697 ], [ -84.783203, 78.527588 ], [ -85.024316, 78.312402 ], [ -85.585938, 78.10957 ], [ -86.217773, 78.081201 ], [ -85.920068, 78.342871 ], [ -86.913232, 78.126807 ], [ -87.551758, 78.176611 ], [ -87.491309, 78.417187 ], [ -86.80791, 78.774365 ], [ -85.00376, 78.912256 ], [ -83.271436, 78.770313 ], [ -81.750098, 78.975781 ], [ -82.43877, 78.903662 ], [ -84.412012, 78.996582 ], [ -84.567773, 79.071289 ], [ -83.575879, 79.053662 ], [ -85.268506, 79.664111 ], [ -86.031494, 79.721924 ], [ -86.420752, 79.845215 ], [ -86.614502, 80.123535 ], [ -86.498535, 80.258252 ], [ -86.307178, 80.319336 ], [ -83.723633, 80.228955 ], [ -81.688379, 79.685791 ], [ -80.475928, 79.60625 ], [ -80.124463, 79.669482 ], [ -81.010156, 79.693115 ], [ -82.987012, 80.322607 ], [ -76.862988, 80.864795 ], [ -78.716211, 80.95166 ], [ -78.286816, 81.167627 ], [ -76.885107, 81.430273 ], [ -79.19834, 81.117578 ], [ -79.761328, 80.841943 ], [ -81.007031, 80.654883 ], [ -82.884326, 80.577539 ], [ -82.222363, 80.772314 ], [ -83.401416, 80.713965 ], [ -84.219775, 80.537793 ], [ -85.14585, 80.521143 ], [ -86.61543, 80.630029 ], [ -86.2521, 80.789551 ], [ -85.246289, 80.987891 ], [ -83.288818, 81.147949 ], [ -85.780859, 81.035059 ], [ -87.329883, 80.669775 ], [ -87.71167, 80.65625 ], [ -89.263281, 80.914307 ], [ -86.476758, 81.035742 ], [ -84.941211, 81.28623 ], [ -87.275098, 81.080811 ], [ -89.623047, 81.032471 ], [ -89.980957, 81.124707 ], [ -89.208691, 81.250098 ], [ -89.673682, 81.328613 ], [ -89.427002, 81.387451 ], [ -87.597021, 81.52583 ], [ -88.479053, 81.564648 ], [ -90.303516, 81.401123 ], [ -90.609033, 81.429541 ], [ -89.82168, 81.634863 ], [ -91.292383, 81.57124 ], [ -91.684082, 81.635693 ], [ -90.941943, 81.827441 ], [ -88.063184, 82.096484 ], [ -87.018213, 81.95874 ], [ -86.626807, 82.051025 ], [ -85.044824, 81.982812 ], [ -86.615625, 82.218555 ], [ -84.896826, 82.449414 ], [ -83.590674, 82.326465 ], [ -82.633691, 82.077295 ], [ -82.327441, 82.09248 ], [ -82.747461, 82.196436 ], [ -82.536914, 82.247266 ], [ -79.424854, 81.854443 ], [ -82.447559, 82.39502 ], [ -81.681152, 82.518652 ], [ -82.116846, 82.628662 ], [ -80.809668, 82.586377 ], [ -81.178076, 82.744678 ], [ -81.010156, 82.779053 ], [ -78.748779, 82.679395 ], [ -80.154932, 82.911133 ], [ -79.886328, 82.938525 ], [ -77.47959, 82.883154 ], [ -76.009375, 82.535156 ], [ -75.565625, 82.608545 ], [ -77.124902, 83.008545 ], [ -74.41416, 83.013135 ], [ -72.658691, 82.721631 ], [ -73.440723, 82.94585 ], [ -72.81167, 83.081201 ], [ -72.069238, 83.106055 ], [ -70.940381, 82.902246 ], [ -71.423535, 83.021143 ], [ -69.969922, 83.116113 ], [ -69.488867, 83.016797 ] ] ] } },
{ "type": "Feature", "properties": { "scalerank": 0, "featurecla": "Land", "min_zoom": 0.0 }, "geometry": { "type": "Polygon", "coordinates": [ [ [ -94.30835, 71.764893 ], [ -93.810205, 71.76626 ], [ -93.762842, 71.638037 ], [ -93.031299, 71.335693 ], [ -92.882715, 71.069336 ], [ -92.981445, 70.852246 ], [ -92.355811, 70.634277 ], [ -92.047363, 70.30332 ], [ -91.76084, 70.32627 ], [ -91.564062, 70.178271 ], [ -91.858594, 70.132666 ], [ -92.320508, 70.235352 ], [ -92.511865, 70.103857 ], [ -91.976709, 70.038672 ], [ -92.887793, 69.668213 ], [ -92.31167, 69.6729 ], [ -91.911963, 69.53125 ], [ -91.201807, 69.644775 ], [ -91.439941, 69.525684 ], [ -90.415576, 69.456982 ], [ -90.683984, 69.427734 ], [ -90.892285, 69.267285 ], [ -91.237207, 69.285547 ], [ -90.744775, 69.105908 ], [ -90.479004, 68.881152 ], [ -90.573633, 68.474707 ], [ -90.247754, 68.267432 ], [ -89.897705, 68.490771 ], [ -89.666602, 69.0146 ], [ -89.279541, 69.255469 ], [ -89.056738, 69.266113 ], [ -88.041357, 68.811719 ], [ -87.82793, 68.299951 ], [ -88.346973, 68.288281 ], [ -88.313818, 67.950342 ], [ -88.195898, 67.76582 ], [ -87.499121, 67.355322 ], [ -87.359375, 67.177246 ], [ -86.560791, 67.482129 ], [ -86.398047, 67.800098 ], [ -85.952588, 68.072461 ], [ -85.689795, 68.670947 ], [ -85.491064, 68.773975 ], [ -84.867578, 68.77334 ], [ -85.106641, 68.844043 ], [ -84.862207, 69.073975 ], [ -85.386768, 69.231885 ], [ -85.507373, 69.845264 ], [ -84.318799, 69.843701 ], [ -83.665332, 69.699707 ], [ -82.37417, 69.641797 ], [ -82.754834, 69.494385 ], [ -82.309863, 69.41001 ], [ -82.227539, 69.248877 ], [ -81.377832, 69.185645 ], [ -81.328662, 69.119922 ], [ -81.95791, 68.883643 ], [ -81.380908, 68.850049 ], [ -81.25249, 68.743164 ], [ -81.281543, 68.657227 ], [ -81.914844, 68.458789 ], [ -82.552686, 68.446484 ], [ -82.222412, 68.145264 ], [ -82.0125, 68.193896 ], [ -82.062549, 67.928174 ], [ -81.294336, 67.497412 ], [ -81.467578, 67.069873 ], [ -81.925537, 66.974707 ], [ -82.260547, 66.739111 ], [ -83.406445, 66.37124 ], [ -83.590283, 66.387842 ], [ -83.998047, 66.728516 ], [ -84.324365, 66.781787 ], [ -84.272559, 66.839209 ], [ -84.538477, 66.972803 ], [ -84.845752, 67.028711 ], [ -85.113721, 66.906934 ], [ -84.737744, 66.933594 ], [ -84.223047, 66.682471 ], [ -83.82583, 66.28999 ], [ -83.869043, 66.213574 ], [ -84.293066, 66.291797 ], [ -84.478418, 66.179297 ], [ -84.628076, 66.207715 ], [ -85.603857, 66.568262 ], [ -86.708154, 66.523047 ], [ -86.685107, 66.3604 ], [ -85.95874, 66.119043 ], [ -87.081104, 65.44082 ], [ -87.452881, 65.338965 ], [ -87.969971, 65.348926 ], [ -88.743945, 65.67876 ], [ -89.749414, 65.936035 ], [ -89.943994, 65.933594 ], [ -89.889697, 65.868555 ], [ -91.427246, 65.9479 ], [ -91.041113, 65.829834 ], [ -90.983447, 65.919238 ], [ -89.924072, 65.780273 ], [ -88.974023, 65.348291 ], [ -87.027539, 65.198096 ], [ -87.028516, 65.063623 ], [ -87.280518, 64.826172 ], [ -88.105615, 64.183301 ], [ -88.817725, 63.992236 ], [ -89.200635, 64.11377 ], [ -89.131543, 63.968506 ], [ -89.61582, 64.030615 ], [ -89.811328, 64.180566 ], [ -90.04165, 64.140869 ], [ -89.855713, 63.956982 ], [ -90.168164, 63.97876 ], [ -90.013428, 63.804297 ], [ -90.154736, 63.689648 ], [ -90.811914, 63.580908 ], [ -91.982227, 63.822412 ], [ -92.338428, 63.787646 ], [ -93.696338, 64.147168 ], [ -93.596729, 64.040576 ], [ -93.66416, 63.941406 ], [ -93.559814, 63.865283 ], [ -93.270215, 63.840869 ], [ -93.378516, 63.948486 ], [ -92.156885, 63.691699 ], [ -92.465088, 63.555078 ], [ -91.841846, 63.697559 ], [ -90.711279, 63.304053 ], [ -90.777881, 62.971631 ], [ -91.448975, 62.804053 ], [ -92.361279, 62.819385 ], [ -92.305176, 62.71167 ], [ -91.93584, 62.592383 ], [ -92.551416, 62.546729 ], [ -92.767969, 62.37998 ], [ -92.527979, 62.168408 ], [ -93.205371, 62.364941 ], [ -92.905518, 62.215137 ], [ -93.065869, 62.149756 ], [ -93.073389, 62.060547 ], [ -93.349756, 62.029785 ], [ -93.273438, 61.961084 ], [ -93.333057, 61.93291 ], [ -93.581787, 61.942041 ], [ -93.312012, 61.767285 ], [ -93.912744, 61.481445 ], [ -93.888818, 61.344043 ], [ -94.083447, 61.303662 ], [ -94.067773, 61.138867 ], [ -94.509375, 60.604541 ], [ -94.761719, 60.498242 ], [ -94.646777, 60.416406 ], [ -94.785791, 59.95332 ], [ -94.788281, 59.267871 ], [ -94.957324, 59.068848 ], [ -94.287061, 58.716016 ], [ -94.332227, 58.297363 ], [ -94.123193, 58.736719 ], [ -93.17876, 58.725635 ], [ -92.432812, 57.320312 ], [ -92.798145, 56.921973 ], [ -91.111279, 57.241211 ], [ -90.592187, 57.224463 ], [ -88.826465, 56.814258 ], [ -88.075098, 56.467285 ], [ -87.482422, 56.021289 ], [ -85.67666, 55.601074 ], [ -85.218018, 55.348975 ], [ -85.365283, 55.079297 ], [ -85.060937, 55.285645 ], [ -83.910596, 55.314648 ], [ -82.986279, 55.231396 ], [ -82.393262, 55.067822 ], [ -82.219385, 54.813477 ], [ -82.42417, 54.24458 ], [ -82.141455, 53.817627 ], [ -82.15918, 53.26416 ], [ -82.291553, 53.030713 ], [ -81.599414, 52.432617 ], [ -81.611523, 52.324072 ], [ -81.827881, 52.224219 ], [ -81.466211, 52.204492 ], [ -80.657959, 51.75835 ], [ -80.443311, 51.388574 ], [ -80.851221, 51.125 ], [ -80.47832, 51.307324 ], [ -80.103564, 51.282861 ], [ -79.83623, 51.17334 ], [ -79.3479, 50.762646 ], [ -79.714453, 51.117578 ], [ -79.688818, 51.346582 ], [ -79.497559, 51.569922 ], [ -79.296973, 51.622803 ], [ -79.040527, 51.46377 ], [ -78.903174, 51.200293 ], [ -78.731348, 51.497461 ], [ -78.981641, 51.774561 ], [ -78.448096, 52.261377 ], [ -78.744141, 52.655371 ], [ -78.72168, 52.856445 ], [ -78.898242, 53.043359 ], [ -79.100342, 53.656641 ], [ -79.040332, 53.817969 ], [ -78.945703, 53.831592 ], [ -79.075146, 53.932373 ], [ -78.996045, 54.00249 ], [ -79.241797, 54.098877 ], [ -79.138818, 54.157227 ], [ -79.356152, 54.263379 ], [ -79.712354, 54.671826 ], [ -77.775293, 55.29126 ], [ -76.761816, 55.996436 ], [ -76.529834, 56.499951 ], [ -76.572852, 57.181201 ], [ -76.890918, 57.758105 ], [ -77.552441, 58.2396 ], [ -78.505908, 58.649121 ], [ -78.430518, 58.901758 ], [ -77.760693, 59.380029 ], [ -77.859033, 59.475781 ], [ -77.726172, 59.675879 ], [ -77.349072, 59.578955 ], [ -77.485303, 59.68457 ], [ -77.331641, 59.796631 ], [ -77.372949, 59.925098 ], [ -77.289209, 60.022021 ], [ -77.585889, 60.088184 ], [ -77.452881, 60.145801 ], [ -77.681445, 60.4271 ], [ -77.503564, 60.542725 ], [ -77.79082, 60.639844 ], [ -77.603027, 60.825195 ], [ -78.181348, 60.819141 ], [ -77.765039, 61.15752 ], [ -77.736182, 61.437354 ], [ -77.514355, 61.556299 ], [ -78.021387, 61.83208 ], [ -78.133398, 62.282275 ], [ -77.372412, 62.57251 ], [ -75.675537, 62.249512 ], [ -75.789844, 62.17959 ], [ -75.341211, 62.312109 ], [ -74.632568, 62.115674 ], [ -74.645801, 62.211133 ], [ -73.705078, 62.473145 ], [ -72.881836, 62.125391 ], [ -72.686963, 62.124561 ], [ -72.632129, 62.027246 ], [ -72.771631, 61.84043 ], [ -72.505566, 61.922656 ], [ -72.226123, 61.831592 ], [ -72.040039, 61.680273 ], [ -72.215869, 61.587256 ], [ -71.866113, 61.688525 ], [ -71.638281, 61.617188 ], [ -71.854395, 61.439795 ], [ -71.645312, 61.413135 ], [ -71.743457, 61.337256 ], [ -71.422705, 61.158936 ], [ -70.279297, 61.068652 ], [ -69.992432, 60.856494 ], [ -69.708398, 60.914648 ], [ -69.623633, 61.049512 ], [ -69.471924, 61.010937 ], [ -69.404736, 60.846777 ], [ -69.640479, 60.689795 ], [ -69.75127, 60.487451 ], [ -69.62876, 60.198584 ], [ -69.67373, 60.075879 ], [ -70.654834, 60.026221 ], [ -69.733936, 59.918018 ], [ -69.579395, 59.675098 ], [ -69.681885, 59.341748 ], [ -69.344043, 59.303076 ], [ -69.531641, 58.869238 ], [ -69.648389, 58.820801 ], [ -69.78418, 58.955713 ], [ -70.154346, 58.760596 ], [ -69.789893, 58.689307 ], [ -69.271094, 58.883936 ], [ -68.698193, 58.904541 ], [ -68.381152, 58.743506 ], [ -68.229395, 58.48457 ], [ -68.356543, 58.163232 ], [ -69.04082, 57.90249 ], [ -68.413574, 58.051758 ], [ -68.021045, 58.485303 ], [ -67.888281, 58.295752 ], [ -68.063867, 58.138965 ], [ -67.755957, 58.40459 ], [ -67.678271, 57.991113 ], [ -67.569629, 58.213477 ], [ -66.722168, 58.491016 ], [ -66.362402, 58.791162 ], [ -66.090918, 58.659033 ], [ -66.002393, 58.431201 ], [ -65.9229, 58.571973 ], [ -66.043066, 58.820654 ], [ -65.854834, 58.846631 ], [ -65.920703, 58.914648 ], [ -65.720996, 59.023779 ], [ -65.383545, 59.060205 ], [ -65.7, 59.21333 ], [ -65.512793, 59.350391 ], [ -65.411719, 59.31499 ], [ -65.475098, 59.470312 ], [ -65.038232, 59.387891 ], [ -65.407422, 59.539355 ], [ -65.486475, 59.648682 ], [ -65.433398, 59.776514 ], [ -65.028174, 59.770703 ], [ -65.171729, 59.908008 ], [ -64.817334, 60.331055 ], [ -64.499414, 60.268262 ], [ -64.41958, 60.171387 ], [ -64.768457, 60.012109 ], [ -64.283496, 60.064062 ], [ -64.182861, 59.972949 ], [ -64.226318, 59.741211 ], [ -64.056055, 59.822559 ], [ -63.750195, 59.512598 ], [ -63.945459, 59.380176 ], [ -63.775879, 59.277148 ], [ -63.539893, 59.332861 ], [ -63.415137, 59.194385 ], [ -63.971143, 59.053809 ], [ -63.248437, 59.068311 ], [ -63.282129, 58.867383 ], [ -63.050293, 58.878174 ], [ -62.873877, 58.672461 ], [ -63.537061, 58.329932 ], [ -63.209961, 58.466943 ], [ -62.593848, 58.474023 ], [ -62.812061, 58.200391 ], [ -63.261523, 58.014697 ], [ -62.48623, 58.154053 ], [ -62.305664, 57.972266 ], [ -61.958643, 57.911768 ], [ -61.899072, 57.861328 ], [ -61.994922, 57.769434 ], [ -61.967969, 57.611914 ], [ -62.495557, 57.489209 ], [ -61.921143, 57.420801 ], [ -61.849805, 57.37041 ], [ -61.977441, 57.247949 ], [ -61.33374, 57.010596 ], [ -61.371631, 56.680811 ], [ -62.497266, 56.801709 ], [ -61.737744, 56.526025 ], [ -62.009668, 56.453857 ], [ -61.94043, 56.423584 ], [ -61.425293, 56.360645 ], [ -61.713086, 56.230957 ], [ -61.364697, 56.216016 ], [ -61.301123, 56.047168 ], [ -61.449512, 55.995703 ], [ -61.089355, 55.866357 ], [ -60.743262, 55.941455 ], [ -60.562109, 55.727002 ], [ -60.341016, 55.784668 ], [ -60.408301, 55.649561 ], [ -60.192383, 55.480908 ], [ -60.617139, 55.060205 ], [ -59.758789, 55.30957 ], [ -59.689062, 55.196338 ], [ -59.437891, 55.175928 ], [ -59.837793, 54.813965 ], [ -59.25957, 55.199951 ], [ -58.997119, 55.149463 ], [ -58.780176, 54.838379 ], [ -58.398145, 54.774121 ], [ -57.962451, 54.875732 ], [ -57.826855, 54.718652 ], [ -57.404492, 54.590869 ], [ -57.699268, 54.386572 ], [ -58.435205, 54.228125 ], [ -58.633203, 54.049561 ], [ -59.823047, 53.834424 ], [ -60.144922, 53.596143 ], [ -60.39541, 53.65332 ], [ -60.100293, 53.486963 ], [ -60.290283, 53.391455 ], [ -60.329492, 53.266113 ], [ -58.652051, 53.977881 ], [ -57.928271, 54.103564 ], [ -58.31748, 54.114453 ], [ -58.309961, 54.20166 ], [ -57.416064, 54.162744 ], [ -57.134961, 53.791846 ], [ -57.524072, 53.611426 ], [ -57.331738, 53.469092 ], [ -56.840869, 53.739453 ], [ -56.524316, 53.766455 ], [ -55.966113, 53.471143 ], [ -55.797949, 53.211963 ], [ -55.892334, 53.000439 ], [ -55.802832, 52.643164 ], [ -56.324902, 52.544531 ], [ -55.746484, 52.474561 ], [ -55.777148, 52.364258 ], [ -56.011719, 52.394482 ], [ -55.672803, 52.190137 ], [ -56.975977, 51.457666 ], [ -57.46167, 51.469092 ], [ -58.510352, 51.295068 ], [ -59.165381, 50.779883 ], [ -60.080176, 50.25459 ], [ -60.807227, 50.249805 ], [ -61.724854, 50.104053 ], [ -61.919531, 50.232861 ], [ -62.71543, 50.30166 ], [ -63.238623, 50.242578 ], [ -65.268604, 50.32002 ], [ -66.495508, 50.211865 ], [ -66.941162, 49.993701 ], [ -67.372021, 49.348437 ], [ -68.281934, 49.197168 ], [ -68.220605, 49.149658 ], [ -68.929053, 48.828955 ], [ -69.673877, 48.19917 ], [ -71.018262, 48.455615 ], [ -69.775, 48.098096 ], [ -69.994434, 47.739893 ], [ -71.267773, 46.795947 ], [ -72.204639, 46.558887 ], [ -72.981006, 46.209717 ], [ -73.476611, 45.738232 ], [ -73.711865, 45.711182 ], [ -74.037842, 45.501855 ], [ -74.315088, 45.531055 ], [ -73.999609, 45.43335 ], [ -73.973828, 45.345117 ], [ -74.708887, 45.003857 ], [ -73.558105, 45.425098 ], [ -73.15957, 46.010059 ], [ -72.109277, 46.551221 ], [ -71.261182, 46.75625 ], [ -70.519482, 47.03252 ], [ -69.471045, 47.967285 ], [ -68.815674, 48.366016 ], [ -66.598096, 49.126367 ], [ -65.523389, 49.266162 ], [ -64.567725, 49.104785 ], [ -64.216211, 48.873633 ], [ -64.208789, 48.806201 ], [ -64.513721, 48.841113 ], [ -64.246094, 48.691113 ], [ -64.25376, 48.550391 ], [ -64.348828, 48.423193 ], [ -65.259424, 48.02124 ], [ -65.926709, 48.188867 ], [ -66.704395, 48.022461 ], [ -66.359619, 48.060645 ], [ -65.849414, 47.911035 ], [ -65.607227, 47.67002 ], [ -65.00166, 47.846826 ], [ -65.046387, 47.793018 ], [ -64.703223, 47.724854 ], [ -64.912207, 47.368652 ], [ -65.318896, 47.101221 ], [ -64.831396, 47.060791 ], [ -64.905762, 46.887939 ], [ -64.541504, 46.240332 ], [ -63.915918, 46.16582 ], [ -63.831934, 46.107178 ], [ -64.056396, 46.021338 ], [ -63.292773, 45.751953 ], [ -62.700684, 45.740576 ], [ -62.750098, 45.648242 ], [ -62.483057, 45.621826 ], [ -61.955518, 45.868164 ], [ -61.776514, 45.655615 ], [ -61.492285, 45.687012 ], [ -61.350488, 45.573682 ], [ -61.281982, 45.441064 ], [ -61.460986, 45.366699 ], [ -61.031543, 45.291748 ], [ -63.306299, 44.642578 ], [ -63.604004, 44.683203 ], [ -63.544824, 44.54375 ], [ -63.609766, 44.47998 ], [ -63.999707, 44.644922 ], [ -64.100879, 44.487451 ], [ -64.166992, 44.58667 ], [ -64.286084, 44.550342 ], [ -64.275684, 44.334082 ], [ -65.481689, 43.518066 ], [ -65.738135, 43.560742 ], [ -65.886914, 43.795215 ], [ -66.037646, 43.742188 ], [ -66.125732, 43.813818 ], [ -66.193066, 44.143848 ], [ -66.099561, 44.36748 ], [ -65.868018, 44.568799 ], [ -66.146387, 44.435937 ], [ -66.090625, 44.504932 ], [ -65.615771, 44.68042 ], [ -65.502246, 44.7604 ], [ -65.728223, 44.697119 ], [ -64.90293, 45.120801 ], [ -64.448828, 45.256055 ], [ -64.448145, 45.337451 ], [ -64.330762, 45.309326 ], [ -64.354248, 45.138232 ], [ -64.135498, 45.023047 ], [ -64.182715, 45.147021 ], [ -64.093164, 45.21709 ], [ -63.368018, 45.364795 ], [ -64.873145, 45.35459 ], [ -64.827393, 45.475537 ], [ -64.314648, 45.835693 ], [ -64.482227, 45.806348 ], [ -64.632715, 45.946631 ], [ -64.593652, 45.813672 ], [ -64.778516, 45.638428 ], [ -65.884473, 45.2229 ], [ -66.109766, 45.316602 ], [ -66.026562, 45.417578 ], [ -66.182715, 45.335205 ], [ -66.14375, 45.227588 ], [ -66.439844, 45.095898 ], [ -66.872461, 45.067285 ], [ -67.124854, 45.169434 ], [ -67.106738, 44.885059 ], [ -66.987012, 44.827686 ], [ -67.19126, 44.675586 ], [ -67.839062, 44.57627 ], [ -68.056641, 44.384326 ], [ -68.152051, 44.502002 ], [ -68.37373, 44.445117 ], [ -68.450586, 44.507617 ], [ -68.53252, 44.258643 ], [ -68.811914, 44.339355 ], [ -68.710107, 44.442578 ], [ -68.794922, 44.454492 ], [ -68.762695, 44.570752 ], [ -68.961475, 44.433838 ], [ -69.068359, 44.097559 ], [ -69.226074, 43.986475 ], [ -69.520752, 43.897363 ], [ -69.556689, 43.982764 ], [ -69.623926, 43.880615 ], [ -69.652881, 43.993896 ], [ -69.729834, 43.852002 ], [ -69.795312, 43.910645 ], [ -69.80835, 43.772314 ], [ -69.974316, 43.787891 ], [ -69.965234, 43.855078 ], [ -70.178809, 43.766357 ], [ -70.269238, 43.671924 ], [ -70.202588, 43.626123 ], [ -70.733105, 43.07002 ], [ -70.829053, 42.825342 ], [ -70.612939, 42.623242 ], [ -70.831152, 42.552588 ], [ -71.046191, 42.331104 ], [ -70.738281, 42.228857 ], [ -70.656152, 41.987061 ], [ -70.42666, 41.757275 ], [ -70.001416, 41.826172 ], [ -70.241064, 42.091211 ], [ -70.108936, 42.07832 ], [ -69.977881, 41.961279 ], [ -69.948633, 41.677148 ], [ -70.657129, 41.534229 ], [ -70.701123, 41.714844 ], [ -71.168555, 41.489404 ], [ -71.14873, 41.745703 ], [ -71.271094, 41.68125 ], [ -71.390137, 41.795312 ], [ -71.522852, 41.378955 ], [ -72.924707, 41.285156 ], [ -73.583008, 41.021875 ], [ -73.987109, 40.751367 ], [ -73.871973, 41.055176 ], [ -73.969922, 41.249707 ], [ -73.927197, 40.914258 ], [ -74.264209, 40.528613 ], [ -73.972266, 40.400342 ], [ -74.079932, 39.788135 ], [ -74.0646, 39.993115 ], [ -74.256543, 39.613867 ], [ -74.407031, 39.548779 ], [ -74.428809, 39.387207 ], [ -74.923437, 38.941113 ], [ -74.897021, 39.145459 ], [ -75.136133, 39.207861 ], [ -75.524219, 39.490186 ], [ -75.421875, 39.789697 ], [ -75.153809, 39.870508 ], [ -75.07417, 39.983496 ], [ -75.464404, 39.780957 ], [ -75.587598, 39.640771 ], [ -75.573877, 39.476953 ], [ -75.3104, 38.966553 ], [ -75.088672, 38.777539 ], [ -75.187109, 38.591113 ], [ -75.072852, 38.578711 ], [ -75.03877, 38.426367 ], [ -75.934375, 37.151904 ], [ -75.975049, 37.398438 ], [ -75.659277, 37.953955 ], [ -75.85083, 37.971582 ], [ -75.795312, 38.08667 ], [ -75.928076, 38.169238 ], [ -75.858691, 38.362061 ], [ -76.051221, 38.279541 ], [ -76.264648, 38.436426 ], [ -76.26416, 38.599951 ], [ -76.016943, 38.625098 ], [ -76.212988, 38.758301 ], [ -76.341162, 38.709668 ], [ -76.168164, 38.852734 ], [ -76.24082, 38.943066 ], [ -76.330664, 38.908594 ], [ -76.312744, 39.009375 ], [ -76.185693, 38.990723 ], [ -76.135205, 39.082129 ], [ -76.216846, 39.063623 ], [ -76.235693, 39.191602 ], [ -76.074365, 39.368848 ], [ -75.875977, 39.375977 ], [ -76.003125, 39.41084 ], [ -75.872949, 39.510889 ], [ -76.062988, 39.561133 ], [ -76.097266, 39.433105 ], [ -76.247656, 39.438623 ], [ -76.276367, 39.322754 ], [ -76.330811, 39.403906 ], [ -76.420898, 39.225 ], [ -76.57041, 39.269336 ], [ -76.427588, 39.126025 ], [ -76.473096, 39.030615 ], [ -76.558545, 39.065234 ], [ -76.501318, 38.532178 ], [ -76.394092, 38.368994 ], [ -76.572412, 38.435791 ], [ -76.677344, 38.611963 ], [ -76.668555, 38.5375 ], [ -76.341162, 38.087012 ], [ -76.769141, 38.262939 ], [ -76.868115, 38.390283 ], [ -76.889746, 38.29209 ], [ -77.001172, 38.445264 ], [ -77.23252, 38.407715 ], [ -77.018164, 38.777734 ], [ -77.030371, 38.889258 ], [ -77.313672, 38.396631 ], [ -77.046777, 38.356689 ], [ -76.906348, 38.19707 ], [ -76.264258, 37.893555 ], [ -76.344141, 37.675684 ], [ -76.49248, 37.682227 ], [ -76.93999, 38.095459 ], [ -77.111084, 38.165674 ], [ -76.549463, 37.669141 ], [ -76.305566, 37.571484 ], [ -76.367627, 37.530273 ], [ -76.268555, 37.495166 ], [ -76.263477, 37.357031 ], [ -76.400977, 37.386133 ], [ -76.453906, 37.273535 ], [ -76.757715, 37.50542 ], [ -76.283301, 37.052686 ], [ -76.400879, 36.991309 ], [ -76.630908, 37.221729 ], [ -77.250879, 37.329199 ], [ -76.671875, 37.172949 ], [ -76.487842, 36.897021 ], [ -75.999414, 36.912646 ], [ -75.53418, 35.819092 ], [ -75.946484, 36.659082 ], [ -75.992773, 36.473779 ], [ -75.820068, 36.112842 ], [ -76.147852, 36.279297 ], [ -76.15, 36.145752 ], [ -76.270605, 36.189893 ], [ -76.227393, 36.116016 ], [ -76.383691, 36.133545 ], [ -76.559375, 36.015332 ], [ -76.733643, 36.22915 ], [ -76.726221, 35.957617 ], [ -76.069775, 35.970312 ], [ -76.083594, 35.690527 ], [ -75.853906, 35.960156 ], [ -75.758838, 35.843262 ], [ -75.773926, 35.646973 ], [ -76.173828, 35.35415 ], [ -76.489502, 35.397021 ], [ -76.577197, 35.532324 ], [ -76.741406, 35.431494 ], [ -77.03999, 35.527393 ], [ -76.512939, 35.27041 ], [ -76.77915, 34.990332 ], [ -77.070264, 35.154639 ], [ -76.974951, 35.025195 ], [ -76.744971, 34.940967 ], [ -76.456738, 34.989355 ], [ -76.362207, 34.936523 ], [ -76.439795, 34.84292 ], [ -77.29624, 34.60293 ], [ -77.412256, 34.730811 ], [ -77.379785, 34.526611 ], [ -77.750732, 34.284961 ], [ -77.927832, 33.939746 ], [ -77.953271, 34.168994 ], [ -78.01333, 33.911816 ], [ -78.405859, 33.917578 ], [ -78.841455, 33.724072 ], [ -79.193799, 33.244141 ], [ -79.226465, 33.404883 ], [ -79.276025, 33.1354 ], [ -79.80498, 32.787402 ], [ -79.933105, 32.810059 ], [ -79.940723, 32.667139 ], [ -80.362842, 32.500732 ], [ -80.63418, 32.511719 ], [ -80.474268, 32.422754 ], [ -80.579346, 32.287305 ], [ -80.802539, 32.448047 ], [ -80.694238, 32.215723 ], [ -80.923437, 31.944922 ], [ -81.113281, 31.878613 ], [ -81.066113, 31.787988 ], [ -81.259375, 31.538916 ], [ -81.175439, 31.531299 ], [ -81.380957, 31.353271 ], [ -81.288477, 31.263916 ], [ -81.460352, 31.127051 ], [ -81.516211, 30.801807 ], [ -81.249512, 29.793799 ], [ -80.524121, 28.486084 ], [ -80.584961, 28.271582 ], [ -80.456885, 27.900684 ], [ -80.61001, 28.177588 ], [ -80.606934, 28.5229 ], [ -80.693506, 28.344971 ], [ -80.688477, 28.578516 ], [ -80.838184, 28.757666 ], [ -80.748633, 28.381006 ], [ -80.050049, 26.807715 ], [ -80.126367, 25.833496 ], [ -80.484668, 25.229834 ], [ -81.110498, 25.138037 ], [ -81.136035, 25.309668 ], [ -80.94043, 25.264209 ], [ -81.11333, 25.367236 ], [ -81.364941, 25.831055 ], [ -81.715479, 25.983154 ], [ -81.958936, 26.489941 ], [ -81.828662, 26.687061 ], [ -82.0396, 26.552051 ], [ -82.013281, 26.961572 ], [ -82.181104, 26.936768 ], [ -82.180664, 26.840088 ], [ -82.290039, 26.870801 ], [ -82.7146, 27.499609 ], [ -82.400537, 27.8354 ], [ -82.635937, 27.981201 ], [ -82.660889, 27.718408 ], [ -82.843506, 27.845996 ], [ -82.660645, 28.48584 ], [ -82.651465, 28.8875 ], [ -83.694385, 29.925977 ], [ -84.044238, 30.103809 ], [ -84.309668, 30.064746 ], [ -84.382812, 29.907373 ], [ -85.318945, 29.680225 ], [ -85.413818, 29.767578 ], [ -85.413818, 29.84248 ], [ -85.314893, 29.758105 ], [ -85.353613, 29.875732 ], [ -85.675781, 30.121924 ], [ -85.603516, 30.286768 ], [ -85.755811, 30.166992 ], [ -86.454443, 30.399121 ], [ -86.123828, 30.405811 ], [ -86.257373, 30.493018 ], [ -87.201172, 30.339258 ], [ -86.985791, 30.430859 ], [ -86.997559, 30.570312 ], [ -87.170605, 30.53877 ], [ -87.281055, 30.339258 ], [ -87.475781, 30.294287 ], [ -87.448291, 30.394141 ], [ -87.622266, 30.264746 ], [ -88.005957, 30.230908 ], [ -87.790283, 30.291797 ], [ -88.011328, 30.694189 ], [ -88.135449, 30.366602 ], [ -88.905225, 30.415137 ], [ -89.320557, 30.345312 ], [ -89.588477, 30.165967 ], [ -90.125977, 30.369092 ], [ -90.331982, 30.277588 ], [ -90.413037, 30.140332 ], [ -90.175342, 30.029102 ], [ -89.737451, 30.171973 ], [ -89.665039, 30.117041 ], [ -89.815186, 30.007275 ], [ -89.631689, 29.903809 ], [ -89.400732, 30.046045 ], [ -89.354443, 29.820215 ], [ -89.720898, 29.619287 ], [ -89.513672, 29.420068 ], [ -89.015723, 29.202881 ], [ -89.155518, 29.016602 ], [ -89.236084, 29.081104 ], [ -89.376123, 28.981348 ], [ -89.443164, 29.194141 ], [ -90.159082, 29.537158 ], [ -90.052344, 29.431396 ], [ -90.13584, 29.136084 ], [ -90.50249, 29.299756 ], [ -90.751025, 29.130859 ], [ -91.290137, 29.288965 ], [ -91.150781, 29.31792 ], [ -91.248828, 29.564209 ], [ -91.514209, 29.555371 ], [ -91.893164, 29.836035 ], [ -92.135498, 29.699463 ], [ -92.084033, 29.592822 ], [ -92.26084, 29.556836 ], [ -93.175684, 29.778955 ], [ -93.826465, 29.725146 ], [ -93.883887, 29.81001 ], [ -93.769043, 29.952295 ], [ -93.841455, 29.979736 ], [ -93.946289, 29.81499 ], [ -93.890479, 29.689355 ], [ -94.759619, 29.384277 ], [ -94.52627, 29.547949 ], [ -94.778271, 29.547852 ], [ -94.741943, 29.75 ], [ -95.022852, 29.702344 ], [ -94.888281, 29.370557 ], [ -95.273486, 28.963867 ], [ -95.853418, 28.640332 ], [ -96.234521, 28.488965 ], [ -96.011035, 28.631934 ], [ -96.44873, 28.594482 ], [ -96.640039, 28.708789 ], [ -96.421094, 28.457324 ], [ -96.676367, 28.341309 ], [ -96.773535, 28.421631 ], [ -96.839502, 28.194385 ], [ -97.156494, 28.144336 ], [ -97.14126, 28.060742 ], [ -97.034326, 28.093848 ], [ -97.073096, 27.986084 ], [ -97.171436, 27.87959 ], [ -97.431494, 27.837207 ], [ -97.288721, 27.670605 ], [ -97.439111, 27.328271 ], [ -97.768457, 27.45752 ], [ -97.692383, 27.287158 ], [ -97.485107, 27.237402 ], [ -97.554688, 26.967334 ], [ -97.435059, 26.48584 ], [ -97.140186, 26.029736 ], [ -97.164453, 25.754932 ], [ -97.50708, 25.014551 ], [ -97.667676, 24.38999 ], [ -97.745215, 22.942383 ], [ -97.857812, 22.624512 ], [ -97.763281, 22.105859 ], [ -97.314502, 21.564209 ], [ -97.40918, 21.272559 ], [ -97.383447, 21.566699 ], [ -97.753809, 22.02666 ], [ -97.637549, 21.603662 ], [ -97.186328, 20.717041 ], [ -96.456055, 19.869775 ], [ -96.289551, 19.34375 ], [ -95.778125, 18.805518 ], [ -95.920361, 18.81958 ], [ -95.626807, 18.690576 ], [ -95.719824, 18.768359 ], [ -95.181836, 18.700732 ], [ -94.798145, 18.5146 ], [ -94.459766, 18.16665 ], [ -93.552344, 18.430469 ], [ -92.884766, 18.468652 ], [ -92.441016, 18.675293 ], [ -91.973779, 18.715869 ], [ -91.880371, 18.637793 ], [ -91.913574, 18.528516 ], [ -91.533984, 18.456543 ], [ -91.275244, 18.624463 ], [ -91.343066, 18.900586 ], [ -91.469189, 18.833008 ], [ -91.43667, 18.889795 ], [ -90.739258, 19.352246 ], [ -90.693164, 19.729883 ], [ -90.491699, 19.946777 ], [ -90.484131, 20.556348 ], [ -90.353125, 21.009424 ], [ -89.819775, 21.274609 ], [ -88.878711, 21.414111 ], [ -88.466699, 21.569385 ], [ -88.006836, 21.604053 ], [ -87.250879, 21.446973 ], [ -87.188281, 21.546436 ], [ -87.368506, 21.57373 ], [ -87.034766, 21.592236 ], [ -86.824072, 21.42168 ], [ -86.815527, 21.005225 ], [ -87.421387, 20.231396 ], [ -87.441748, 19.861523 ], [ -87.687695, 19.637109 ], [ -87.645312, 19.553906 ], [ -87.424756, 19.58335 ], [ -87.658691, 19.352344 ], [ -87.655762, 19.257861 ], [ -87.501074, 19.287793 ], [ -87.853223, 18.268994 ], [ -88.056445, 18.524463 ], [ -88.031738, 18.838916 ], [ -88.196777, 18.719678 ], [ -88.349268, 18.358838 ], [ -88.130273, 18.350732 ], [ -88.085254, 18.226123 ], [ -88.271729, 17.609863 ], [ -88.203467, 17.516602 ], [ -88.313428, 16.632764 ], [ -88.879102, 16.01665 ], [ -88.894043, 15.890625 ], [ -88.603369, 15.76416 ], [ -88.53623, 15.849609 ], [ -88.593945, 15.950293 ], [ -88.131104, 15.701025 ], [ -87.701855, 15.910645 ], [ -87.486914, 15.790186 ], [ -86.907227, 15.762354 ], [ -86.356641, 15.783203 ], [ -85.936279, 15.953418 ], [ -85.985645, 16.02417 ], [ -85.483691, 15.899512 ], [ -84.97373, 15.989893 ], [ -84.559668, 15.802002 ], [ -84.425977, 15.829492 ], [ -84.519629, 15.872754 ], [ -84.261426, 15.822607 ], [ -83.765283, 15.405469 ], [ -83.972803, 15.519629 ], [ -84.111328, 15.492432 ], [ -84.095068, 15.400928 ], [ -83.927441, 15.394043 ], [ -83.760449, 15.220361 ], [ -83.497949, 15.222119 ], [ -83.646387, 15.368408 ], [ -83.369189, 15.23999 ], [ -83.15752, 14.993066 ], [ -83.279883, 14.812793 ], [ -83.344385, 14.9021 ], [ -83.413721, 14.825342 ], [ -83.299219, 14.749023 ], [ -83.187744, 14.340088 ], [ -83.49375, 13.738818 ], [ -83.567334, 13.320312 ], [ -83.510937, 12.411816 ], [ -83.627197, 12.459326 ], [ -83.593359, 12.713086 ], [ -83.754248, 12.501953 ], [ -83.65127, 12.287061 ], [ -83.68042, 12.024316 ], [ -83.767187, 12.059277 ], [ -83.828906, 11.861035 ], [ -83.70459, 11.824561 ], [ -83.651758, 11.642041 ], [ -83.867871, 11.300049 ], [ -83.346826, 10.315381 ], [ -82.778418, 9.669531 ], [ -82.370801, 9.428564 ], [ -82.339746, 9.20918 ], [ -82.188135, 9.191748 ], [ -82.244189, 9.031494 ], [ -82.077881, 8.934863 ], [ -81.780225, 8.957227 ], [ -81.894482, 9.14043 ], [ -81.545605, 8.827002 ], [ -81.063086, 8.812646 ], [ -80.1271, 9.209912 ], [ -79.577295, 9.597852 ], [ -79.112256, 9.536768 ], [ -78.931641, 9.428467 ], [ -78.504346, 9.406299 ], [ -77.830811, 9.068115 ], [ -76.851855, 8.090479 ], [ -76.896631, 7.939453 ], [ -76.786572, 7.931592 ], [ -76.77207, 8.310547 ], [ -76.920459, 8.57373 ], [ -76.276855, 8.989111 ], [ -76.027246, 9.365771 ], [ -75.639355, 9.450439 ], [ -75.680029, 9.729785 ], [ -75.538574, 10.205176 ], [ -75.70835, 10.143408 ], [ -75.445996, 10.610889 ], [ -75.247949, 10.783252 ], [ -74.84458, 11.109717 ], [ -74.330225, 10.99668 ], [ -74.51626, 10.8625 ], [ -74.400879, 10.765234 ], [ -74.14292, 11.32085 ], [ -73.313379, 11.295752 ], [ -72.721826, 11.712158 ], [ -72.275, 11.889258 ], [ -72.135742, 12.188574 ], [ -71.597461, 12.434375 ], [ -71.262109, 12.335303 ], [ -71.137305, 12.046338 ], [ -71.414551, 11.755176 ], [ -71.956934, 11.569922 ], [ -71.835107, 11.190332 ], [ -71.641602, 11.013525 ], [ -71.730908, 10.994678 ], [ -71.594336, 10.657373 ], [ -72.112842, 9.815576 ], [ -71.619531, 9.047949 ], [ -71.241406, 9.160449 ], [ -71.08584, 9.348242 ], [ -71.052686, 9.705811 ], [ -71.494238, 10.533203 ], [ -71.544629, 10.778711 ], [ -71.469531, 10.96416 ], [ -70.23252, 11.372998 ], [ -70.097119, 11.519775 ], [ -69.804785, 11.474219 ], [ -69.817334, 11.67207 ], [ -70.192578, 11.624609 ], [ -70.286523, 11.886035 ], [ -70.202783, 12.098389 ], [ -70.003955, 12.177881 ], [ -69.860107, 12.054199 ], [ -69.631592, 11.479932 ], [ -69.232568, 11.518457 ], [ -68.827979, 11.431738 ], [ -68.398633, 11.160986 ], [ -68.27207, 10.880029 ], [ -68.296289, 10.689355 ], [ -68.139941, 10.492725 ], [ -66.247217, 10.632227 ], [ -65.851758, 10.257764 ], [ -65.129102, 10.070068 ], [ -64.850488, 10.098096 ], [ -64.18833, 10.457812 ], [ -63.731885, 10.503418 ], [ -64.24751, 10.542578 ], [ -64.298193, 10.635156 ], [ -61.879492, 10.741016 ], [ -62.37998, 10.546875 ], [ -62.913574, 10.531494 ], [ -62.68584, 10.289795 ], [ -62.740576, 10.056152 ], [ -62.550342, 10.200439 ], [ -62.32041, 9.783057 ], [ -62.221143, 9.882568 ], [ -62.153369, 9.821777 ], [ -62.155322, 9.979248 ], [ -62.0771, 9.975049 ], [ -61.735937, 9.631201 ], [ -61.765918, 9.813818 ], [ -61.588867, 9.894531 ], [ -61.309375, 9.633057 ], [ -61.013379, 9.556445 ], [ -60.79248, 9.360742 ], [ -61.023145, 9.15459 ], [ -61.247266, 8.600342 ], [ -61.618701, 8.597461 ], [ -61.304004, 8.4104 ], [ -60.800977, 8.592139 ], [ -60.16748, 8.616992 ], [ -59.200244, 8.074609 ], [ -58.811572, 7.735596 ], [ -58.477295, 7.325781 ], [ -58.672949, 6.390771 ], [ -58.41499, 6.851172 ], [ -57.982568, 6.785889 ], [ -57.540137, 6.331543 ], [ -57.227539, 6.178418 ], [ -57.182129, 5.528906 ], [ -56.969824, 5.992871 ], [ -56.235596, 5.885352 ], [ -55.939551, 5.795459 ], [ -55.897607, 5.699316 ], [ -55.909912, 5.892627 ], [ -55.828174, 5.96167 ], [ -54.833691, 5.98833 ], [ -54.356152, 5.909863 ], [ -54.054199, 5.80791 ], [ -54.155957, 5.358984 ], [ -53.847168, 5.782227 ], [ -53.454443, 5.563477 ], [ -52.899316, 5.425049 ], [ -52.290527, 4.942187 ], [ -52.324609, 4.770898 ], [ -52.219971, 4.862793 ], [ -52.058105, 4.717383 ], [ -51.961914, 4.514404 ], [ -52.00293, 4.352295 ], [ -51.827539, 4.635693 ], [ -51.652539, 4.061279 ], [ -51.54707, 4.310889 ], [ -51.219922, 4.093604 ], [ -50.714404, 2.134033 ], [ -50.608691, 2.104102 ], [ -50.458887, 1.82959 ], [ -49.957129, 1.659863 ], [ -49.898877, 1.162988 ], [ -50.294434, 0.835742 ], [ -50.755078, 0.222559 ], [ -51.28291, -0.085205 ], [ -51.702637, -0.762305 ], [ -51.720605, -1.018457 ], [ -51.921631, -1.180859 ], [ -51.980811, -1.367969 ], [ -52.229248, -1.3625 ], [ -52.66416, -1.551758 ], [ -52.19668, -1.640137 ], [ -51.947559, -1.586719 ], [ -50.894922, -0.937598 ], [ -50.838184, -1.038867 ], [ -50.917871, -1.115234 ], [ -50.690039, -1.761719 ], [ -50.403223, -2.015527 ], [ -49.999219, -1.831836 ], [ -49.719531, -1.926367 ], [ -49.313672, -1.731738 ], [ -49.636523, -2.656934 ], [ -49.45752, -2.50459 ], [ -49.211035, -1.916504 ], [ -48.991309, -1.829785 ], [ -48.71001, -1.487695 ], [ -48.462939, -1.613965 ], [ -48.349805, -1.482129 ], [ -48.468066, -1.393848 ], [ -48.449805, -1.145508 ], [ -48.115088, -0.7375 ], [ -47.557324, -0.669922 ], [ -47.418652, -0.765918 ], [ -47.398096, -0.62666 ], [ -46.81123, -0.779688 ], [ -46.617236, -0.970605 ], [ -46.219141, -1.03125 ], [ -45.644775, -1.347852 ], [ -45.458594, -1.35625 ], [ -45.32915, -1.717285 ], [ -45.076367, -1.466406 ], [ -44.721143, -1.733496 ], [ -44.778516, -1.798828 ], [ -44.65127, -1.745801 ], [ -44.537793, -2.052734 ], [ -44.756348, -2.265527 ], [ -44.662402, -2.373242 ], [ -44.435449, -2.168066 ], [ -44.381836, -2.365527 ], [ -44.520117, -2.405469 ], [ -44.589014, -2.573438 ], [ -44.723047, -3.204785 ], [ -44.437549, -2.944434 ], [ -44.228613, -2.471289 ], [ -44.105566, -2.493457 ], [ -44.192676, -2.80957 ], [ -43.93291, -2.583496 ], [ -43.455127, -2.502051 ], [ -43.380078, -2.376074 ], [ -42.936719, -2.465039 ], [ -42.249609, -2.791992 ], [ -41.876172, -2.746582 ], [ -41.479932, -2.916504 ], [ -40.474561, -2.795605 ], [ -39.964697, -2.861523 ], [ -38.475781, -3.71748 ], [ -38.048828, -4.216406 ], [ -37.626318, -4.59209 ], [ -37.301465, -4.713086 ], [ -37.174658, -4.912402 ], [ -36.590723, -5.097559 ], [ -35.979883, -5.054395 ], [ -35.481689, -5.166016 ], [ -35.235449, -5.566699 ], [ -34.833887, -7.024414 ], [ -34.834668, -7.971484 ], [ -35.340869, -9.230664 ], [ -35.763965, -9.702539 ], [ -35.89082, -9.687012 ], [ -35.885449, -9.847656 ], [ -36.39834, -10.484082 ], [ -36.768311, -10.67168 ], [ -37.182812, -11.068457 ], [ -37.356006, -11.403906 ], [ -37.359229, -11.252539 ], [ -37.688721, -12.1 ], [ -38.239746, -12.844238 ], [ -38.498926, -12.956641 ], [ -38.524902, -12.762305 ], [ -38.690967, -12.623926 ], [ -38.851758, -12.790137 ], [ -38.763721, -12.907227 ], [ -39.089355, -13.588184 ], [ -38.988623, -13.615039 ], [ -39.048145, -14.043945 ], [ -39.008496, -14.101172 ], [ -38.942334, -14.030664 ], [ -39.05957, -14.654785 ], [ -38.880615, -15.864258 ], [ -39.202881, -17.178125 ], [ -39.154004, -17.703906 ], [ -39.650781, -18.252344 ], [ -39.783301, -19.571777 ], [ -40.001367, -19.741992 ], [ -40.395947, -20.569434 ], [ -40.789258, -20.906055 ], [ -40.954541, -21.237891 ], [ -41.047266, -21.505664 ], [ -41.000293, -21.999023 ], [ -41.705518, -22.309668 ], [ -41.98042, -22.580664 ], [ -41.940918, -22.788281 ], [ -42.042383, -22.94707 ], [ -42.958301, -22.96709 ], [ -43.154297, -22.725195 ], [ -43.241943, -22.795117 ], [ -43.22417, -22.991211 ], [ -43.898828, -23.101465 ], [ -43.973828, -23.057324 ], [ -43.675977, -23.009473 ], [ -43.866162, -22.910547 ], [ -44.637256, -23.055469 ], [ -44.673828, -23.206641 ], [ -44.569678, -23.274023 ], [ -45.325391, -23.599707 ], [ -45.464307, -23.802539 ], [ -45.97207, -23.795508 ], [ -46.867285, -24.236328 ], [ -47.98916, -25.035742 ], [ -47.90835, -25.068164 ], [ -47.929395, -25.168262 ], [ -48.202734, -25.416504 ], [ -48.185937, -25.309863 ], [ -48.40249, -25.27207 ], [ -48.476123, -25.442969 ], [ -48.731738, -25.36875 ], [ -48.692187, -25.491504 ], [ -48.401172, -25.597363 ], [ -48.545166, -25.815918 ], [ -48.665771, -25.844336 ], [ -48.576318, -25.935449 ], [ -48.619434, -26.179395 ], [ -48.748291, -26.268652 ], [ -48.651611, -26.406445 ], [ -48.677734, -26.70293 ], [ -48.55415, -27.195996 ], [ -48.642578, -27.55791 ], [ -48.620801, -28.075586 ], [ -48.799658, -28.575293 ], [ -49.271289, -28.871191 ], [ -49.745996, -29.363184 ], [ -50.299512, -30.425781 ], [ -50.921387, -31.258398 ], [ -52.039209, -32.114844 ], [ -52.063232, -31.830371 ], [ -51.893164, -31.867773 ], [ -51.680664, -31.774609 ], [ -51.272168, -31.476953 ], [ -51.161426, -31.118848 ], [ -50.980078, -31.094238 ], [ -50.94082, -30.903711 ], [ -50.689307, -30.704199 ], [ -50.716309, -30.425977 ], [ -50.581934, -30.438867 ], [ -50.563525, -30.253613 ], [ -51.024951, -30.368652 ], [ -51.298047, -30.034863 ], [ -51.281787, -30.244141 ], [ -51.157275, -30.364258 ], [ -51.283057, -30.751563 ], [ -51.359082, -30.674512 ], [ -51.506299, -31.104492 ], [ -51.972461, -31.383789 ], [ -52.193555, -31.885547 ], [ -52.127393, -32.167773 ], [ -52.652246, -33.137793 ], [ -53.41958, -33.779199 ], [ -53.785303, -34.380371 ], [ -54.168555, -34.670703 ], [ -54.902295, -34.932813 ], [ -55.673145, -34.775684 ], [ -56.194629, -34.906445 ], [ -56.855176, -34.67666 ], [ -57.170703, -34.452344 ], [ -57.829102, -34.477344 ], [ -58.400195, -33.912402 ], [ -58.438135, -33.719141 ], [ -58.363525, -33.182324 ], [ -58.092676, -32.967383 ], [ -58.201172, -32.47168 ], [ -58.170996, -32.959277 ], [ -58.250391, -33.07832 ], [ -58.424463, -33.111523 ], [ -58.547217, -33.663477 ], [ -58.39248, -34.192969 ], [ -58.525488, -34.296191 ], [ -58.28335, -34.683496 ], [ -57.547852, -35.018945 ], [ -57.170654, -35.3625 ], [ -57.158887, -35.505957 ], [ -57.353906, -35.720313 ], [ -57.375488, -35.900293 ], [ -57.076172, -36.296777 ], [ -56.717383, -36.389063 ], [ -56.727148, -36.957715 ], [ -57.395752, -37.744629 ], [ -57.546973, -38.085645 ], [ -58.179199, -38.43584 ], [ -59.82832, -38.838184 ], [ -61.112207, -38.992969 ], [ -61.8479, -38.961816 ], [ -62.334766, -38.800098 ], [ -62.295068, -39.243262 ], [ -62.053662, -39.373828 ], [ -62.179346, -39.380469 ], [ -62.076807, -39.461523 ], [ -62.131543, -39.825391 ], [ -62.286914, -39.895313 ], [ -62.401855, -40.196582 ], [ -62.393604, -40.458789 ], [ -62.246338, -40.674609 ], [ -62.39502, -40.89082 ], [ -62.959033, -41.109668 ], [ -63.621777, -41.159766 ], [ -64.852979, -40.81377 ], [ -64.869482, -40.73584 ], [ -65.069434, -40.805273 ], [ -65.15498, -41.105664 ], [ -64.986377, -42.102051 ], [ -64.537744, -42.25459 ], [ -64.570996, -42.416016 ], [ -64.42041, -42.433789 ], [ -64.100879, -42.395117 ], [ -64.061182, -42.266113 ], [ -64.228516, -42.218262 ], [ -63.795557, -42.113867 ], [ -63.629883, -42.282715 ], [ -63.617334, -42.695801 ], [ -63.69248, -42.805273 ], [ -64.034766, -42.88125 ], [ -64.487842, -42.513477 ], [ -64.970703, -42.666309 ], [ -65.026904, -42.758887 ], [ -64.319141, -42.968945 ], [ -64.839941, -43.188867 ], [ -65.252344, -43.571875 ], [ -65.265527, -44.279687 ], [ -65.361279, -44.477344 ], [ -65.647607, -44.661426 ], [ -65.63877, -45.007812 ], [ -66.190137, -44.964746 ], [ -66.941406, -45.257324 ], [ -67.599561, -46.052539 ], [ -67.506445, -46.442773 ], [ -66.776855, -47.005859 ], [ -65.853662, -47.156738 ], [ -65.738086, -47.344922 ], [ -65.775391, -47.568359 ], [ -65.886328, -47.701562 ], [ -66.225244, -47.826758 ], [ -65.934229, -47.826758 ], [ -65.810059, -47.941113 ], [ -67.466309, -48.951758 ], [ -67.684863, -49.24668 ], [ -67.783496, -49.858887 ], [ -67.913965, -49.984473 ], [ -68.257227, -50.10459 ], [ -68.667578, -49.752539 ], [ -68.661621, -49.935742 ], [ -68.97959, -50.003027 ], [ -68.597949, -50.009473 ], [ -68.421875, -50.15791 ], [ -68.939453, -50.382324 ], [ -69.15498, -50.864453 ], [ -69.358594, -51.028125 ], [ -69.201025, -50.993652 ], [ -69.058301, -51.547168 ], [ -69.46543, -51.584473 ], [ -68.965332, -51.677148 ], [ -68.39375, -52.307031 ], [ -69.241016, -52.205469 ], [ -69.446875, -52.269434 ], [ -69.620312, -52.464746 ], [ -70.795117, -52.76875 ], [ -70.984326, -53.373633 ], [ -70.99585, -53.779297 ], [ -71.297754, -53.883398 ], [ -72.174414, -53.632324 ], [ -72.412891, -53.350195 ], [ -72.306055, -53.253711 ], [ -71.941699, -53.234082 ], [ -71.828223, -53.39834 ], [ -71.891699, -53.523535 ], [ -71.791455, -53.48457 ], [ -71.740527, -53.232617 ], [ -71.288965, -53.033691 ], [ -71.163281, -52.888086 ], [ -71.227148, -52.810645 ], [ -71.387744, -52.764258 ], [ -72.278027, -53.132324 ], [ -72.492578, -53.290625 ], [ -72.548926, -53.460742 ], [ -73.052734, -53.243457 ], [ -72.915527, -53.121973 ], [ -72.88916, -52.871582 ], [ -72.727686, -52.762305 ], [ -72.453467, -52.814453 ], [ -72.117578, -52.65 ], [ -71.511279, -52.605371 ], [ -72.225684, -52.520996 ], [ -72.437695, -52.625781 ], [ -72.712109, -52.535547 ], [ -73.122461, -53.073926 ], [ -73.338184, -53.054688 ], [ -73.645215, -52.837012 ], [ -73.24082, -52.707129 ], [ -73.073193, -52.535059 ], [ -73.123926, -52.487988 ], [ -73.244141, -52.624023 ], [ -73.585693, -52.685742 ], [ -74.014453, -52.639355 ], [ -74.037354, -52.40293 ], [ -74.15083, -52.38252 ], [ -74.295654, -52.117871 ], [ -73.834473, -52.233984 ], [ -73.702783, -52.198828 ], [ -73.684326, -52.077734 ], [ -73.260449, -52.157813 ], [ -72.79502, -51.949512 ], [ -72.57085, -52.200098 ], [ -72.714014, -52.356738 ], [ -72.52334, -52.255469 ], [ -72.624756, -52.006934 ], [ -72.494141, -51.847559 ], [ -72.542529, -51.706152 ], [ -73.16875, -51.453906 ], [ -72.649072, -51.69502 ], [ -72.600049, -51.799121 ], [ -73.383252, -52.07002 ], [ -73.518164, -52.041016 ], [ -73.752637, -51.795508 ], [ -74.19668, -51.680566 ], [ -74.06958, -51.578711 ], [ -73.929785, -51.617871 ], [ -73.939502, -51.266309 ], [ -74.814746, -51.062891 ], [ -75.094678, -50.68125 ], [ -74.685742, -50.662012 ], [ -74.775879, -50.469922 ], [ -74.644482, -50.360938 ], [ -74.365576, -50.487891 ], [ -74.139404, -50.817773 ], [ -73.806543, -50.938379 ], [ -73.740576, -50.69668 ], [ -73.618164, -50.651172 ], [ -73.654443, -50.492676 ], [ -73.978027, -50.827051 ], [ -74.197217, -50.609766 ], [ -74.185596, -50.485352 ], [ -73.950342, -50.510547 ], [ -74.62959, -50.194043 ], [ -74.33374, -49.974609 ], [ -73.958594, -49.994727 ], [ -74.323926, -49.783398 ], [ -74.29082, -49.604102 ], [ -73.836377, -49.609375 ], [ -74.094434, -49.429688 ], [ -73.934961, -49.020898 ], [ -74.027734, -49.026172 ], [ -74.221289, -49.500586 ], [ -74.366553, -49.400488 ], [ -74.341016, -48.595703 ], [ -74.009082, -48.475 ], [ -74.474414, -48.463965 ], [ -74.584668, -47.999023 ], [ -73.853809, -48.042188 ], [ -73.528174, -48.198242 ], [ -73.391064, -48.145898 ], [ -73.609912, -47.993945 ], [ -73.715869, -47.655469 ], [ -73.940869, -47.929395 ], [ -74.227051, -47.968945 ], [ -74.654932, -47.702246 ], [ -74.533789, -47.567676 ], [ -74.242969, -47.679297 ], [ -74.134082, -47.59082 ], [ -74.482666, -47.430469 ], [ -74.158398, -47.18252 ], [ -74.151904, -46.974414 ], [ -74.313574, -46.788184 ], [ -74.454199, -46.766797 ], [ -74.512256, -46.885156 ], [ -75.005957, -46.741113 ], [ -74.98418, -46.512109 ], [ -75.540332, -46.69873 ], [ -75.386426, -46.862695 ], [ -75.430371, -46.93457 ], [ -75.635254, -46.862793 ], [ -75.706396, -46.705273 ], [ -74.924463, -46.159668 ], [ -75.074512, -46.004492 ], [ -75.066699, -45.874902 ], [ -74.157861, -45.767188 ], [ -74.081836, -45.67832 ], [ -74.122705, -45.496191 ], [ -73.957178, -45.404395 ], [ -73.825, -45.446875 ], [ -74.061035, -45.947363 ], [ -74.019922, -46.055859 ], [ -74.392969, -46.217383 ], [ -73.967578, -46.154102 ], [ -73.878711, -45.846875 ], [ -73.735254, -45.811719 ], [ -73.708154, -46.070312 ], [ -73.948633, -46.533105 ], [ -73.845361, -46.566016 ], [ -73.662061, -46.297461 ], [ -73.591846, -45.899121 ], [ -73.594336, -45.776855 ], [ -73.756592, -45.702832 ], [ -73.730762, -45.47998 ], [ -73.266211, -45.346191 ], [ -72.933838, -45.452344 ], [ -73.226367, -45.255176 ], [ -73.444971, -45.238184 ], [ -73.404883, -45.102344 ], [ -73.362451, -44.978223 ], [ -72.738965, -44.73418 ], [ -72.680078, -44.593945 ], [ -72.663867, -44.436426 ], [ -73.265088, -44.168652 ], [ -73.224463, -43.897949 ], [ -73.068799, -43.862012 ], [ -72.996582, -43.631543 ], [ -73.075977, -43.323633 ], [ -72.878027, -43.048145 ], [ -72.758008, -43.039453 ], [ -72.848047, -42.669141 ], [ -72.773926, -42.505176 ], [ -72.631836, -42.509668 ], [ -72.773242, -42.257715 ], [ -72.631055, -42.199805 ], [ -72.412354, -42.388184 ], [ -72.499414, -41.980859 ], [ -72.738184, -41.994629 ], [ -72.824072, -41.908789 ], [ -72.659863, -41.74248 ], [ -72.3604, -41.649121 ], [ -72.318262, -41.499023 ], [ -72.542383, -41.690625 ], [ -72.952832, -41.514746 ], [ -73.241797, -41.780859 ], [ -73.624023, -41.773633 ], [ -73.735156, -41.74248 ], [ -73.623926, -41.581348 ], [ -73.810742, -41.51748 ], [ -73.965869, -41.118262 ], [ -73.670996, -39.963184 ], [ -73.4104, -39.78916 ], [ -73.226465, -39.224414 ], [ -73.520215, -38.509375 ], [ -73.464795, -38.040332 ], [ -73.661816, -37.698535 ], [ -73.662402, -37.341016 ], [ -73.60166, -37.188477 ], [ -73.215967, -37.166895 ], [ -73.118066, -36.688379 ], [ -73.006592, -36.643457 ], [ -72.778418, -35.978516 ], [ -72.587354, -35.759668 ], [ -72.623926, -35.585742 ], [ -72.223779, -35.096191 ], [ -72.002832, -34.165332 ], [ -71.664355, -33.652637 ], [ -71.742969, -33.095117 ], [ -71.452246, -32.65957 ], [ -71.421289, -32.386816 ], [ -71.513037, -32.20791 ], [ -71.708936, -30.628027 ], [ -71.669482, -30.330371 ], [ -71.400391, -30.142969 ], [ -71.315723, -29.649707 ], [ -71.519238, -28.926465 ], [ -71.186426, -28.377832 ], [ -70.646582, -26.329395 ], [ -70.713721, -25.78418 ], [ -70.452197, -25.251855 ], [ -70.574121, -24.644336 ], [ -70.507422, -23.885742 ], [ -70.392334, -23.565918 ], [ -70.593359, -23.255469 ], [ -70.563184, -23.057031 ], [ -70.331689, -22.848633 ], [ -70.087549, -21.493066 ], [ -70.197021, -20.725391 ], [ -70.148145, -19.805078 ], [ -70.361621, -18.398047 ], [ -71.336963, -17.68252 ], [ -71.399414, -17.421973 ], [ -71.532227, -17.294336 ], [ -72.111279, -17.002539 ], [ -72.467676, -16.708105 ], [ -73.727686, -16.20166 ], [ -75.104248, -15.411914 ], [ -75.533643, -14.899219 ], [ -75.933887, -14.633594 ], [ -76.376465, -13.863086 ], [ -76.259229, -13.802832 ], [ -76.223633, -13.371191 ], [ -76.832129, -12.34873 ], [ -77.152734, -12.060352 ], [ -77.220312, -11.663379 ], [ -77.633203, -11.287793 ], [ -77.736084, -10.836719 ], [ -78.185596, -10.089063 ], [ -78.762256, -8.616992 ], [ -79.377246, -7.835547 ], [ -79.617725, -7.295605 ], [ -79.994971, -6.768945 ], [ -81.142041, -6.056738 ], [ -81.164307, -5.875293 ], [ -80.930664, -5.84082 ], [ -80.881934, -5.635059 ], [ -81.336621, -4.669531 ], [ -81.232031, -4.234277 ], [ -80.798584, -3.731055 ], [ -80.02666, -3.228125 ], [ -79.729883, -2.579102 ], [ -79.842139, -2.067383 ], [ -79.925586, -2.548535 ], [ -80.030176, -2.556738 ], [ -80.006641, -2.353809 ], [ -80.284717, -2.706738 ], [ -80.962793, -2.189258 ], [ -80.770361, -2.07666 ], [ -80.760596, -1.93457 ], [ -80.902393, -1.078906 ], [ -80.553906, -0.847949 ], [ -80.455469, -0.585449 ], [ -80.282373, -0.620508 ], [ -80.482275, -0.368262 ], [ -80.046143, 0.155371 ], [ -80.088281, 0.784766 ], [ -79.741211, 0.979785 ], [ -78.899658, 1.20625 ], [ -78.859668, 1.455371 ], [ -79.025439, 1.623682 ], [ -78.792969, 1.84873 ], [ -78.576904, 1.773779 ], [ -78.591699, 2.356641 ], [ -78.416895, 2.483496 ], [ -78.06665, 2.509131 ], [ -77.813574, 2.716357 ], [ -77.67002, 2.878857 ], [ -77.693652, 3.039941 ], [ -77.559131, 3.075977 ], [ -77.356543, 3.348584 ], [ -77.076807, 3.913281 ], [ -77.263525, 3.893213 ], [ -77.278027, 4.058496 ], [ -77.358203, 3.944727 ], [ -77.40874, 4.247754 ], [ -77.520703, 4.212793 ], [ -77.353516, 4.398291 ], [ -77.286328, 4.721729 ], [ -77.373291, 5.323975 ], [ -77.534424, 5.537109 ], [ -77.249268, 5.780176 ], [ -77.469434, 6.176758 ], [ -77.368799, 6.575586 ], [ -78.170117, 7.543799 ], [ -78.421582, 8.060986 ], [ -78.287354, 8.091797 ], [ -78.281201, 8.247559 ], [ -78.141895, 8.386084 ], [ -77.760547, 8.133252 ], [ -78.099463, 8.496973 ], [ -78.223047, 8.396631 ], [ -78.399219, 8.505664 ], [ -78.409863, 8.355322 ], [ -78.514062, 8.628174 ], [ -78.955176, 8.93252 ], [ -79.441504, 9.006006 ], [ -79.687451, 8.850977 ], [ -79.815918, 8.639209 ], [ -79.750439, 8.595508 ], [ -80.458984, 8.213867 ], [ -80.458105, 8.077051 ], [ -80.01123, 7.500049 ], [ -80.287305, 7.425635 ], [ -80.438867, 7.274951 ], [ -80.845557, 7.220068 ], [ -81.063867, 7.899756 ], [ -81.268408, 7.625488 ], [ -81.50415, 7.721191 ], [ -81.727637, 8.137549 ], [ -82.159863, 8.194824 ], [ -82.235449, 8.311035 ], [ -82.679541, 8.321973 ], [ -82.866113, 8.246338 ], [ -82.879346, 8.070654 ], [ -83.285791, 8.664355 ], [ -83.469727, 8.706836 ], [ -83.291504, 8.406006 ], [ -83.604736, 8.480322 ], [ -83.734082, 8.614453 ], [ -83.613721, 8.804053 ], [ -83.736914, 9.150293 ], [ -84.222363, 9.4625 ], [ -84.581592, 9.568359 ], [ -84.714941, 9.899414 ], [ -85.235645, 10.24209 ], [ -85.236523, 10.107373 ], [ -84.886426, 9.820947 ], [ -85.077051, 9.601953 ], [ -85.314551, 9.810937 ], [ -85.624854, 9.902441 ], [ -85.849658, 10.292041 ], [ -85.66333, 10.635449 ], [ -85.667236, 10.74502 ], [ -85.908008, 10.897559 ], [ -85.752246, 10.985254 ], [ -85.745215, 11.088574 ], [ -86.468896, 11.738281 ], [ -86.850977, 12.247754 ], [ -87.667529, 12.903564 ], [ -87.585059, 13.043311 ], [ -87.338574, 12.949951 ], [ -87.489111, 13.35293 ], [ -87.814209, 13.39917 ], [ -87.820703, 13.285156 ], [ -88.023438, 13.16875 ], [ -88.685645, 13.281494 ], [ -88.512012, 13.183936 ], [ -89.277637, 13.478076 ], [ -89.804199, 13.560107 ], [ -90.479102, 13.900928 ], [ -91.377344, 13.990186 ], [ -92.264551, 14.567773 ], [ -92.808936, 15.138574 ], [ -93.916064, 16.053564 ], [ -94.37417, 16.284766 ], [ -94.426416, 16.22627 ], [ -94.00127, 16.018945 ], [ -94.661523, 16.201904 ], [ -94.616846, 16.347559 ], [ -94.79082, 16.287158 ], [ -94.900439, 16.41748 ], [ -95.02085, 16.277637 ], [ -94.799414, 16.209668 ], [ -95.134375, 16.176953 ], [ -95.464404, 15.974707 ], [ -96.51084, 15.651904 ], [ -97.184668, 15.909277 ], [ -97.754785, 15.966846 ], [ -98.138965, 16.206299 ], [ -98.520312, 16.304834 ], [ -98.762207, 16.534766 ], [ -99.690674, 16.719629 ], [ -100.847803, 17.200488 ], [ -101.600293, 17.651562 ], [ -101.918701, 17.959766 ], [ -102.699561, 18.062842 ], [ -103.441602, 18.325391 ], [ -103.912451, 18.828467 ], [ -104.938477, 19.309375 ], [ -105.48208, 19.976074 ], [ -105.669434, 20.385596 ], [ -105.260156, 20.579053 ], [ -105.327051, 20.752979 ], [ -105.51084, 20.80874 ], [ -105.237061, 21.119189 ], [ -105.208691, 21.49082 ], [ -105.431445, 21.618262 ], [ -105.649121, 21.988086 ], [ -105.645508, 22.326904 ], [ -105.791797, 22.62749 ], [ -106.402246, 23.195605 ], [ -106.935498, 23.88125 ], [ -107.764941, 24.471924 ], [ -107.527246, 24.360059 ], [ -107.511914, 24.48916 ], [ -107.951172, 24.614893 ], [ -108.280762, 25.081543 ], [ -108.051465, 25.067041 ], [ -108.696387, 25.38291 ], [ -108.787256, 25.538037 ], [ -109.028809, 25.480469 ], [ -109.068457, 25.551563 ], [ -108.886572, 25.733447 ], [ -109.196484, 25.592529 ], [ -109.384961, 25.727148 ], [ -109.425635, 26.032568 ], [ -109.199707, 26.305225 ], [ -109.116699, 26.252734 ], [ -109.27627, 26.533887 ], [ -109.482861, 26.710352 ], [ -109.754785, 26.70293 ], [ -109.943994, 27.079346 ], [ -110.277148, 27.162207 ], [ -110.477783, 27.322656 ], [ -110.615479, 27.653906 ], [ -110.529883, 27.864209 ], [ -111.121387, 27.966992 ], [ -112.161768, 29.018896 ], [ -112.223486, 29.269482 ], [ -112.378223, 29.347705 ], [ -113.057666, 30.651025 ], [ -113.118604, 31.048096 ], [ -113.046729, 31.179248 ], [ -113.623486, 31.345898 ], [ -113.759424, 31.557764 ], [ -113.947754, 31.629346 ], [ -114.002686, 31.525146 ], [ -114.149316, 31.507373 ], [ -114.933594, 31.900732 ], [ -114.789893, 31.647119 ], [ -114.881885, 31.156396 ], [ -114.703369, 30.765186 ], [ -114.550488, 30.022266 ], [ -113.755469, 29.36748 ], [ -113.499707, 28.926709 ], [ -113.381836, 28.94668 ], [ -113.320703, 28.813135 ], [ -113.205566, 28.798779 ], [ -113.093652, 28.511768 ], [ -112.87085, 28.424219 ], [ -112.734033, 27.825977 ], [ -112.329199, 27.523438 ], [ -112.191455, 27.18667 ], [ -112.003955, 27.079102 ], [ -111.862646, 26.678516 ], [ -111.699414, 26.580957 ], [ -111.795264, 26.879687 ], [ -111.569678, 26.707617 ], [ -111.291602, 25.789795 ], [ -111.034424, 25.526953 ], [ -110.686768, 24.867676 ], [ -110.734521, 24.589844 ], [ -110.659326, 24.341455 ], [ -110.367432, 24.100488 ], [ -110.262891, 24.344531 ], [ -109.42085, 23.480127 ], [ -109.495703, 23.159814 ], [ -110.00625, 22.894043 ], [ -110.362695, 23.604932 ], [ -111.68291, 24.555811 ], [ -111.80249, 24.542529 ], [ -112.072559, 24.840039 ], [ -112.069873, 25.572852 ], [ -112.377246, 26.213916 ], [ -113.020752, 26.583252 ], [ -113.155811, 26.94624 ], [ -113.272266, 26.790967 ], [ -113.598535, 26.721289 ], [ -113.840967, 26.966504 ], [ -114.445264, 27.218164 ], [ -114.539893, 27.431104 ], [ -114.993506, 27.736035 ], [ -115.036475, 27.841846 ], [ -114.57002, 27.783936 ], [ -114.300586, 27.872998 ], [ -114.302246, 27.775732 ], [ -114.069336, 27.675684 ], [ -114.158398, 27.919678 ], [ -114.265869, 27.934473 ], [ -114.048486, 28.426172 ], [ -114.937305, 29.351611 ], [ -115.673828, 29.756396 ], [ -115.808301, 29.960205 ], [ -115.815625, 30.303613 ], [ -115.995801, 30.414453 ], [ -116.062158, 30.80415 ], [ -116.296289, 30.970508 ], [ -116.333447, 31.202783 ], [ -116.662158, 31.564893 ], [ -116.72207, 31.73457 ], [ -116.620801, 31.851074 ], [ -116.847998, 31.997363 ], [ -117.063135, 32.343604 ], [ -117.137402, 32.64917 ], [ -117.243457, 32.664014 ], [ -117.318848, 33.100049 ], [ -117.467432, 33.295508 ], [ -118.080518, 33.722168 ], [ -118.410449, 33.743945 ], [ -118.506201, 34.017383 ], [ -119.14375, 34.112012 ], [ -119.606055, 34.418018 ], [ -120.481201, 34.471631 ], [ -120.644678, 34.57998 ], [ -120.659082, 35.122412 ], [ -120.857373, 35.209668 ], [ -120.899609, 35.425098 ], [ -121.283838, 35.676318 ], [ -121.877393, 36.331055 ], [ -121.918652, 36.572363 ], [ -121.78999, 36.732275 ], [ -121.807422, 36.851221 ], [ -122.164209, 36.990967 ], [ -122.394922, 37.20752 ], [ -122.499219, 37.542627 ], [ -122.514209, 37.771973 ], [ -122.445605, 37.797998 ], [ -122.297607, 37.591846 ], [ -122.070508, 37.478271 ], [ -122.385449, 37.960596 ], [ -122.314258, 38.007324 ], [ -121.525342, 38.055908 ], [ -122.393359, 38.144824 ], [ -122.483887, 38.108838 ], [ -122.521338, 37.826416 ], [ -122.931982, 38.055469 ], [ -122.998779, 37.988623 ], [ -122.977588, 38.227344 ], [ -122.876807, 38.12334 ], [ -122.908154, 38.196582 ], [ -123.701123, 38.907275 ], [ -123.83291, 39.775488 ], [ -124.356543, 40.371094 ], [ -124.133105, 40.969775 ], [ -124.071924, 41.459521 ], [ -124.539648, 42.812891 ], [ -124.346582, 43.34165 ], [ -124.196924, 43.42334 ], [ -124.287988, 43.409717 ], [ -124.14873, 43.691748 ], [ -123.929346, 45.576953 ], [ -123.989307, 46.219385 ], [ -123.220605, 46.153613 ], [ -123.464844, 46.271094 ], [ -124.072754, 46.279443 ], [ -124.044336, 46.605078 ], [ -123.946143, 46.432568 ], [ -123.88916, 46.66001 ], [ -124.112549, 46.862695 ], [ -123.842871, 46.963184 ], [ -124.111719, 47.035205 ], [ -124.139258, 46.954687 ], [ -124.376025, 47.658643 ], [ -124.663086, 47.974121 ], [ -124.709961, 48.380371 ], [ -123.975781, 48.168457 ], [ -123.161865, 48.154541 ], [ -122.973877, 48.073291 ], [ -122.778613, 48.137598 ], [ -122.656641, 47.881152 ], [ -123.050635, 47.551953 ], [ -123.136328, 47.355811 ], [ -122.922168, 47.407666 ], [ -123.060156, 47.453662 ], [ -122.532813, 47.919727 ], [ -122.523926, 47.769336 ], [ -122.675488, 47.612354 ], [ -122.557422, 47.463184 ], [ -122.577881, 47.293164 ], [ -122.707715, 47.316406 ], [ -122.767773, 47.218359 ], [ -122.828467, 47.336572 ], [ -123.027588, 47.138916 ], [ -122.627051, 47.144238 ], [ -122.353809, 47.371582 ], [ -122.401807, 47.784277 ], [ -122.241992, 48.010742 ], [ -122.41582, 48.183936 ], [ -122.394775, 48.084131 ], [ -122.494043, 48.130469 ], [ -122.520312, 48.229102 ], [ -122.408545, 48.293896 ], [ -122.6625, 48.446387 ], [ -122.496777, 48.505566 ], [ -122.545117, 48.762305 ], [ -122.685937, 48.794287 ], [ -122.826709, 49.028418 ], [ -122.962695, 49.074609 ], [ -123.077295, 48.980225 ], [ -123.079541, 49.130615 ], [ -123.196338, 49.147705 ], [ -123.229443, 49.260498 ], [ -122.947656, 49.293262 ], [ -122.879102, 49.398926 ], [ -123.276758, 49.343945 ], [ -123.1875, 49.680322 ], [ -123.335645, 49.45918 ], [ -123.530566, 49.397314 ], [ -123.948389, 49.534717 ], [ -124.053809, 49.661719 ], [ -123.992627, 49.736182 ], [ -123.817187, 49.586572 ], [ -123.582471, 49.68125 ], [ -123.874414, 49.736816 ], [ -123.904248, 49.981152 ], [ -123.784668, 50.087988 ], [ -123.880127, 50.173633 ], [ -123.945898, 50.183936 ], [ -123.865723, 50.07207 ], [ -123.972119, 49.892041 ], [ -124.141602, 49.792676 ], [ -124.412598, 49.778125 ], [ -124.702295, 49.957666 ], [ -125.056689, 50.418652 ], [ -124.862646, 50.637305 ], [ -124.859863, 50.872412 ], [ -125.058789, 50.513867 ], [ -125.476318, 50.497168 ], [ -125.539355, 50.649023 ], [ -125.641309, 50.466211 ], [ -126.094336, 50.497607 ], [ -126.447461, 50.587744 ], [ -125.904102, 50.704932 ], [ -126.514355, 50.679395 ], [ -126.374609, 50.837354 ], [ -126.521777, 50.866064 ], [ -126.517334, 51.056836 ], [ -126.631787, 50.915137 ], [ -127.057568, 50.867529 ], [ -127.708105, 51.151172 ], [ -127.68916, 51.343457 ], [ -127.419678, 51.608057 ], [ -126.691455, 51.703418 ], [ -127.338721, 51.707373 ], [ -127.668701, 51.477588 ], [ -127.850537, 51.673193 ], [ -127.863232, 51.820801 ], [ -127.727637, 51.993213 ], [ -127.858789, 51.990283 ], [ -127.795361, 52.191016 ], [ -127.437939, 52.356152 ], [ -127.242236, 52.395117 ], [ -126.713965, 52.060693 ], [ -127.193994, 52.457666 ], [ -126.951318, 52.72124 ], [ -127.008252, 52.842578 ], [ -127.066211, 52.652686 ], [ -127.834326, 52.250977 ], [ -128.102246, 51.788428 ], [ -128.357617, 52.158887 ], [ -128.0375, 52.318164 ], [ -128.051562, 52.45332 ], [ -127.940234, 52.545166 ], [ -128.271533, 52.362988 ], [ -128.053271, 52.910693 ], [ -128.365039, 52.825781 ], [ -128.524707, 53.140674 ], [ -129.080908, 53.367285 ], [ -129.171582, 53.533594 ], [ -129.021436, 53.692139 ], [ -128.85459, 53.704541 ], [ -128.905615, 53.559326 ], [ -128.542139, 53.420654 ], [ -128.132715, 53.417773 ], [ -127.927832, 53.274707 ], [ -128.207227, 53.483203 ], [ -128.675537, 53.55459 ], [ -128.763672, 53.746875 ], [ -128.532129, 53.858105 ], [ -128.704785, 53.918604 ], [ -128.959375, 53.841455 ], [ -129.208105, 53.641602 ], [ -129.257861, 53.417969 ], [ -129.563721, 53.251465 ], [ -129.911865, 53.551367 ], [ -130.335254, 53.723926 ], [ -130.043311, 54.133545 ], [ -129.626025, 54.230273 ], [ -130.084229, 54.181396 ], [ -130.430273, 54.420996 ], [ -130.350488, 54.655322 ], [ -129.560645, 55.462549 ], [ -129.701318, 55.438574 ], [ -129.795166, 55.55957 ], [ -129.837744, 55.319092 ], [ -130.048486, 55.057275 ], [ -129.985156, 55.358838 ], [ -130.094678, 55.694775 ], [ -130.025098, 55.888232 ], [ -130.146533, 55.654492 ], [ -130.036572, 55.2979 ], [ -130.218506, 55.060254 ], [ -130.203906, 54.947021 ], [ -130.535498, 54.74873 ], [ -130.849609, 54.807617 ], [ -131.047852, 55.157666 ], [ -130.748193, 55.318018 ], [ -130.855957, 55.355127 ], [ -130.918555, 55.735986 ], [ -131.127686, 55.960156 ], [ -131.032764, 56.088086 ], [ -131.78418, 55.876562 ], [ -131.94502, 55.55415 ], [ -132.118994, 55.569775 ], [ -132.20752, 55.753418 ], [ -131.843848, 56.160107 ], [ -131.551367, 56.206787 ], [ -131.887891, 56.24165 ], [ -132.182031, 56.420654 ], [ -132.475928, 56.649658 ], [ -132.487109, 56.766406 ], [ -132.802197, 56.895166 ], [ -132.824609, 57.055811 ], [ -133.465869, 57.172168 ], [ -133.43667, 57.336865 ], [ -133.64873, 57.642285 ], [ -133.554199, 57.695068 ], [ -133.117041, 57.566211 ], [ -133.535205, 57.832959 ], [ -133.194336, 57.877686 ], [ -133.559375, 57.924463 ], [ -133.722314, 57.844238 ], [ -134.031104, 58.072168 ], [ -134.045264, 58.289258 ], [ -133.876758, 58.518164 ], [ -134.208838, 58.232959 ], [ -134.663623, 58.384717 ], [ -135.131836, 58.842871 ], [ -135.363672, 59.419434 ], [ -135.484082, 59.308691 ], [ -135.400146, 59.20791 ], [ -135.502344, 59.202295 ], [ -135.062012, 58.340869 ], [ -135.090234, 58.24585 ], [ -135.571777, 58.412061 ], [ -135.897559, 58.400195 ], [ -135.861719, 58.577051 ], [ -136.043115, 58.821631 ], [ -135.826367, 58.897949 ], [ -136.016602, 58.873975 ], [ -136.150049, 59.048096 ], [ -136.12417, 58.819629 ], [ -136.22583, 58.765479 ], [ -136.989014, 59.034473 ], [ -136.948047, 58.934912 ], [ -137.059033, 58.87373 ], [ -136.613916, 58.809277 ], [ -136.410107, 58.700635 ], [ -136.48374, 58.617676 ], [ -136.224609, 58.602246 ], [ -136.061475, 58.452734 ], [ -136.08125, 58.364209 ], [ -136.607422, 58.243994 ], [ -137.543994, 58.581201 ], [ -138.514893, 59.165918 ], [ -139.799121, 59.54624 ], [ -139.513037, 59.698096 ], [ -139.582178, 59.848291 ], [ -139.512305, 59.953564 ], [ -139.330957, 59.877002 ], [ -139.286719, 59.610937 ], [ -139.220801, 59.819873 ], [ -138.988086, 59.83501 ], [ -139.431445, 60.012256 ], [ -140.419824, 59.710742 ], [ -141.408301, 59.902783 ], [ -141.289941, 60.00415 ], [ -141.40874, 60.117676 ], [ -141.44707, 60.019434 ], [ -141.670166, 59.969873 ], [ -142.945654, 60.096973 ], [ -144.147217, 60.016406 ], [ -144.088525, 60.084326 ], [ -144.185498, 60.150732 ], [ -144.901318, 60.335156 ], [ -144.691113, 60.669092 ], [ -145.248291, 60.380127 ], [ -145.898877, 60.478174 ], [ -145.674902, 60.651123 ], [ -146.570459, 60.72915 ], [ -146.391992, 60.81084 ], [ -146.638428, 60.897314 ], [ -146.599121, 61.053516 ], [ -146.284912, 61.112646 ], [ -146.582715, 61.127832 ], [ -147.361377, 60.914502 ], [ -147.567285, 60.994922 ], [ -147.807617, 60.8854 ], [ -147.990771, 60.948291 ], [ -147.751855, 61.218945 ], [ -148.341895, 61.0604 ], [ -148.410742, 61.011475 ], [ -148.208691, 61.029932 ], [ -148.344434, 60.853564 ], [ -148.556152, 60.827002 ], [ -148.256738, 60.675293 ], [ -148.30498, 60.58335 ], [ -148.640137, 60.489453 ], [ -148.119189, 60.575146 ], [ -147.964111, 60.484863 ], [ -148.181689, 60.393066 ], [ -148.197607, 60.167773 ], [ -148.430713, 59.989111 ], [ -149.266602, 59.998291 ], [ -149.395264, 60.105762 ], [ -149.598047, 59.770459 ], [ -149.713867, 59.91958 ], [ -149.782471, 59.750342 ], [ -150.005322, 59.784424 ], [ -149.966504, 59.690039 ], [ -150.198047, 59.566553 ], [ -150.607373, 59.563379 ], [ -150.934521, 59.249121 ], [ -151.182764, 59.300781 ], [ -151.170703, 59.236914 ], [ -151.738184, 59.188525 ], [ -151.949512, 59.265088 ], [ -151.849951, 59.406348 ], [ -151.399609, 59.516309 ], [ -151.046484, 59.771826 ], [ -151.450098, 59.650391 ], [ -151.853223, 59.78208 ], [ -151.395996, 60.274463 ], [ -151.321777, 60.74292 ], [ -150.44126, 61.023584 ], [ -149.075098, 60.876416 ], [ -150.053271, 61.171094 ], [ -149.329053, 61.497363 ], [ -149.625439, 61.486035 ], [ -149.975684, 61.279346 ], [ -150.612256, 61.301123 ], [ -151.593506, 60.979639 ], [ -151.781641, 60.857959 ], [ -151.750488, 60.754883 ], [ -152.270703, 60.528125 ], [ -152.260303, 60.409424 ], [ -152.540918, 60.26543 ], [ -153.025, 60.295654 ], [ -152.664746, 60.125293 ], [ -152.660107, 59.997217 ], [ -153.21123, 59.842725 ], [ -153.024609, 59.793994 ], [ -153.093604, 59.709131 ], [ -153.364014, 59.659863 ], [ -153.414404, 59.740137 ], [ -153.652539, 59.647021 ], [ -153.752588, 59.509863 ], [ -154.08833, 59.363281 ], [ -154.17832, 59.155566 ], [ -153.418262, 58.959961 ], [ -153.327051, 58.884326 ], [ -153.437598, 58.754834 ], [ -154.289014, 58.304346 ], [ -154.208057, 58.28877 ], [ -154.247021, 58.159424 ], [ -155.006885, 58.016064 ], [ -155.777979, 57.568213 ], [ -156.435889, 57.359961 ], [ -156.400488, 57.204834 ], [ -156.629004, 57.009961 ], [ -157.440576, 56.790332 ], [ -157.578369, 56.634473 ], [ -158.07832, 56.552051 ], [ -157.92998, 56.520459 ], [ -158.414404, 56.43584 ], [ -158.552148, 56.312695 ], [ -158.275635, 56.19624 ], [ -158.476123, 56.075488 ], [ -158.591162, 56.184521 ], [ -158.789844, 55.986914 ], [ -159.523242, 55.81001 ], [ -159.659668, 55.625928 ], [ -159.678516, 55.824658 ], [ -159.771387, 55.841113 ], [ -160.499316, 55.537305 ], [ -160.896729, 55.513623 ], [ -161.178027, 55.388867 ], [ -161.463867, 55.38252 ], [ -161.41333, 55.536133 ], [ -161.2021, 55.543555 ], [ -161.516943, 55.618408 ], [ -162.073975, 55.139307 ], [ -162.386377, 55.052344 ], [ -162.630371, 55.24668 ], [ -162.674365, 54.996582 ], [ -162.865039, 54.954541 ], [ -163.119629, 55.064697 ], [ -163.131104, 54.916553 ], [ -163.335303, 54.83916 ], [ -163.278809, 55.121826 ], [ -162.906592, 55.195557 ], [ -162.157129, 55.719434 ], [ -161.697314, 55.907227 ], [ -161.215625, 56.021436 ], [ -161.192529, 55.954297 ], [ -160.898633, 55.993652 ], [ -161.005371, 55.887158 ], [ -160.802832, 55.754443 ], [ -160.706348, 55.870459 ], [ -160.291699, 55.805078 ], [ -160.539062, 56.006299 ], [ -160.302051, 56.314111 ], [ -158.918018, 56.882178 ], [ -158.675146, 56.794873 ], [ -158.660791, 57.039404 ], [ -158.320947, 57.2979 ], [ -157.845752, 57.528076 ], [ -157.461914, 57.506201 ], [ -157.697217, 57.679443 ], [ -157.610889, 58.05083 ], [ -157.555029, 58.139941 ], [ -157.193701, 58.194189 ], [ -157.488379, 58.253711 ], [ -157.523633, 58.421338 ], [ -156.974658, 58.736328 ], [ -157.040479, 58.772559 ], [ -156.808887, 59.134277 ], [ -157.142041, 58.877637 ], [ -158.190918, 58.614258 ], [ -158.503174, 58.850342 ], [ -158.425635, 58.999316 ], [ -158.080518, 58.977441 ], [ -158.422803, 59.089844 ], [ -158.678271, 58.929395 ], [ -158.809473, 58.973877 ], [ -158.861377, 58.71875 ], [ -158.788623, 58.440967 ], [ -158.950684, 58.404541 ], [ -159.670264, 58.911133 ], [ -159.920215, 58.819873 ], [ -160.363135, 59.051172 ], [ -161.246826, 58.799463 ], [ -161.361328, 58.669531 ], [ -162.144922, 58.644238 ], [ -161.724365, 58.794287 ], [ -161.788672, 59.016406 ], [ -161.644385, 59.109668 ], [ -161.981055, 59.146143 ], [ -162.023291, 59.283984 ], [ -161.828711, 59.588623 ], [ -162.24248, 60.17832 ], [ -162.421338, 60.283984 ], [ -162.138867, 60.614355 ], [ -161.946582, 60.684814 ], [ -162.138037, 60.685547 ], [ -162.684961, 60.268945 ], [ -162.526953, 60.199121 ], [ -162.570752, 59.989746 ], [ -163.906885, 59.806787 ], [ -164.662256, 60.303809 ], [ -165.061133, 60.412549 ], [ -165.026514, 60.500635 ], [ -165.353809, 60.541211 ], [ -164.805176, 60.892041 ], [ -164.318506, 60.771289 ], [ -164.265674, 60.724658 ], [ -164.372363, 60.591846 ], [ -163.999561, 60.766064 ], [ -163.72998, 60.58999 ], [ -163.420947, 60.757422 ], [ -163.906543, 60.853809 ], [ -163.586914, 60.902979 ], [ -163.749023, 60.969727 ], [ -163.994629, 60.864697 ], [ -165.114844, 60.932812 ], [ -165.175488, 60.965674 ], [ -164.868994, 61.111768 ], [ -165.344873, 61.197705 ], [ -165.273633, 61.274854 ], [ -165.392041, 61.212305 ], [ -165.380762, 61.106299 ], [ -165.565869, 61.102344 ], [ -165.691357, 61.299902 ], [ -165.863965, 61.335693 ], [ -165.845313, 61.53623 ], [ -166.093994, 61.506738 ], [ -166.168115, 61.65083 ], [ -165.808936, 61.696094 ], [ -166.078809, 61.803125 ], [ -165.612793, 61.869287 ], [ -165.725244, 61.959375 ], [ -165.707275, 62.100439 ], [ -165.194531, 62.473535 ], [ -164.757861, 62.496729 ], [ -164.844385, 62.581055 ], [ -164.589453, 62.709375 ], [ -164.792676, 62.623193 ], [ -164.799658, 62.918066 ], [ -164.677441, 63.020459 ], [ -164.384229, 63.030469 ], [ -164.525195, 63.127637 ], [ -164.409033, 63.215039 ], [ -163.942871, 63.247217 ], [ -163.616309, 63.125146 ], [ -163.737842, 63.016406 ], [ -163.504346, 63.105859 ], [ -163.287842, 63.046436 ], [ -162.621484, 63.26582 ], [ -162.282813, 63.529199 ], [ -161.50542, 63.468164 ], [ -160.926709, 63.660547 ], [ -160.778564, 63.818945 ], [ -160.987549, 64.25127 ], [ -161.490723, 64.433789 ], [ -161.4146, 64.526367 ], [ -160.931934, 64.579102 ], [ -160.836035, 64.681934 ], [ -160.886963, 64.795557 ], [ -161.130176, 64.925439 ], [ -161.466357, 64.794873 ], [ -161.759375, 64.81626 ], [ -162.711084, 64.377539 ], [ -163.203906, 64.652002 ], [ -163.302832, 64.605908 ], [ -163.051758, 64.519727 ], [ -163.144336, 64.423828 ], [ -163.713086, 64.588232 ], [ -164.97876, 64.453662 ], [ -166.142773, 64.582764 ], [ -166.481396, 64.728076 ], [ -166.415234, 64.926514 ], [ -166.928418, 65.15708 ], [ -166.531006, 65.154736 ], [ -166.45166, 65.247314 ], [ -166.157031, 65.28584 ], [ -167.404004, 65.422119 ], [ -168.088379, 65.657764 ], [ -167.074219, 65.877051 ], [ -166.39873, 66.144434 ], [ -165.629932, 66.131201 ], [ -165.560205, 66.16709 ], [ -165.811865, 66.288477 ], [ -164.460498, 66.588428 ], [ -163.727686, 66.616455 ], [ -163.638232, 66.574658 ], [ -163.893945, 66.575879 ], [ -163.775488, 66.531104 ], [ -163.893945, 66.286914 ], [ -164.03374, 66.215527 ], [ -163.695361, 66.083838 ], [ -161.933691, 66.042871 ], [ -161.45542, 66.281396 ], [ -161.034277, 66.188818 ], [ -161.120313, 66.334326 ], [ -161.828174, 66.37085 ], [ -161.916895, 66.411816 ], [ -161.887598, 66.493066 ], [ -162.191162, 66.693115 ], [ -162.467432, 66.735645 ], [ -162.607422, 66.894385 ], [ -162.361621, 66.947314 ], [ -162.017627, 66.784131 ], [ -162.050732, 66.667285 ], [ -161.90957, 66.559619 ], [ -161.591016, 66.459521 ], [ -160.231689, 66.420264 ], [ -160.360889, 66.6125 ], [ -160.864014, 66.67085 ], [ -161.398047, 66.551855 ], [ -161.856689, 66.700342 ], [ -161.87876, 66.803955 ], [ -161.622217, 66.979346 ], [ -161.719922, 67.020557 ], [ -163.531836, 67.102588 ], [ -164.125195, 67.606738 ], [ -165.386035, 68.045605 ], [ -166.786279, 68.359619 ], [ -166.380518, 68.425146 ], [ -166.209082, 68.885352 ], [ -164.302344, 68.936475 ], [ -163.535693, 69.170117 ], [ -163.161475, 69.387939 ], [ -162.9521, 69.758105 ], [ -161.880957, 70.331738 ], [ -161.761084, 70.257666 ], [ -162.073877, 70.161963 ], [ -160.996289, 70.30459 ], [ -160.117139, 70.591211 ], [ -159.963135, 70.568164 ], [ -160.106396, 70.472559 ], [ -160.005566, 70.447559 ], [ -160.095068, 70.333301 ], [ -159.865674, 70.278857 ], [ -159.81499, 70.49707 ], [ -159.386768, 70.524512 ], [ -160.081592, 70.634863 ], [ -159.680908, 70.786768 ], [ -159.314502, 70.878516 ], [ -159.191748, 70.859668 ], [ -159.339844, 70.78125 ], [ -159.251172, 70.748437 ], [ -157.909375, 70.860107 ], [ -156.470215, 71.407666 ], [ -156.395264, 71.39668 ], [ -156.567236, 71.341553 ], [ -155.579443, 71.121094 ], [ -156.146582, 70.927832 ], [ -155.973535, 70.841992 ], [ -155.579395, 70.894336 ], [ -155.166846, 71.099219 ], [ -154.673682, 70.987109 ], [ -154.785205, 70.894287 ], [ -154.195215, 70.801123 ], [ -153.23291, 70.932568 ], [ -152.300391, 70.846777 ], [ -152.23291, 70.810352 ], [ -152.470605, 70.653613 ], [ -151.769043, 70.560156 ], [ -151.944678, 70.4521 ], [ -149.269434, 70.500781 ], [ -147.705371, 70.217236 ], [ -145.823145, 70.160059 ], [ -144.619189, 69.982129 ], [ -143.218311, 70.11626 ], [ -141.40791, 69.653369 ], [ -139.181543, 69.515527 ], [ -137.869434, 69.092822 ], [ -136.717334, 68.88916 ], [ -136.122363, 68.882227 ], [ -135.258838, 68.684326 ], [ -135.43457, 68.841992 ], [ -135.894727, 68.926709 ], [ -135.924756, 68.992627 ], [ -135.575537, 69.026953 ], [ -135.910205, 69.111475 ], [ -135.691455, 69.311182 ], [ -135.292822, 69.307861 ], [ -135.14082, 69.467822 ], [ -134.456836, 69.477637 ], [ -134.408936, 69.681787 ], [ -133.879785, 69.507715 ], [ -134.174316, 69.252832 ], [ -133.163135, 69.433887 ], [ -132.840332, 69.650684 ], [ -132.403906, 69.65874 ], [ -132.568359, 69.698145 ], [ -132.488477, 69.738086 ], [ -132.163428, 69.70498 ], [ -131.440918, 69.91792 ], [ -131.136377, 69.906885 ], [ -130.665479, 70.127051 ], [ -129.944971, 70.090918 ], [ -129.675635, 70.192969 ], [ -129.538428, 70.105176 ], [ -129.648291, 69.997754 ], [ -130.83208, 69.651465 ], [ -131.937793, 69.534717 ], [ -132.330762, 69.307959 ], [ -132.81748, 69.205762 ], [ -133.418311, 68.844287 ], [ -133.196826, 68.739844 ], [ -133.33667, 68.835254 ], [ -132.706006, 68.814893 ], [ -132.532666, 68.875635 ], [ -132.739111, 68.922461 ], [ -132.718945, 69.079199 ], [ -131.919629, 69.290527 ], [ -131.788379, 69.431982 ], [ -131.34292, 69.4354 ], [ -131.324707, 69.361182 ], [ -131.063428, 69.450684 ], [ -130.970654, 69.209082 ], [ -130.515967, 69.569678 ], [ -130.117627, 69.720068 ], [ -128.898926, 69.966162 ], [ -129.15791, 69.800098 ], [ -129.054346, 69.701074 ], [ -128.853027, 69.751025 ], [ -128.386719, 69.960156 ], [ -128.278613, 70.108105 ], [ -127.683789, 70.260352 ], [ -128.170117, 70.418457 ], [ -127.991016, 70.573828 ], [ -127.225977, 70.296143 ], [ -126.612158, 69.730322 ], [ -125.727783, 69.37998 ], [ -125.171875, 69.427979 ], [ -125.345508, 69.662451 ], [ -125.201172, 69.828809 ], [ -124.76792, 69.990039 ], [ -124.990381, 70.026611 ], [ -124.555029, 70.151221 ], [ -124.444482, 70.110596 ], [ -124.406934, 69.767432 ], [ -124.124609, 69.68999 ], [ -124.481348, 69.425146 ], [ -124.338086, 69.364844 ], [ -123.528418, 69.389355 ], [ -123.213672, 69.541504 ], [ -123.025781, 69.81001 ], [ -121.741846, 69.79751 ], [ -120.962451, 69.6604 ], [ -120.13999, 69.380566 ], [ -118.868701, 69.257178 ], [ -117.226953, 68.913428 ], [ -116.059473, 68.837012 ], [ -116.243408, 68.974072 ], [ -115.442285, 68.940918 ], [ -114.620166, 68.746094 ], [ -113.964404, 68.399072 ], [ -114.095947, 68.266797 ], [ -114.765283, 68.270215 ], [ -115.434473, 67.902344 ], [ -115.133203, 67.819189 ], [ -112.503027, 67.681934 ], [ -110.990039, 67.79082 ], [ -110.073926, 67.99292 ], [ -109.630371, 67.732715 ], [ -109.038037, 67.691162 ], [ -108.852002, 67.421973 ], [ -108.61333, 67.598047 ], [ -107.988721, 67.256396 ], [ -107.90918, 67.162549 ], [ -107.991309, 67.095166 ], [ -108.496045, 67.092285 ], [ -107.259473, 66.398535 ], [ -107.710352, 66.740039 ], [ -107.745996, 66.961475 ], [ -107.156494, 66.881738 ], [ -107.347852, 67.054785 ], [ -107.283154, 67.103271 ], [ -107.56748, 67.273047 ], [ -107.649902, 67.511279 ], [ -107.954053, 67.7 ], [ -107.958398, 67.818604 ], [ -107.763086, 67.906836 ], [ -107.798291, 68.036914 ], [ -106.424268, 68.200586 ], [ -106.404395, 68.319336 ], [ -105.933057, 68.443115 ], [ -105.750195, 68.592285 ], [ -105.932227, 68.636523 ], [ -106.458057, 68.516455 ], [ -106.608496, 68.357373 ], [ -107.619336, 68.331055 ], [ -107.741504, 68.285742 ], [ -107.73418, 68.17373 ], [ -108.322803, 68.154102 ], [ -108.718115, 68.297461 ], [ -108.345752, 68.597803 ], [ -106.164453, 68.919873 ], [ -105.685596, 68.828174 ], [ -105.377441, 68.413818 ], [ -104.653174, 68.230078 ], [ -104.661133, 68.148779 ], [ -104.486816, 68.063184 ], [ -103.474121, 68.115039 ], [ -102.320361, 67.735645 ], [ -101.55498, 67.693164 ], [ -100.212939, 67.838574 ], [ -99.032178, 67.718848 ], [ -98.412109, 67.807178 ], [ -98.703564, 67.965723 ], [ -98.631543, 68.072559 ], [ -97.607422, 67.631055 ], [ -97.15542, 67.726416 ], [ -97.206543, 67.855078 ], [ -97.546631, 67.960742 ], [ -98.192529, 67.922998 ], [ -98.500293, 68.117676 ], [ -98.380859, 68.132471 ], [ -98.650488, 68.363525 ], [ -97.794238, 68.387598 ], [ -97.938867, 68.510449 ], [ -97.828564, 68.532764 ], [ -97.335791, 68.47915 ], [ -96.976709, 68.25542 ], [ -96.430664, 68.310596 ], [ -96.72207, 68.03877 ], [ -95.970312, 68.249121 ], [ -96.369141, 67.509766 ], [ -96.141455, 67.271826 ], [ -95.719922, 67.316797 ], [ -95.777686, 67.184619 ], [ -95.415918, 67.155566 ], [ -95.418896, 67.013232 ], [ -96.422559, 67.051758 ], [ -95.787549, 66.616797 ], [ -95.743164, 66.69043 ], [ -96.036865, 66.9375 ], [ -95.399658, 66.949463 ], [ -95.25874, 67.262549 ], [ -95.463379, 67.610205 ], [ -95.650488, 67.737451 ], [ -95.460693, 68.021387 ], [ -94.744434, 68.070898 ], [ -93.448926, 68.618896 ], [ -93.643945, 68.633105 ], [ -93.681445, 68.887256 ], [ -93.852441, 69.000342 ], [ -94.064893, 68.784766 ], [ -94.600439, 68.803223 ], [ -94.562549, 68.91167 ], [ -94.083643, 69.123096 ], [ -94.255371, 69.151465 ], [ -94.254736, 69.31377 ], [ -93.619482, 69.416992 ], [ -93.820459, 69.252637 ], [ -93.748535, 69.226123 ], [ -93.430957, 69.375049 ], [ -93.649805, 69.519043 ], [ -94.270801, 69.455127 ], [ -94.633838, 69.649658 ], [ -94.82251, 69.577783 ], [ -96.050146, 69.831152 ], [ -96.492383, 70.124902 ], [ -96.545605, 70.327246 ], [ -96.226416, 70.541699 ], [ -95.878613, 70.548975 ], [ -95.988184, 70.616846 ], [ -95.886328, 70.694287 ], [ -96.358887, 70.678662 ], [ -96.548926, 70.80874 ], [ -96.524756, 71.127051 ], [ -96.405664, 71.273633 ], [ -96.062012, 71.413867 ], [ -95.564258, 71.336768 ], [ -95.40625, 71.49165 ], [ -95.872314, 71.573145 ], [ -95.201221, 71.903711 ], [ -94.55708, 71.978955 ], [ -94.30835, 71.764893 ] ] ] } },
{ "type": "Feature", "properties": { "scalerank": 0, "featurecla": "Land", "min_zoom": 1.5 }, "geometry": { "type": "Polygon", "coordinates": [ [ [ -82.000488, 62.954199 ], [ -81.964404, 62.827637 ], [ -82.113721, 62.652246 ], [ -83.01582, 62.209912 ], [ -83.698877, 62.160254 ], [ -83.912402, 62.425537 ], [ -83.376416, 62.904932 ], [ -82.000488, 62.954199 ] ] ] } },
{ "type": "Feature", "properties": { "scalerank": 0, "featurecla": "Land", "min_zoom": 1.5 }, "geometry": { "type": "Polygon", "coordinates": [ [ [ -79.545312, 62.411719 ], [ -79.272021, 62.185986 ], [ -79.66875, 61.644434 ], [ -79.816113, 61.594629 ], [ -80.265186, 61.818213 ], [ -80.260059, 62.109033 ], [ -80.021582, 62.342969 ], [ -79.545312, 62.411719 ] ] ] } },
{ "type": "Feature", "properties": { "scalerank": 0, "featurecla": "Land", "min_zoom": 1.5 }, "geometry": { "type": "Polygon", "coordinates": [ [ [ -95.484375, 77.791992 ], [ -93.582861, 77.770752 ], [ -93.128711, 77.660156 ], [ -93.33916, 77.629688 ], [ -93.543945, 77.46665 ], [ -93.836182, 77.452246 ], [ -95.987061, 77.484131 ], [ -96.276611, 77.630566 ], [ -95.484375, 77.791992 ] ] ] } },
{ "type": "Feature", "properties": { "scalerank": 0, "featurecla": "Land", "min_zoom": 1.5 }, "geometry": { "type": "Polygon", "coordinates": [ [ [ -93.497559, 75.136865 ], [ -93.463477, 74.856494 ], [ -93.573096, 74.668848 ], [ -94.534521, 74.636719 ], [ -96.599609, 75.031787 ], [ -95.954639, 75.443799 ], [ -94.878174, 75.630029 ], [ -93.909082, 75.42251 ], [ -93.497559, 75.136865 ] ] ] } },
{ "type": "Feature", "properties": { "scalerank": 0, "featurecla": "Land", "min_zoom": 1.5 }, "geometry": { "type": "Polygon", "coordinates": [ [ [ -110.877588, 78.735059 ], [ -109.467285, 78.567188 ], [ -109.3521, 78.368652 ], [ -110.418359, 78.294971 ], [ -111.169189, 78.386279 ], [ -111.51748, 78.274707 ], [ -112.13125, 78.366064 ], [ -113.292578, 78.334375 ], [ -110.877588, 78.735059 ] ] ] } },
{ "type": "Feature", "properties": { "scalerank": 0, "featurecla": "Land", "min_zoom": 1.5 }, "geometry": { "type": "Polygon", "coordinates": [ [ [ -105.288916, 72.919922 ], [ -106.180029, 73.304102 ], [ -106.949658, 73.510352 ], [ -106.613965, 73.695605 ], [ -105.512305, 73.765771 ], [ -104.5875, 73.578076 ], [ -104.621729, 73.311133 ], [ -105.288916, 72.919922 ] ] ] } },
{ "type": "Feature", "properties": { "scalerank": 0, "featurecla": "Land", "min_zoom": 0.0 }, "geometry": { "type": "Polygon", "coordinates": [ [ [ -100.001904, 73.945898 ], [ -99.157959, 73.731592 ], [ -97.669971, 73.887744 ], [ -97.111719, 73.790332 ], [ -97.001709, 73.666504 ], [ -97.625879, 73.502295 ], [ -97.350293, 73.480957 ], [ -97.27251, 73.386816 ], [ -97.795898, 73.285303 ], [ -98.430908, 72.958057 ], [ -97.636328, 73.027637 ], [ -97.083008, 72.762842 ], [ -97.128125, 72.627588 ], [ -96.54209, 72.69873 ], [ -96.472852, 72.434375 ], [ -96.801465, 72.322412 ], [ -96.592871, 72.204492 ], [ -96.766309, 72.045947 ], [ -96.624365, 71.967578 ], [ -96.613428, 71.833838 ], [ -97.582275, 71.629688 ], [ -98.181348, 71.662451 ], [ -98.322705, 71.852344 ], [ -98.458838, 71.773193 ], [ -98.198633, 71.440869 ], [ -98.662891, 71.3021 ], [ -99.167139, 71.367188 ], [ -99.734717, 71.757227 ], [ -100.594482, 72.152344 ], [ -101.208545, 72.316992 ], [ -101.723926, 72.314893 ], [ -102.70874, 72.764502 ], [ -102.551074, 72.978271 ], [ -102.204004, 73.077295 ], [ -101.922461, 73.056982 ], [ -101.273193, 72.72168 ], [ -100.484766, 72.772949 ], [ -100.395703, 72.977002 ], [ -100.128125, 72.906689 ], [ -100.236182, 73.09541 ], [ -100.536377, 73.197852 ], [ -100.340723, 73.265186 ], [ -99.825146, 73.213867 ], [ -100.366113, 73.359033 ], [ -100.889355, 73.275342 ], [ -101.523193, 73.486377 ], [ -100.975781, 73.599756 ], [ -100.52168, 73.449316 ], [ -100.985107, 73.765332 ], [ -100.483643, 73.843506 ], [ -99.991113, 73.795166 ], [ -99.911865, 73.847021 ], [ -100.227051, 73.889111 ], [ -100.001904, 73.945898 ] ] ] } },
{ "type": "Feature", "properties": { "scalerank": 0, "featurecla": "Land", "min_zoom": 0.5 }, "geometry": { "type": "Polygon", "coordinates": [ [ [ -84.919629, 65.261084 ], [ -84.501123, 65.458447 ], [ -84.084863, 65.217822 ], [ -83.490771, 65.131787 ], [ -83.200977, 64.959668 ], [ -82.05, 64.644287 ], [ -81.676123, 64.212646 ], [ -81.887109, 64.016406 ], [ -80.828955, 64.089941 ], [ -80.568848, 63.931934 ], [ -80.668262, 63.901465 ], [ -80.261328, 63.801953 ], [ -81.046387, 63.461572 ], [ -82.378125, 63.706787 ], [ -82.46709, 63.926953 ], [ -83.033887, 64.023242 ], [ -83.065137, 64.159033 ], [ -83.303955, 64.143799 ], [ -83.583594, 64.058105 ], [ -83.728271, 63.813379 ], [ -84.307617, 63.585791 ], [ -84.63291, 63.309229 ], [ -85.392627, 63.119678 ], [ -85.495508, 63.139111 ], [ -85.768945, 63.700342 ], [ -87.177148, 63.595117 ], [ -86.932031, 63.90166 ], [ -86.2521, 64.136865 ], [ -86.374268, 64.56582 ], [ -86.074609, 65.533838 ], [ -85.813965, 65.831934 ], [ -85.554688, 65.918652 ], [ -85.241113, 65.795508 ], [ -85.105371, 65.622705 ], [ -85.239941, 65.510303 ], [ -84.919629, 65.261084 ] ] ] } },
{ "type": "Feature", "properties": { "scalerank": 0, "featurecla": "Land", "min_zoom": 1.0 }, "geometry": { "type": "Polygon", "coordinates": [ [ [ -75.675879, 68.32251 ], [ -75.078125, 68.173145 ], [ -75.090527, 67.634766 ], [ -75.201953, 67.45918 ], [ -75.780078, 67.283545 ], [ -76.693945, 67.23584 ], [ -77.004883, 67.266943 ], [ -77.224219, 67.508203 ], [ -77.305908, 67.706104 ], [ -77.228564, 67.850098 ], [ -76.740234, 68.23125 ], [ -75.675879, 68.32251 ] ] ] } },
{ "type": "Feature", "properties": { "scalerank": 0, "featurecla": "Land", "min_zoom": 1.0 }, "geometry": { "type": "Polygon", "coordinates": [ [ [ -79.537305, 73.654492 ], [ -78.286523, 73.66582 ], [ -77.206543, 73.499561 ], [ -76.289551, 73.081006 ], [ -76.30957, 72.9979 ], [ -76.08999, 72.881201 ], [ -76.400537, 72.820654 ], [ -78.314209, 72.881836 ], [ -79.500537, 72.755957 ], [ -79.936865, 72.863623 ], [ -80.183301, 73.224658 ], [ -80.776416, 73.33418 ], [ -80.822949, 73.428955 ], [ -80.73584, 73.483105 ], [ -80.860742, 73.670557 ], [ -80.762744, 73.757764 ], [ -80.412305, 73.76543 ], [ -79.537305, 73.654492 ] ] ] } },
{ "type": "Feature", "properties": { "scalerank": 0, "featurecla": "Land", "min_zoom": 0.0 }, "geometry": { "type": "Polygon", "coordinates": [ [ [ -97.700928, 76.466504 ], [ -97.73877, 76.335254 ], [ -97.531055, 76.109424 ], [ -97.65, 75.97915 ], [ -97.60166, 75.851074 ], [ -97.890527, 75.760352 ], [ -97.40752, 75.67251 ], [ -97.336035, 75.419824 ], [ -97.65332, 75.507764 ], [ -97.878223, 75.416113 ], [ -97.852734, 75.260303 ], [ -97.659912, 75.151172 ], [ -98.06875, 75.19917 ], [ -97.991797, 75.045801 ], [ -100.234375, 75.007715 ], [ -100.483496, 75.188428 ], [ -100.145703, 75.246143 ], [ -100.731152, 75.346533 ], [ -99.756006, 75.633398 ], [ -99.19458, 75.698389 ], [ -102.541406, 75.513623 ], [ -102.79751, 75.599658 ], [ -102.144727, 75.875049 ], [ -101.261426, 75.758203 ], [ -100.972803, 75.798438 ], [ -101.288037, 75.789111 ], [ -101.505908, 75.918066 ], [ -101.431348, 75.991992 ], [ -101.872119, 76.083105 ], [ -101.557031, 76.23584 ], [ -102.137744, 76.284863 ], [ -101.787549, 76.45127 ], [ -101.339746, 76.410498 ], [ -101.055811, 76.245557 ], [ -99.865479, 75.924219 ], [ -99.688916, 75.959717 ], [ -100.112842, 76.117236 ], [ -99.541064, 76.146289 ], [ -100.414209, 76.242529 ], [ -99.977734, 76.312451 ], [ -100.890771, 76.475488 ], [ -100.068701, 76.634766 ], [ -98.890332, 76.465576 ], [ -99.023633, 76.614551 ], [ -98.71084, 76.693848 ], [ -97.700928, 76.466504 ] ] ] } },
{ "type": "Feature", "properties": { "scalerank": 0, "featurecla": "Land", "min_zoom": 0.5 }, "geometry": { "type": "Polygon", "coordinates": [ [ [ -103.426025, 79.315625 ], [ -102.914355, 79.231104 ], [ -102.652295, 79.09502 ], [ -102.730518, 78.969336 ], [ -102.576172, 78.879395 ], [ -102.393164, 79.010303 ], [ -101.703662, 79.078906 ], [ -101.037158, 78.939014 ], [ -101.128125, 78.80166 ], [ -100.435498, 78.820312 ], [ -100.014746, 78.728613 ], [ -99.582129, 78.563281 ], [ -99.847803, 78.438232 ], [ -99.751367, 78.302979 ], [ -99.131543, 78.117529 ], [ -98.999609, 77.996875 ], [ -99.166406, 77.856934 ], [ -99.955908, 77.793799 ], [ -100.586035, 77.891797 ], [ -101.074121, 78.193848 ], [ -102.606982, 78.248926 ], [ -102.77207, 78.306885 ], [ -102.731348, 78.371045 ], [ -104.512646, 78.294629 ], [ -104.995557, 78.518506 ], [ -103.570508, 78.539844 ], [ -103.482568, 78.593945 ], [ -104.02085, 78.634912 ], [ -103.371582, 78.736328 ], [ -104.18501, 78.781299 ], [ -103.875635, 78.902686 ], [ -104.151953, 78.989893 ], [ -104.895508, 78.808154 ], [ -104.969531, 78.856494 ], [ -104.746777, 79.0271 ], [ -105.535645, 79.03252 ], [ -105.580176, 79.114209 ], [ -105.387695, 79.323584 ], [ -103.426025, 79.315625 ] ] ] } },
{ "type": "Feature", "properties": { "scalerank": 0, "featurecla": "Land", "min_zoom": 0.0 }, "geometry": { "type": "Polygon", "coordinates": [ [ [ -91.885547, 81.132861 ], [ -90.68291, 80.687695 ], [ -90.643018, 80.593701 ], [ -89.235596, 80.510645 ], [ -89.13418, 80.440234 ], [ -89.19834, 80.263184 ], [ -88.857324, 80.166211 ], [ -88.199902, 80.111475 ], [ -88.6125, 80.255371 ], [ -88.643652, 80.386865 ], [ -88.524805, 80.418018 ], [ -87.675, 80.372119 ], [ -87.625488, 80.187207 ], [ -87.922314, 80.097705 ], [ -87.202051, 80.043213 ], [ -86.977197, 79.894238 ], [ -87.295166, 79.580176 ], [ -86.336963, 79.634961 ], [ -86.007031, 79.479443 ], [ -85.647852, 79.611426 ], [ -85.042139, 79.28457 ], [ -86.957178, 78.974902 ], [ -87.617383, 78.676318 ], [ -87.922314, 78.751367 ], [ -87.953174, 78.915039 ], [ -87.816748, 79.036328 ], [ -88.040186, 78.995312 ], [ -88.163818, 78.933496 ], [ -88.25376, 78.671973 ], [ -88.003125, 78.615527 ], [ -87.982861, 78.537061 ], [ -88.147559, 78.4771 ], [ -88.741602, 78.584033 ], [ -88.606445, 78.391992 ], [ -88.822412, 78.185889 ], [ -89.095703, 78.209229 ], [ -90.037109, 78.606836 ], [ -90.076318, 78.54917 ], [ -89.489844, 78.171924 ], [ -90.459033, 78.330908 ], [ -90.652393, 78.307715 ], [ -90.326758, 78.184766 ], [ -91.409619, 78.187988 ], [ -92.848242, 78.460107 ], [ -91.866895, 78.542676 ], [ -93.266602, 78.608301 ], [ -93.634424, 78.750928 ], [ -93.159863, 78.775635 ], [ -94.169678, 78.972803 ], [ -92.683643, 79.185791 ], [ -92.547217, 79.282617 ], [ -91.299902, 79.372705 ], [ -92.821924, 79.449902 ], [ -93.933154, 79.290723 ], [ -94.109375, 79.315088 ], [ -93.939697, 79.385693 ], [ -94.110303, 79.401562 ], [ -95.103174, 79.289893 ], [ -95.733008, 79.418213 ], [ -95.662891, 79.527344 ], [ -94.401855, 79.736328 ], [ -95.85752, 79.673779 ], [ -96.462744, 79.84751 ], [ -96.773242, 80.135791 ], [ -94.645898, 80.04873 ], [ -94.582617, 80.141406 ], [ -94.262598, 80.194873 ], [ -95.405078, 80.13501 ], [ -96.394092, 80.315039 ], [ -95.549072, 80.366602 ], [ -96.151807, 80.553467 ], [ -96.132812, 80.691406 ], [ -95.926953, 80.720654 ], [ -95.22583, 80.685791 ], [ -94.892578, 80.570898 ], [ -93.92793, 80.55918 ], [ -95.514746, 80.838135 ], [ -95.269775, 81.000781 ], [ -93.235645, 81.128857 ], [ -94.194434, 81.240918 ], [ -94.179346, 81.339258 ], [ -93.034668, 81.346289 ], [ -91.885547, 81.132861 ] ] ] } },
{ "type": "Feature", "properties": { "scalerank": 0, "featurecla": "Land", "min_zoom": 0.0 }, "geometry": { "type": "Polygon", "coordinates": [ [ [ -95.849512, 77.066211 ], [ -93.810937, 76.91416 ], [ -93.211865, 76.754688 ], [ -93.200586, 76.669092 ], [ -93.53457, 76.447705 ], [ -92.995361, 76.62041 ], [ -91.305029, 76.680762 ], [ -90.542627, 76.495752 ], [ -91.415088, 76.455859 ], [ -89.284521, 76.301611 ], [ -89.236523, 76.239014 ], [ -89.406592, 76.18916 ], [ -91.407324, 76.220068 ], [ -90.251367, 76.053467 ], [ -89.277588, 75.795068 ], [ -89.204541, 75.737256 ], [ -89.646045, 75.565039 ], [ -88.916699, 75.453955 ], [ -88.804102, 75.50249 ], [ -88.852148, 75.624902 ], [ -88.644971, 75.658447 ], [ -88.201318, 75.512012 ], [ -87.729736, 75.575635 ], [ -87.539111, 75.484863 ], [ -87.256934, 75.617725 ], [ -85.951465, 75.39502 ], [ -85.904541, 75.441943 ], [ -86.06875, 75.502246 ], [ -84.604883, 75.653467 ], [ -83.931982, 75.818945 ], [ -83.237109, 75.75083 ], [ -82.153662, 75.831055 ], [ -81.268555, 75.756006 ], [ -81.000781, 75.643115 ], [ -80.321973, 75.629102 ], [ -80.119189, 75.562061 ], [ -80.260449, 75.479443 ], [ -79.660205, 75.449512 ], [ -79.509082, 75.259814 ], [ -80.381982, 75.03418 ], [ -79.664062, 75.02085 ], [ -79.401416, 74.917627 ], [ -79.944482, 74.833643 ], [ -80.347754, 74.902979 ], [ -80.148926, 74.795703 ], [ -80.277734, 74.581592 ], [ -81.940186, 74.472705 ], [ -82.931055, 74.565576 ], [ -83.116992, 74.693115 ], [ -83.102637, 74.816553 ], [ -83.52207, 74.901465 ], [ -83.341309, 74.7646 ], [ -83.531885, 74.585693 ], [ -84.425537, 74.508105 ], [ -85.061426, 74.606934 ], [ -85.133447, 74.517432 ], [ -85.442334, 74.600586 ], [ -85.808008, 74.498975 ], [ -88.423047, 74.494141 ], [ -88.557861, 74.569727 ], [ -88.339551, 74.784863 ], [ -88.534961, 74.831738 ], [ -88.851074, 74.68999 ], [ -88.940137, 74.789502 ], [ -89.191943, 74.744873 ], [ -89.195801, 74.637549 ], [ -89.558691, 74.554736 ], [ -90.553271, 74.612744 ], [ -90.966797, 74.715088 ], [ -90.880225, 74.817773 ], [ -91.129883, 74.736279 ], [ -91.13457, 74.649854 ], [ -91.50835, 74.650684 ], [ -91.961572, 74.793213 ], [ -92.17417, 75.051074 ], [ -92.076318, 75.123535 ], [ -92.389258, 75.26333 ], [ -92.411084, 75.40625 ], [ -92.068848, 75.65791 ], [ -92.185107, 75.846533 ], [ -93.091748, 76.354004 ], [ -95.273877, 76.264404 ], [ -96.039697, 76.486719 ], [ -95.650977, 76.584668 ], [ -96.897998, 76.754004 ], [ -96.401562, 76.797217 ], [ -96.813525, 76.913477 ], [ -96.758301, 76.971777 ], [ -95.849512, 77.066211 ] ] ] } },
{ "type": "Feature", "properties": { "scalerank": 0, "featurecla": "Land", "min_zoom": 1.0 }, "geometry": { "type": "Polygon", "coordinates": [ [ [ -96.204492, 78.531299 ], [ -94.915381, 78.390527 ], [ -95.329248, 78.225049 ], [ -94.934277, 78.075635 ], [ -95.199121, 77.968164 ], [ -96.989648, 77.806006 ], [ -97.019092, 77.908105 ], [ -97.658154, 78.090625 ], [ -96.944678, 78.151855 ], [ -98.049512, 78.325928 ], [ -98.317334, 78.476855 ], [ -98.060352, 78.55835 ], [ -98.34082, 78.751221 ], [ -97.382324, 78.78291 ], [ -96.475342, 78.665186 ], [ -96.204492, 78.531299 ] ] ] } },
{ "type": "Feature", "properties": { "scalerank": 0, "featurecla": "Land", "min_zoom": 1.0 }, "geometry": { "type": "Polygon", "coordinates": [ [ [ -110.458057, 78.103223 ], [ -109.619043, 78.056836 ], [ -109.771777, 77.957422 ], [ -110.865625, 77.834131 ], [ -110.152734, 77.762939 ], [ -110.116895, 77.624707 ], [ -110.198486, 77.524512 ], [ -111.951953, 77.344189 ], [ -113.164355, 77.530273 ], [ -113.208545, 77.580176 ], [ -113.120654, 77.632617 ], [ -113.283447, 77.813037 ], [ -113.187061, 77.912354 ], [ -112.30459, 78.006787 ], [ -110.458057, 78.103223 ] ] ] } },
{ "type": "Feature", "properties": { "scalerank": 0, "featurecla": "Land", "min_zoom": 0.5 }, "geometry": { "type": "Polygon", "coordinates": [ [ [ -116.511328, 77.547607 ], [ -115.470215, 77.308643 ], [ -116.329199, 77.137061 ], [ -115.810059, 76.939111 ], [ -116.252734, 76.901416 ], [ -115.946289, 76.711279 ], [ -116.999219, 76.531592 ], [ -117.044482, 76.373096 ], [ -117.233594, 76.281543 ], [ -117.992969, 76.405811 ], [ -117.780469, 76.784277 ], [ -117.880811, 76.805078 ], [ -118.300586, 76.73667 ], [ -118.468164, 76.547363 ], [ -118.791406, 76.512988 ], [ -118.624512, 76.365869 ], [ -118.993945, 76.144873 ], [ -119.168213, 76.126514 ], [ -119.580371, 76.326514 ], [ -119.739648, 76.117725 ], [ -119.526123, 75.997217 ], [ -119.912891, 75.858838 ], [ -120.408887, 75.825635 ], [ -120.848389, 76.182666 ], [ -121.019287, 76.020264 ], [ -121.213477, 75.983691 ], [ -121.908203, 76.034766 ], [ -122.400488, 75.944238 ], [ -122.640479, 76.009082 ], [ -122.54624, 76.080518 ], [ -122.592725, 76.162061 ], [ -122.902783, 76.134717 ], [ -122.423047, 76.390088 ], [ -121.561133, 76.453467 ], [ -119.090186, 77.305078 ], [ -116.843555, 77.339551 ], [ -116.703613, 77.379932 ], [ -117.039746, 77.465137 ], [ -116.511328, 77.547607 ] ] ] } },
{ "type": "Feature", "properties": { "scalerank": 0, "featurecla": "Land", "min_zoom": 0.0 }, "geometry": { "type": "Polygon", "coordinates": [ [ [ -108.406152, 76.085059 ], [ -107.723486, 75.99541 ], [ -108.020703, 75.804785 ], [ -107.216211, 75.891553 ], [ -106.913525, 75.679639 ], [ -106.891699, 75.782422 ], [ -106.693115, 75.809961 ], [ -106.862061, 75.930078 ], [ -106.677002, 76.02373 ], [ -105.904834, 76.008984 ], [ -105.604443, 75.929932 ], [ -105.481445, 75.702246 ], [ -105.862598, 75.191553 ], [ -106.092627, 75.089453 ], [ -107.153418, 74.927148 ], [ -107.820068, 75.000049 ], [ -108.474756, 74.947217 ], [ -108.831299, 75.064893 ], [ -109.503125, 74.882764 ], [ -110.386719, 74.813965 ], [ -110.940869, 74.638721 ], [ -112.519336, 74.416846 ], [ -113.514062, 74.430078 ], [ -114.376953, 74.67085 ], [ -112.835986, 74.975586 ], [ -111.671094, 75.019434 ], [ -111.033496, 75.226758 ], [ -112.21416, 75.13291 ], [ -112.59707, 75.21167 ], [ -113.711768, 75.068604 ], [ -113.844971, 75.112207 ], [ -113.85332, 75.259375 ], [ -113.46709, 75.416113 ], [ -114.016504, 75.434277 ], [ -114.168457, 75.239502 ], [ -114.513818, 75.275488 ], [ -114.357764, 75.171289 ], [ -114.451758, 75.087891 ], [ -115.020117, 74.976172 ], [ -115.413184, 75.11499 ], [ -115.728857, 74.968115 ], [ -116.476074, 75.171777 ], [ -117.004834, 75.156104 ], [ -117.600098, 75.27168 ], [ -117.257617, 75.459521 ], [ -116.077148, 75.492969 ], [ -115.141846, 75.678516 ], [ -116.425635, 75.585352 ], [ -117.163623, 75.644873 ], [ -116.802148, 75.771582 ], [ -114.991504, 75.896338 ], [ -116.337891, 75.881055 ], [ -116.664551, 75.957568 ], [ -116.549658, 76.016846 ], [ -116.591309, 76.095801 ], [ -116.209863, 76.194434 ], [ -114.778613, 76.172607 ], [ -115.831738, 76.295801 ], [ -115.580664, 76.4375 ], [ -114.998486, 76.497461 ], [ -114.193945, 76.451465 ], [ -113.823486, 76.206836 ], [ -112.697607, 76.201709 ], [ -111.865234, 75.939307 ], [ -112.056689, 75.834229 ], [ -111.549121, 75.822119 ], [ -111.052686, 75.548535 ], [ -109.086377, 75.506494 ], [ -108.912598, 75.586963 ], [ -108.944775, 75.698975 ], [ -109.870508, 75.929053 ], [ -109.454639, 76.02124 ], [ -109.430371, 76.109131 ], [ -110.200781, 76.289453 ], [ -110.309473, 76.397412 ], [ -109.338525, 76.759961 ], [ -108.831641, 76.821143 ], [ -108.466992, 76.737598 ], [ -108.627637, 76.586719 ], [ -108.123193, 76.233447 ], [ -108.406152, 76.085059 ] ] ] } },
{ "type": "Feature", "properties": { "scalerank": 0, "featurecla": "Land", "min_zoom": 0.5 }, "geometry": { "type": "Polygon", "coordinates": [ [ [ -93.17085, 74.160986 ], [ -92.222705, 73.972363 ], [ -91.087988, 74.009277 ], [ -90.35459, 73.868652 ], [ -91.249316, 73.304004 ], [ -91.553711, 73.236084 ], [ -91.425928, 73.194873 ], [ -92.11792, 72.753809 ], [ -94.211328, 72.756934 ], [ -93.770557, 72.668213 ], [ -93.572266, 72.558643 ], [ -93.541602, 72.437012 ], [ -94.14375, 72.00083 ], [ -95.192969, 72.027441 ], [ -95.251025, 72.501953 ], [ -95.602148, 72.884473 ], [ -95.63291, 73.695459 ], [ -95.385986, 73.755127 ], [ -94.697607, 73.663574 ], [ -95.134131, 73.88125 ], [ -95.121191, 73.985059 ], [ -94.973535, 74.041406 ], [ -93.17085, 74.160986 ] ] ] } },
{ "type": "Feature", "properties": { "scalerank": 0, "featurecla": "Land", "min_zoom": 1.5 }, "geometry": { "type": "Polygon", "coordinates": [ [ [ -97.439453, 69.642676 ], [ -97.236084, 69.673486 ], [ -96.299951, 69.344385 ], [ -95.751367, 68.897656 ], [ -95.267773, 68.826074 ], [ -96.598828, 68.46084 ], [ -97.472021, 68.543701 ], [ -98.235059, 68.739355 ], [ -98.320557, 68.842725 ], [ -98.775244, 68.816748 ], [ -98.904492, 68.932422 ], [ -99.254004, 68.863184 ], [ -99.564062, 69.034131 ], [ -99.455713, 69.131201 ], [ -98.912207, 69.167578 ], [ -98.503516, 69.308301 ], [ -98.450391, 69.354053 ], [ -98.558545, 69.461426 ], [ -98.448389, 69.479541 ], [ -98.545996, 69.5729 ], [ -98.041357, 69.456641 ], [ -98.304492, 69.669287 ], [ -98.080762, 69.833057 ], [ -97.691211, 69.84126 ], [ -97.411377, 69.738477 ], [ -97.439453, 69.642676 ] ] ] } },
{ "type": "Feature", "properties": { "scalerank": 0, "featurecla": "Land", "min_zoom": 0.0 }, "geometry": { "type": "Polygon", "coordinates": [ [ [ -114.521533, 72.59292 ], [ -113.578076, 72.6521 ], [ -113.449854, 72.863232 ], [ -113.073535, 72.995264 ], [ -111.269727, 72.713721 ], [ -111.355518, 72.572119 ], [ -111.895166, 72.356104 ], [ -111.675098, 72.300146 ], [ -111.311182, 72.454834 ], [ -111.268066, 72.363867 ], [ -111.139893, 72.365332 ], [ -110.205127, 72.661279 ], [ -110.197168, 72.758887 ], [ -110.553613, 72.861426 ], [ -110.689404, 72.944531 ], [ -110.66084, 73.008203 ], [ -110.008447, 72.983643 ], [ -108.75498, 72.551074 ], [ -108.188232, 71.723779 ], [ -107.812842, 71.626172 ], [ -107.306006, 71.894678 ], [ -107.69585, 72.149316 ], [ -108.237402, 73.149902 ], [ -107.936182, 73.217139 ], [ -108.07749, 73.281396 ], [ -108.029053, 73.34873 ], [ -107.113477, 73.192139 ], [ -106.950781, 73.276025 ], [ -106.482129, 73.196191 ], [ -105.812695, 73.010645 ], [ -105.415137, 72.78833 ], [ -104.87832, 71.97998 ], [ -104.385937, 71.576953 ], [ -104.355811, 71.38208 ], [ -104.563086, 71.132422 ], [ -104.514795, 71.064258 ], [ -103.58457, 70.630859 ], [ -103.077197, 70.508838 ], [ -103.001221, 70.540967 ], [ -103.049561, 70.655078 ], [ -101.989844, 70.285059 ], [ -101.676318, 70.278271 ], [ -101.562402, 70.13501 ], [ -101.090771, 70.135693 ], [ -100.905713, 69.811719 ], [ -101.043701, 69.668701 ], [ -101.337256, 69.710254 ], [ -101.483838, 69.850195 ], [ -101.647656, 69.698535 ], [ -102.234326, 69.842236 ], [ -102.595898, 69.71792 ], [ -102.534863, 69.620801 ], [ -102.621094, 69.551514 ], [ -103.434766, 69.667676 ], [ -103.048926, 69.471777 ], [ -103.120215, 69.20459 ], [ -102.446777, 69.476318 ], [ -102.151416, 69.487695 ], [ -101.978223, 69.425098 ], [ -102.046094, 69.257666 ], [ -101.789258, 69.181641 ], [ -101.857129, 69.023975 ], [ -102.895068, 68.823633 ], [ -105.105859, 68.92041 ], [ -105.169287, 68.955371 ], [ -105.01958, 69.08125 ], [ -106.140869, 69.162012 ], [ -106.341162, 69.224365 ], [ -106.419971, 69.41377 ], [ -106.659082, 69.4396 ], [ -107.439893, 69.002148 ], [ -108.36499, 68.934766 ], [ -109.472119, 68.676709 ], [ -113.019531, 68.481348 ], [ -113.554834, 68.767578 ], [ -113.694141, 69.19502 ], [ -115.618115, 69.282959 ], [ -116.513477, 69.424609 ], [ -117.104004, 69.804248 ], [ -117.19541, 70.054053 ], [ -114.592334, 70.312451 ], [ -112.637891, 70.225244 ], [ -111.632568, 70.308838 ], [ -113.757275, 70.690723 ], [ -115.990918, 70.586279 ], [ -117.587061, 70.629541 ], [ -118.376514, 70.967725 ], [ -117.814063, 71.158447 ], [ -115.89165, 71.381787 ], [ -116.045312, 71.423096 ], [ -115.980273, 71.469287 ], [ -115.303418, 71.493701 ], [ -115.58667, 71.546387 ], [ -117.935645, 71.39209 ], [ -118.226465, 71.46709 ], [ -117.742334, 71.659326 ], [ -118.583008, 71.649023 ], [ -118.987695, 71.764258 ], [ -118.944629, 71.985547 ], [ -118.213477, 72.262891 ], [ -118.481299, 72.427686 ], [ -118.374512, 72.533887 ], [ -116.573242, 73.054932 ], [ -114.638232, 73.372656 ], [ -114.206396, 73.297803 ], [ -114.051709, 73.070996 ], [ -114.074756, 72.906836 ], [ -114.521533, 72.59292 ] ] ] } },
{ "type": "Feature", "properties": { "scalerank": 0, "featurecla": "Land", "min_zoom": 0.0 }, "geometry": { "type": "Polygon", "coordinates": [ [ [ -119.736328, 74.112646 ], [ -119.205957, 74.197998 ], [ -119.117969, 74.015527 ], [ -118.543994, 74.244629 ], [ -117.514844, 74.231738 ], [ -115.634326, 73.665527 ], [ -115.392822, 73.501953 ], [ -118.961572, 72.684131 ], [ -119.512842, 72.302686 ], [ -120.179883, 72.212646 ], [ -120.443164, 71.630811 ], [ -120.619336, 71.505762 ], [ -121.472168, 71.389014 ], [ -121.749365, 71.444775 ], [ -122.839941, 71.097461 ], [ -123.314746, 71.169189 ], [ -124.007764, 71.677441 ], [ -125.29668, 71.973047 ], [ -125.845313, 71.978662 ], [ -125.762598, 72.1375 ], [ -125.583789, 72.183057 ], [ -125.627295, 72.254834 ], [ -124.987109, 72.587988 ], [ -124.969678, 72.843311 ], [ -124.564941, 72.944141 ], [ -124.81709, 73.058789 ], [ -124.804053, 73.125684 ], [ -123.797266, 73.768164 ], [ -124.191504, 73.902002 ], [ -124.69624, 74.348193 ], [ -121.50415, 74.545117 ], [ -119.562646, 74.232812 ], [ -119.736328, 74.112646 ] ] ] } },
{ "type": "Feature", "properties": { "scalerank": 0, "featurecla": "Land", "min_zoom": 2.0 }, "geometry": { "type": "Polygon", "coordinates": [ [ [ -102.490039, 76.095068 ], [ -102.008008, 75.939404 ], [ -102.57959, 75.780225 ], [ -103.314746, 75.764209 ], [ -103.041504, 75.918848 ], [ -103.769775, 75.892383 ], [ -103.985254, 75.933105 ], [ -103.800781, 76.037012 ], [ -104.406055, 76.108496 ], [ -104.012061, 76.222998 ], [ -102.728027, 76.307031 ], [ -102.584082, 76.281641 ], [ -102.490039, 76.095068 ] ] ] } },
{ "type": "Feature", "properties": { "scalerank": 0, "featurecla": "Land", "min_zoom": 0.0 }, "geometry": { "type": "Polygon", "coordinates": [ [ [ -55.45874, 51.536523 ], [ -55.583398, 51.388574 ], [ -56.031104, 51.328369 ], [ -55.999902, 51.199268 ], [ -55.815088, 51.191162 ], [ -55.8, 51.033301 ], [ -56.732324, 50.007715 ], [ -56.822168, 49.613477 ], [ -56.179395, 50.11499 ], [ -56.161279, 49.940137 ], [ -55.927002, 50.017773 ], [ -55.50293, 49.983154 ], [ -56.140186, 49.619141 ], [ -55.869824, 49.670166 ], [ -56.087305, 49.451953 ], [ -55.375928, 49.489746 ], [ -55.343848, 49.3729 ], [ -55.229541, 49.508154 ], [ -55.353174, 49.079443 ], [ -55.176123, 49.244434 ], [ -54.502197, 49.527344 ], [ -54.448242, 49.329443 ], [ -54.316748, 49.424121 ], [ -53.957715, 49.441846 ], [ -53.619434, 49.321631 ], [ -53.573437, 49.141211 ], [ -54.161279, 48.787695 ], [ -53.852881, 48.811328 ], [ -53.966016, 48.706689 ], [ -53.706348, 48.655518 ], [ -53.794629, 48.526367 ], [ -54.114453, 48.393604 ], [ -53.027588, 48.634717 ], [ -53.135742, 48.401855 ], [ -53.609766, 48.207715 ], [ -53.569434, 48.088086 ], [ -53.86958, 48.019678 ], [ -53.638232, 48.014648 ], [ -53.863672, 47.787012 ], [ -53.672363, 47.648242 ], [ -53.282715, 47.997852 ], [ -52.866016, 48.112988 ], [ -53.153857, 47.73457 ], [ -53.169824, 47.512109 ], [ -53.122461, 47.455127 ], [ -52.94502, 47.552832 ], [ -52.782422, 47.769434 ], [ -52.653662, 47.549414 ], [ -53.069775, 46.68125 ], [ -53.589795, 46.638867 ], [ -53.597363, 47.145996 ], [ -54.00957, 46.8396 ], [ -54.17373, 46.880371 ], [ -53.849512, 47.440332 ], [ -53.989014, 47.756201 ], [ -54.191846, 47.859814 ], [ -54.488135, 47.403857 ], [ -54.562549, 47.375195 ], [ -54.473926, 47.54707 ], [ -54.856641, 47.38501 ], [ -55.315723, 46.905713 ], [ -55.788525, 46.867236 ], [ -55.949902, 46.927686 ], [ -55.919238, 47.016895 ], [ -55.491504, 47.160645 ], [ -55.19082, 47.448975 ], [ -54.784619, 47.664746 ], [ -55.366309, 47.661084 ], [ -55.434668, 47.50127 ], [ -55.576123, 47.465234 ], [ -56.127246, 47.502832 ], [ -55.86709, 47.592334 ], [ -55.85791, 47.819189 ], [ -56.774121, 47.56499 ], [ -58.336865, 47.730859 ], [ -58.941162, 47.580469 ], [ -59.259766, 47.63418 ], [ -59.340869, 47.933643 ], [ -58.330225, 48.522119 ], [ -59.167676, 48.558496 ], [ -58.841797, 48.746436 ], [ -58.906445, 48.650195 ], [ -58.716455, 48.598047 ], [ -58.403662, 49.084326 ], [ -57.990527, 48.987939 ], [ -58.098926, 49.077441 ], [ -57.980078, 49.229639 ], [ -58.190918, 49.25874 ], [ -58.213379, 49.38667 ], [ -58.01582, 49.54248 ], [ -57.791309, 49.48999 ], [ -57.926172, 49.70083 ], [ -57.432617, 50.505811 ], [ -57.17959, 50.614844 ], [ -57.297998, 50.69873 ], [ -57.053271, 50.857324 ], [ -57.035937, 51.01084 ], [ -56.682422, 51.332764 ], [ -56.025586, 51.568359 ], [ -55.69043, 51.471338 ], [ -55.666406, 51.578906 ], [ -55.45874, 51.536523 ] ] ] } },
{ "type": "Feature", "properties": { "scalerank": 0, "featurecla": "Land", "min_zoom": 2.0 }, "geometry": { "type": "Polygon", "coordinates": [ [ [ 15.760352, 68.56123 ], [ 16.275586, 68.868311 ], [ 16.547363, 68.716553 ], [ 15.975293, 68.40249 ], [ 14.25752, 68.190771 ], [ 14.58584, 68.400342 ], [ 15.095313, 68.441406 ], [ 15.412598, 68.61582 ], [ 15.564258, 68.87373 ], [ 15.443652, 68.919189 ], [ 15.483008, 69.043457 ], [ 15.892676, 69.277881 ], [ 16.129492, 69.273926 ], [ 15.811719, 69.024219 ], [ 15.92793, 68.733203 ], [ 15.760352, 68.56123 ] ] ] } },
{ "type": "Feature", "properties": { "scalerank": 0, "featurecla": "Land", "min_zoom": 0.0 }, "geometry": { "type": "Polygon", "coordinates": [ [ [ -44.864551, 82.083643 ], [ -46.751904, 82.348193 ], [ -47.351221, 82.599219 ], [ -46.39917, 82.692139 ], [ -44.91748, 82.480518 ], [ -44.749902, 82.401123 ], [ -44.864551, 82.083643 ] ] ] } },
{ "type": "Feature", "properties": { "scalerank": 0, "featurecla": "Land", "min_zoom": 0.0 }, "geometry": { "type": "Polygon", "coordinates": [ [ [ -29.952881, 83.564844 ], [ -25.795068, 83.260986 ], [ -31.992676, 83.085352 ], [ -32.032715, 82.983447 ], [ -29.963574, 83.110498 ], [ -27.002051, 83.067188 ], [ -25.123389, 83.159619 ], [ -24.470312, 82.877393 ], [ -22.524902, 82.78916 ], [ -21.520654, 82.59541 ], [ -23.118066, 82.324707 ], [ -29.579395, 82.161182 ], [ -29.887402, 82.054834 ], [ -29.810986, 81.955469 ], [ -29.543848, 81.939941 ], [ -27.839502, 82.048877 ], [ -25.148828, 82.001123 ], [ -24.58916, 81.882812 ], [ -24.293066, 81.700977 ], [ -23.496143, 81.773047 ], [ -23.179834, 81.989453 ], [ -22.940088, 82.030518 ], [ -21.337988, 82.068701 ], [ -21.130322, 81.934229 ], [ -21.146582, 81.695166 ], [ -21.503906, 81.4375 ], [ -23.072461, 80.926709 ], [ -23.196387, 80.847363 ], [ -23.117725, 80.778174 ], [ -22.825684, 80.912646 ], [ -20.889746, 81.276367 ], [ -19.629932, 81.639893 ], [ -19.224756, 81.640039 ], [ -19.152979, 81.512207 ], [ -17.456055, 81.397705 ], [ -16.120703, 81.776611 ], [ -14.241992, 81.813867 ], [ -12.434424, 81.68252 ], [ -11.425537, 81.480615 ], [ -13.126221, 81.087793 ], [ -14.452344, 80.993115 ], [ -14.228564, 80.870459 ], [ -14.503564, 80.763281 ], [ -16.760596, 80.573389 ], [ -15.937256, 80.427637 ], [ -16.48877, 80.251953 ], [ -18.070947, 80.17207 ], [ -19.429199, 80.257715 ], [ -20.150146, 80.01123 ], [ -20.181348, 79.857959 ], [ -20.068848, 79.773779 ], [ -19.353027, 79.73418 ], [ -19.283594, 79.683154 ], [ -19.414014, 79.348828 ], [ -19.152197, 79.325391 ], [ -18.991992, 79.178369 ], [ -19.723047, 79.065039 ], [ -20.050488, 78.841797 ], [ -21.13374, 78.658643 ], [ -20.955664, 78.555029 ], [ -21.747559, 77.790625 ], [ -21.72959, 77.708545 ], [ -21.379687, 77.697559 ], [ -20.862598, 77.911865 ], [ -19.49043, 77.718896 ], [ -19.296094, 77.585254 ], [ -20.162061, 77.689844 ], [ -20.680811, 77.618994 ], [ -20.231934, 77.368408 ], [ -19.300293, 77.222363 ], [ -18.442627, 77.259375 ], [ -18.292383, 77.132861 ], [ -18.337256, 76.921191 ], [ -18.605762, 76.763281 ], [ -20.486719, 76.920801 ], [ -21.614697, 76.687891 ], [ -22.334326, 76.793701 ], [ -22.606641, 76.680762 ], [ -21.877344, 76.573486 ], [ -21.758105, 76.400537 ], [ -21.488232, 76.271875 ], [ -20.887402, 76.304004 ], [ -19.862891, 76.120654 ], [ -19.957715, 75.99668 ], [ -19.508984, 75.75752 ], [ -19.399512, 75.494434 ], [ -19.375293, 75.298193 ], [ -19.526367, 75.180225 ], [ -19.798486, 75.157471 ], [ -20.484961, 75.314258 ], [ -21.649316, 75.023438 ], [ -22.232861, 75.119727 ], [ -21.695117, 74.964453 ], [ -20.985791, 75.074365 ], [ -20.795312, 74.805957 ], [ -21.038477, 74.65415 ], [ -20.861572, 74.635937 ], [ -20.611133, 74.728223 ], [ -20.41709, 74.975195 ], [ -19.984912, 74.975195 ], [ -19.537793, 74.624561 ], [ -19.287012, 74.546387 ], [ -19.271582, 74.342627 ], [ -19.64624, 74.257959 ], [ -20.256445, 74.282813 ], [ -20.230566, 74.204639 ], [ -21.129443, 74.110889 ], [ -21.954932, 74.244287 ], [ -21.761963, 74.482764 ], [ -21.982617, 74.56748 ], [ -21.972705, 74.390039 ], [ -22.334326, 74.286377 ], [ -22.195654, 74.205713 ], [ -22.335254, 74.063428 ], [ -22.134814, 73.990479 ], [ -20.367285, 73.848242 ], [ -20.509668, 73.492871 ], [ -20.636719, 73.463574 ], [ -21.547998, 73.431689 ], [ -22.346875, 73.269238 ], [ -23.233203, 73.397705 ], [ -24.157715, 73.764453 ], [ -24.677246, 73.602197 ], [ -25.521289, 73.851611 ], [ -24.77832, 73.539893 ], [ -26.062305, 73.253027 ], [ -27.27041, 73.436279 ], [ -26.541846, 73.248975 ], [ -27.561621, 73.138477 ], [ -27.348047, 73.067822 ], [ -25.399023, 73.275781 ], [ -25.057031, 73.396484 ], [ -24.132666, 73.409375 ], [ -22.036328, 72.918457 ], [ -22.074805, 72.399219 ], [ -22.280225, 72.344775 ], [ -22.293213, 72.119531 ], [ -24.069043, 72.49873 ], [ -24.358594, 72.687305 ], [ -24.62998, 73.037646 ], [ -26.657617, 72.71582 ], [ -26.39209, 72.672803 ], [ -24.81333, 72.901514 ], [ -24.65, 72.58252 ], [ -24.700684, 72.506348 ], [ -25.203711, 72.392969 ], [ -24.572363, 72.420215 ], [ -22.496875, 71.913818 ], [ -22.370215, 71.769824 ], [ -21.959668, 71.744678 ], [ -22.503223, 71.500439 ], [ -22.479639, 71.383447 ], [ -22.417578, 71.248682 ], [ -22.299023, 71.432324 ], [ -21.752246, 71.47832 ], [ -21.674512, 70.856299 ], [ -21.522656, 70.526221 ], [ -22.384131, 70.462402 ], [ -22.437012, 70.86001 ], [ -22.690674, 70.437305 ], [ -23.327832, 70.450977 ], [ -23.971387, 70.649463 ], [ -24.265723, 71.046338 ], [ -24.562207, 71.223535 ], [ -25.885156, 71.571924 ], [ -27.087207, 71.626563 ], [ -27.162305, 71.602197 ], [ -27.107031, 71.532666 ], [ -25.842725, 71.480176 ], [ -25.667578, 71.265332 ], [ -26.014111, 71.092822 ], [ -26.71792, 70.950488 ], [ -28.398438, 70.99292 ], [ -27.979297, 70.839502 ], [ -28.145654, 70.655664 ], [ -29.07207, 70.444971 ], [ -26.747266, 70.475537 ], [ -26.508398, 70.396631 ], [ -27.328125, 70.217139 ], [ -27.628857, 70.028223 ], [ -27.38418, 69.991602 ], [ -27.027734, 70.201221 ], [ -25.529883, 70.353174 ], [ -23.667334, 70.139307 ], [ -22.206592, 70.10791 ], [ -22.435107, 69.985742 ], [ -23.088232, 69.882959 ], [ -23.049561, 69.792725 ], [ -23.865723, 69.736719 ], [ -23.739404, 69.588623 ], [ -24.29668, 69.585547 ], [ -24.220898, 69.479297 ], [ -24.295557, 69.439307 ], [ -25.188574, 69.260547 ], [ -25.092432, 69.165186 ], [ -26.48291, 68.675928 ], [ -29.249512, 68.298779 ], [ -29.868506, 68.311572 ], [ -30.195508, 68.198975 ], [ -30.72002, 68.251172 ], [ -30.610742, 68.11792 ], [ -30.978564, 68.061328 ], [ -32.327441, 68.437305 ], [ -32.180127, 68.257275 ], [ -32.366846, 68.213037 ], [ -32.164551, 67.991113 ], [ -33.108154, 67.658203 ], [ -33.504443, 67.377002 ], [ -33.527979, 67.258154 ], [ -34.10166, 66.725928 ], [ -34.422852, 66.630176 ], [ -34.632812, 66.434766 ], [ -35.188574, 66.250293 ], [ -35.867236, 66.441406 ], [ -35.630078, 66.139941 ], [ -36.379199, 65.830811 ], [ -36.388965, 65.959717 ], [ -36.527246, 66.007715 ], [ -36.665186, 65.790088 ], [ -36.932422, 65.782568 ], [ -37.062793, 65.871436 ], [ -37.316016, 65.790234 ], [ -37.410059, 65.656348 ], [ -37.754199, 65.593066 ], [ -38.00127, 65.709619 ], [ -37.797363, 65.856787 ], [ -37.787842, 65.977979 ], [ -37.278711, 66.304395 ], [ -38.156641, 66.385596 ], [ -37.752344, 66.261523 ], [ -38.139941, 65.903516 ], [ -38.520361, 66.009668 ], [ -38.216357, 65.83833 ], [ -38.203369, 65.711719 ], [ -40.173535, 65.556152 ], [ -39.57793, 65.340771 ], [ -40.253125, 65.048877 ], [ -40.667578, 65.10874 ], [ -41.084424, 65.10083 ], [ -41.088672, 65.035352 ], [ -40.966016, 64.868848 ], [ -40.655469, 64.915332 ], [ -40.182227, 64.479932 ], [ -40.698535, 64.329736 ], [ -40.781738, 64.221777 ], [ -41.581006, 64.29834 ], [ -41.030566, 64.121045 ], [ -40.617773, 64.131738 ], [ -40.652344, 63.927734 ], [ -40.550391, 63.725244 ], [ -40.771533, 63.626172 ], [ -40.775195, 63.533643 ], [ -41.04873, 63.513818 ], [ -41.152246, 63.348926 ], [ -41.107715, 63.273779 ], [ -41.387891, 63.061865 ], [ -41.844482, 63.070264 ], [ -42.174512, 63.208789 ], [ -41.634473, 62.972461 ], [ -41.908984, 62.737109 ], [ -42.94165, 62.720215 ], [ -42.152979, 62.568457 ], [ -42.321484, 62.152734 ], [ -42.143066, 62.013525 ], [ -42.110205, 61.857227 ], [ -42.585303, 61.71748 ], [ -42.323633, 61.681738 ], [ -42.717041, 60.76748 ], [ -43.044092, 60.523682 ], [ -43.922705, 60.595361 ], [ -43.212988, 60.390674 ], [ -43.1229, 60.06123 ], [ -43.320117, 59.928125 ], [ -43.955029, 60.025488 ], [ -43.65791, 59.858643 ], [ -43.906543, 59.815479 ], [ -44.116992, 59.831934 ], [ -44.065479, 59.924805 ], [ -44.412939, 59.922607 ], [ -44.453467, 60.014551 ], [ -44.224365, 60.273535 ], [ -44.613281, 60.01665 ], [ -45.379248, 60.20293 ], [ -45.367773, 60.372949 ], [ -44.974707, 60.457227 ], [ -44.756738, 60.6646 ], [ -45.380518, 60.444922 ], [ -46.046631, 60.615723 ], [ -46.141943, 60.776514 ], [ -45.870215, 61.218311 ], [ -46.011719, 61.096826 ], [ -46.874463, 60.816406 ], [ -48.180811, 60.769238 ], [ -48.205176, 60.855908 ], [ -47.770312, 60.997754 ], [ -48.386426, 61.004736 ], [ -48.428174, 61.187402 ], [ -48.92207, 61.277441 ], [ -49.049219, 61.523877 ], [ -49.289062, 61.589941 ], [ -49.193115, 61.685645 ], [ -49.380273, 61.890186 ], [ -48.828711, 62.079687 ], [ -49.120459, 62.112598 ], [ -49.623779, 61.998584 ], [ -49.667725, 62.150879 ], [ -49.553467, 62.232715 ], [ -50.319238, 62.473193 ], [ -50.29873, 62.721973 ], [ -49.793115, 63.044629 ], [ -50.390088, 62.822021 ], [ -51.468848, 63.642285 ], [ -51.538184, 63.758008 ], [ -51.451074, 63.904785 ], [ -51.54751, 64.006104 ], [ -50.260693, 64.214258 ], [ -50.486621, 64.208887 ], [ -50.437061, 64.312842 ], [ -51.542285, 64.097021 ], [ -51.707861, 64.205078 ], [ -51.231543, 64.560596 ], [ -50.834912, 64.558984 ], [ -50.849219, 64.644678 ], [ -50.684326, 64.678174 ], [ -50.355127, 64.682568 ], [ -50.008984, 64.447266 ], [ -50.121631, 64.70376 ], [ -50.516992, 64.766504 ], [ -50.960645, 65.201123 ], [ -50.721582, 64.797607 ], [ -51.220605, 64.628467 ], [ -51.138965, 64.785742 ], [ -51.255371, 64.758105 ], [ -51.922607, 64.21875 ], [ -52.093408, 64.415918 ], [ -52.088867, 64.681543 ], [ -52.259033, 65.154932 ], [ -52.537695, 65.328809 ], [ -51.619141, 65.713184 ], [ -51.091895, 65.775781 ], [ -51.723437, 65.723486 ], [ -52.348242, 65.461328 ], [ -52.55127, 65.461377 ], [ -52.760937, 65.59082 ], [ -53.198975, 65.594043 ], [ -53.23374, 65.77085 ], [ -53.106348, 65.977148 ], [ -53.392041, 66.04834 ], [ -51.225, 66.881543 ], [ -53.035791, 66.201416 ], [ -53.614697, 66.154492 ], [ -53.634717, 66.413672 ], [ -53.41875, 66.648535 ], [ -53.038281, 66.826807 ], [ -52.386865, 66.881152 ], [ -53.687158, 66.986475 ], [ -53.884424, 67.135547 ], [ -53.798584, 67.418164 ], [ -52.512012, 67.761279 ], [ -50.613477, 67.52793 ], [ -51.171045, 67.693604 ], [ -50.887012, 67.783545 ], [ -50.968848, 67.806641 ], [ -51.765234, 67.737842 ], [ -52.344824, 67.836914 ], [ -53.735205, 67.549023 ], [ -53.577979, 67.836816 ], [ -53.151562, 68.207764 ], [ -51.596875, 68.054785 ], [ -51.169141, 68.385205 ], [ -52.198535, 68.220801 ], [ -53.383154, 68.297363 ], [ -53.039453, 68.610889 ], [ -52.60459, 68.70874 ], [ -51.623145, 68.534814 ], [ -51.133301, 68.598438 ], [ -50.800635, 68.79126 ], [ -51.249414, 68.739941 ], [ -51.084863, 69.128271 ], [ -50.297363, 69.170605 ], [ -50.536621, 69.247852 ], [ -51.076953, 69.209473 ], [ -50.804102, 69.663037 ], [ -50.349463, 69.79624 ], [ -50.5, 69.935791 ], [ -50.322949, 70.027148 ], [ -52.254639, 70.058936 ], [ -53.023047, 70.301904 ], [ -54.014453, 70.42168 ], [ -54.530762, 70.699268 ], [ -54.16582, 70.820117 ], [ -52.801953, 70.750586 ], [ -51.524463, 70.439453 ], [ -50.682129, 70.396875 ], [ -51.322852, 70.58877 ], [ -51.256592, 70.852686 ], [ -51.774316, 71.010449 ], [ -51.018945, 71.001318 ], [ -51.37666, 71.119043 ], [ -53.007568, 71.17998 ], [ -53.117041, 71.312891 ], [ -52.749414, 71.501514 ], [ -51.778613, 71.68291 ], [ -53.440088, 71.579004 ], [ -53.476025, 71.640186 ], [ -53.144531, 71.807422 ], [ -53.333691, 71.789746 ], [ -53.420117, 71.999756 ], [ -53.809863, 72.292578 ], [ -53.652148, 72.362646 ], [ -53.927734, 72.318799 ], [ -53.4625, 71.893555 ], [ -53.779687, 71.678516 ], [ -54.019922, 71.657861 ], [ -53.912061, 71.525928 ], [ -53.962988, 71.458984 ], [ -54.689062, 71.367236 ], [ -55.336426, 71.426758 ], [ -55.594043, 71.553516 ], [ -55.669336, 71.691504 ], [ -55.315576, 72.110693 ], [ -54.840137, 72.356104 ], [ -55.581445, 72.178857 ], [ -55.63584, 72.300439 ], [ -55.295703, 72.354395 ], [ -55.601709, 72.453467 ], [ -54.924951, 72.571973 ], [ -54.740039, 72.700195 ], [ -54.737939, 72.87251 ], [ -55.073096, 73.015137 ], [ -55.288916, 72.933203 ], [ -55.668555, 73.00791 ], [ -55.692773, 73.112842 ], [ -55.358691, 73.20293 ], [ -55.288281, 73.3271 ], [ -55.445703, 73.460498 ], [ -55.738867, 73.383984 ], [ -56.104053, 73.558154 ], [ -55.968408, 73.75957 ], [ -55.838281, 73.759717 ], [ -56.225391, 74.129102 ], [ -57.230566, 74.125293 ], [ -56.706348, 74.219189 ], [ -56.638965, 74.278369 ], [ -56.717676, 74.429248 ], [ -56.255469, 74.526807 ], [ -58.565527, 75.352734 ], [ -58.249658, 75.506689 ], [ -58.516211, 75.689063 ], [ -61.188232, 76.157861 ], [ -63.291309, 76.352051 ], [ -63.843066, 76.217139 ], [ -64.307275, 76.316504 ], [ -65.369922, 76.130566 ], [ -65.954053, 76.241699 ], [ -66.465771, 76.13916 ], [ -67.078711, 76.194824 ], [ -66.674805, 75.977393 ], [ -66.826172, 75.968799 ], [ -68.317285, 76.090771 ], [ -69.484082, 76.39917 ], [ -68.114258, 76.650635 ], [ -69.252051, 76.686133 ], [ -69.888086, 76.827051 ], [ -69.694238, 76.989453 ], [ -70.613135, 76.821826 ], [ -71.154883, 77.073877 ], [ -70.603711, 77.193848 ], [ -68.97832, 77.195312 ], [ -68.591602, 77.342529 ], [ -68.135547, 77.37959 ], [ -66.389453, 77.280273 ], [ -66.453076, 77.393066 ], [ -66.266455, 77.515381 ], [ -66.823535, 77.686621 ], [ -67.688086, 77.523779 ], [ -68.621533, 77.601855 ], [ -69.351367, 77.467139 ], [ -70.561914, 77.717187 ], [ -70.114453, 77.841357 ], [ -71.271631, 77.813135 ], [ -72.158545, 77.956934 ], [ -72.818066, 78.194336 ], [ -72.581299, 78.279102 ], [ -72.714795, 78.362305 ], [ -72.47251, 78.482031 ], [ -71.651318, 78.623145 ], [ -68.993457, 78.857422 ], [ -68.923926, 78.881934 ], [ -69.030518, 78.942871 ], [ -68.377051, 79.037842 ], [ -65.825537, 79.17373 ], [ -65.287793, 79.437305 ], [ -64.792285, 80.000635 ], [ -64.17915, 80.099268 ], [ -65.810449, 80.024072 ], [ -66.843652, 80.076221 ], [ -67.141309, 80.166455 ], [ -67.193164, 80.280078 ], [ -66.610059, 80.52959 ], [ -64.515527, 81.0 ], [ -63.721973, 81.057324 ], [ -63.058594, 80.885596 ], [ -63.235205, 81.08335 ], [ -62.993262, 81.206982 ], [ -61.435986, 81.133594 ], [ -61.1, 81.396094 ], [ -61.20293, 81.746875 ], [ -60.432373, 81.920166 ], [ -59.281934, 81.884033 ], [ -56.615137, 81.362891 ], [ -59.268018, 81.98208 ], [ -58.717383, 82.093066 ], [ -54.548877, 82.350635 ], [ -53.671338, 82.164062 ], [ -53.582031, 82.061572 ], [ -53.555664, 81.653271 ], [ -53.041211, 81.870996 ], [ -52.925537, 82.038379 ], [ -53.101953, 82.118945 ], [ -53.022559, 82.321729 ], [ -50.894434, 81.895215 ], [ -49.541064, 81.918066 ], [ -50.713135, 82.237354 ], [ -50.989941, 82.460156 ], [ -50.037109, 82.472412 ], [ -48.861182, 82.40542 ], [ -44.729492, 81.779834 ], [ -44.532422, 81.848926 ], [ -44.637109, 82.104443 ], [ -44.54707, 82.260059 ], [ -44.238867, 82.368164 ], [ -44.326562, 82.471729 ], [ -45.556543, 82.747021 ], [ -41.876465, 82.680322 ], [ -41.369629, 82.75 ], [ -46.136816, 82.858838 ], [ -46.478174, 82.951904 ], [ -46.169043, 83.063867 ], [ -45.4146, 83.017676 ], [ -43.009277, 83.2646 ], [ -41.300146, 83.100781 ], [ -40.356836, 83.332178 ], [ -38.15625, 82.998633 ], [ -37.934766, 83.160742 ], [ -38.749561, 83.37085 ], [ -36.606494, 83.536963 ], [ -29.952881, 83.564844 ] ] ] } },
{ "type": "Feature", "properties": { "scalerank": 0, "featurecla": "Land", "min_zoom": 0.0 }, "geometry": { "type": "Polygon", "coordinates": [ [ [ -57.076709, -63.2625 ], [ -56.781836, -63.57168 ], [ -56.834766, -63.63125 ], [ -57.119189, -63.637793 ], [ -57.152246, -63.479102 ], [ -57.460645, -63.513574 ], [ -58.262988, -63.763379 ], [ -58.838965, -64.186816 ], [ -59.005322, -64.194922 ], [ -58.799316, -64.292676 ], [ -58.905127, -64.352148 ], [ -58.786084, -64.524219 ], [ -59.460742, -64.345605 ], [ -59.612158, -64.440137 ], [ -59.645996, -64.583691 ], [ -59.765039, -64.451367 ], [ -59.963086, -64.431348 ], [ -60.340527, -64.550586 ], [ -61.059863, -64.98125 ], [ -61.703125, -64.987207 ], [ -61.577441, -65.185645 ], [ -61.947852, -65.192285 ], [ -62.145312, -65.331738 ], [ -61.756006, -65.569238 ], [ -61.991406, -65.58916 ], [ -62.305029, -65.84043 ], [ -62.005029, -66.112891 ], [ -60.912793, -65.920898 ], [ -60.565381, -65.979395 ], [ -60.743994, -66.105078 ], [ -61.009277, -66.110547 ], [ -60.902734, -66.191016 ], [ -61.028418, -66.336523 ], [ -61.149756, -66.211719 ], [ -61.431934, -66.144727 ], [ -61.675635, -66.249512 ], [ -61.756006, -66.429199 ], [ -62.116504, -66.208984 ], [ -62.682031, -66.237305 ], [ -62.754834, -66.310156 ], [ -62.543164, -66.620996 ], [ -62.536523, -66.707031 ], [ -62.628906, -66.706152 ], [ -63.25752, -66.26377 ], [ -63.752539, -66.277734 ], [ -63.654395, -66.38291 ], [ -64.077734, -66.654102 ], [ -63.808789, -66.760938 ], [ -63.754736, -66.872949 ], [ -64.042578, -66.927246 ], [ -64.686279, -66.80625 ], [ -64.878125, -67.024512 ], [ -64.785498, -67.12373 ], [ -65.026904, -67.214063 ], [ -64.819287, -67.307324 ], [ -65.503125, -67.377246 ], [ -65.418066, -67.65957 ], [ -65.600049, -67.875684 ], [ -65.469434, -68.009473 ], [ -65.639502, -68.130566 ], [ -64.884717, -68.056348 ], [ -64.829492, -68.127441 ], [ -65.452002, -68.336719 ], [ -64.996484, -68.407813 ], [ -65.241602, -68.583203 ], [ -65.15835, -68.617969 ], [ -64.078467, -68.771191 ], [ -64.169238, -68.58252 ], [ -63.924463, -68.497656 ], [ -62.933301, -68.442578 ], [ -63.773438, -68.631836 ], [ -63.343506, -68.810449 ], [ -63.455957, -69.041895 ], [ -62.586816, -69.477246 ], [ -62.450537, -69.584375 ], [ -62.407129, -69.827246 ], [ -61.961084, -70.120117 ], [ -62.013965, -70.278906 ], [ -62.217871, -70.233203 ], [ -62.377783, -70.364844 ], [ -62.000781, -70.497168 ], [ -61.504687, -70.490527 ], [ -61.491406, -70.569922 ], [ -61.696484, -70.675781 ], [ -61.994141, -70.728613 ], [ -61.961084, -70.900586 ], [ -61.312842, -70.867578 ], [ -60.962256, -71.244629 ], [ -61.958789, -71.657813 ], [ -61.562793, -71.675293 ], [ -61.213574, -71.564063 ], [ -60.995312, -71.661328 ], [ -60.949023, -71.747266 ], [ -61.035059, -71.82002 ], [ -61.938916, -71.903613 ], [ -62.256641, -72.017578 ], [ -61.310254, -72.112695 ], [ -60.719434, -72.072656 ], [ -60.6646, -72.3625 ], [ -60.730322, -72.425977 ], [ -61.279785, -72.468262 ], [ -61.286133, -72.600781 ], [ -60.93916, -72.699707 ], [ -60.532324, -72.67334 ], [ -60.532324, -72.832129 ], [ -60.384668, -73.007324 ], [ -60.009766, -72.937891 ], [ -59.956836, -73.030566 ], [ -60.122217, -73.275293 ], [ -60.560693, -73.211426 ], [ -61.081348, -73.328223 ], [ -61.428418, -73.191406 ], [ -62.008301, -73.147656 ], [ -61.787598, -73.254883 ], [ -61.636963, -73.500195 ], [ -61.079785, -73.538672 ], [ -60.790283, -73.711816 ], [ -60.902734, -73.870605 ], [ -61.203418, -73.956641 ], [ -61.691699, -73.923828 ], [ -61.838232, -74.032031 ], [ -61.04165, -74.121973 ], [ -61.842773, -74.289648 ], [ -61.331787, -74.328613 ], [ -60.783691, -74.241016 ], [ -60.704297, -74.307129 ], [ -61.010791, -74.47832 ], [ -61.370166, -74.511816 ], [ -62.235303, -74.441309 ], [ -61.855225, -74.776758 ], [ -62.137793, -74.926367 ], [ -62.372461, -74.952148 ], [ -62.708496, -74.737109 ], [ -63.178125, -74.68418 ], [ -63.125244, -74.849512 ], [ -63.197998, -74.909082 ], [ -63.924707, -75.004492 ], [ -63.336914, -75.034766 ], [ -63.173193, -75.114746 ], [ -63.231055, -75.153809 ], [ -64.279541, -75.292871 ], [ -63.25752, -75.398535 ], [ -63.363379, -75.451465 ], [ -66.37041, -76.013379 ], [ -69.304395, -76.350781 ], [ -70.210156, -76.674121 ], [ -71.798682, -76.752734 ], [ -75.268359, -76.581445 ], [ -77.190039, -76.629785 ], [ -77.287061, -76.70166 ], [ -76.248584, -77.274902 ], [ -75.386914, -77.474219 ], [ -72.851953, -77.590234 ], [ -72.875146, -77.693848 ], [ -73.251562, -77.894238 ], [ -74.042139, -78.109375 ], [ -75.398438, -78.157813 ], [ -80.601562, -77.751953 ], [ -81.580957, -77.846094 ], [ -77.858105, -78.350977 ], [ -77.432568, -78.434668 ], [ -77.452441, -78.560352 ], [ -77.869141, -78.745508 ], [ -80.292285, -78.822754 ], [ -82.608447, -78.412402 ], [ -83.779004, -77.983594 ], [ -83.687744, -78.148047 ], [ -83.226953, -78.401563 ], [ -83.544434, -78.355273 ], [ -83.762744, -78.461133 ], [ -83.26001, -78.774219 ], [ -81.660889, -79.099805 ], [ -80.891992, -79.501855 ], [ -80.534814, -79.512793 ], [ -80.488525, -79.320996 ], [ -80.151172, -79.268066 ], [ -76.217676, -79.387207 ], [ -76.031592, -79.627051 ], [ -76.557861, -79.903516 ], [ -77.701855, -80.00957 ], [ -79.6604, -79.996875 ], [ -78.176074, -80.166797 ], [ -76.407324, -80.094922 ], [ -75.709033, -80.382715 ], [ -75.075586, -80.860059 ], [ -73.937842, -80.815918 ], [ -73.029492, -80.917285 ], [ -70.687891, -80.62627 ], [ -70.239111, -80.856641 ], [ -69.772266, -80.961523 ], [ -68.589844, -80.967969 ], [ -68.14375, -81.130371 ], [ -65.573682, -81.460547 ], [ -62.353711, -81.57666 ], [ -62.165381, -81.636133 ], [ -64.696094, -81.652344 ], [ -65.619727, -81.729297 ], [ -64.190186, -81.794824 ], [ -64.137109, -81.869336 ], [ -66.133838, -81.953418 ], [ -65.843848, -81.993262 ], [ -65.786621, -82.045508 ], [ -65.913184, -82.183203 ], [ -65.713965, -82.279199 ], [ -64.91958, -82.370508 ], [ -60.527734, -82.199902 ], [ -62.735645, -82.527344 ], [ -61.916992, -82.97666 ], [ -61.218408, -82.991797 ], [ -61.200391, -83.097949 ], [ -61.589844, -83.341211 ], [ -61.425293, -83.395605 ], [ -59.516016, -83.458398 ], [ -55.800684, -82.478418 ], [ -55.294678, -82.464844 ], [ -53.986084, -82.200586 ], [ -48.360791, -81.892285 ], [ -47.360254, -82.004004 ], [ -46.258057, -81.946973 ], [ -46.046387, -82.158691 ], [ -46.44834, -82.339844 ], [ -46.516748, -82.45459 ], [ -45.788574, -82.494922 ], [ -43.669336, -82.270117 ], [ -41.433838, -81.297754 ], [ -38.771729, -80.882324 ], [ -37.209277, -81.063867 ], [ -35.965771, -80.890918 ], [ -35.327002, -80.650684 ], [ -31.312109, -80.450098 ], [ -31.01543, -80.308105 ], [ -29.531494, -80.181836 ], [ -24.240283, -80.061914 ], [ -23.574463, -79.964844 ], [ -23.406836, -79.858984 ], [ -29.949316, -79.599023 ], [ -30.21123, -79.485254 ], [ -30.17793, -79.304297 ], [ -30.315918, -79.163086 ], [ -32.994238, -79.228809 ], [ -35.515967, -78.933008 ], [ -36.23916, -78.774219 ], [ -36.265625, -78.615527 ], [ -36.180859, -78.468359 ], [ -35.509277, -78.041211 ], [ -35.087598, -77.837109 ], [ -34.551465, -77.728516 ], [ -34.075781, -77.425391 ], [ -32.614062, -77.14082 ], [ -32.063379, -77.159863 ], [ -28.933643, -76.370313 ], [ -24.26958, -75.766992 ], [ -21.433789, -75.683105 ], [ -20.4875, -75.491992 ], [ -19.493018, -75.539941 ], [ -18.30459, -75.431348 ], [ -18.749219, -75.24209 ], [ -18.516943, -75.051953 ], [ -18.221191, -74.974512 ], [ -17.43584, -74.379102 ], [ -16.429541, -74.323926 ], [ -15.67251, -74.407324 ], [ -14.573828, -73.9375 ], [ -14.611426, -73.851758 ], [ -16.220117, -73.915723 ], [ -16.281885, -73.866992 ], [ -15.935645, -73.757617 ], [ -16.518848, -73.644043 ], [ -16.435205, -73.425684 ], [ -15.595996, -73.096777 ], [ -15.007031, -73.047461 ], [ -14.320996, -73.123047 ], [ -14.000098, -73.000586 ], [ -14.297754, -72.733008 ], [ -13.208594, -72.785059 ], [ -11.496973, -72.412891 ], [ -10.958105, -71.901953 ], [ -11.009229, -71.75791 ], [ -11.333057, -71.785547 ], [ -12.148193, -71.613672 ], [ -12.351318, -71.389746 ], [ -11.926123, -71.288672 ], [ -10.825439, -71.55332 ], [ -10.520068, -71.295508 ], [ -10.033496, -71.130664 ], [ -10.331006, -71.024023 ], [ -10.270605, -70.935742 ], [ -9.230664, -71.174023 ], [ -8.646484, -71.672754 ], [ -7.91582, -71.635352 ], [ -7.713721, -71.546484 ], [ -7.590137, -71.22373 ], [ -7.873486, -70.940332 ], [ -7.752734, -70.842773 ], [ -6.838184, -70.844531 ], [ -5.936328, -70.712695 ], [ -5.694727, -70.745313 ], [ -5.587891, -70.856738 ], [ -6.080273, -71.154102 ], [ -6.11748, -71.325977 ], [ -2.610254, -71.320801 ], [ -2.0146, -71.433398 ], [ -1.354248, -71.386816 ], [ -1.067773, -71.265625 ], [ -0.89585, -71.349219 ], [ -0.759863, -71.630273 ], [ -0.543164, -71.712695 ], [ 0.538477, -71.274219 ], [ 1.908691, -71.003613 ], [ 7.401172, -70.494434 ], [ 7.676758, -70.356348 ], [ 8.523047, -70.473828 ], [ 9.141602, -70.183691 ], [ 10.968848, -70.687695 ], [ 11.70127, -70.766602 ], [ 12.929395, -70.213379 ], [ 12.595117, -70.117383 ], [ 12.62627, -70.065625 ], [ 13.065625, -70.053613 ], [ 13.297949, -70.22959 ], [ 13.822656, -70.343164 ], [ 15.806934, -70.324023 ], [ 16.381055, -70.145117 ], [ 16.584863, -70.203809 ], [ 16.70918, -70.397266 ], [ 18.124609, -70.540332 ], [ 18.432617, -70.289941 ], [ 19.009375, -70.212109 ], [ 19.196387, -70.293164 ], [ 19.026563, -70.674023 ], [ 19.265137, -70.902344 ], [ 19.409277, -70.916992 ], [ 21.070801, -70.843457 ], [ 21.337305, -70.495117 ], [ 21.70498, -70.258496 ], [ 22.366016, -70.475098 ], [ 22.396484, -70.561328 ], [ 22.233691, -70.642676 ], [ 22.277832, -70.695605 ], [ 22.979004, -70.810352 ], [ 23.406836, -70.723242 ], [ 23.803613, -70.40459 ], [ 24.024121, -70.413379 ], [ 24.385742, -70.536914 ], [ 24.385742, -70.704395 ], [ 24.756738, -70.89209 ], [ 26.498828, -71.019531 ], [ 30.00332, -70.3 ], [ 31.378809, -70.225781 ], [ 32.621289, -70.000586 ], [ 32.809766, -69.909375 ], [ 32.989355, -69.624219 ], [ 32.903125, -69.378711 ], [ 32.567578, -69.074219 ], [ 32.641602, -68.868945 ], [ 33.121484, -68.68916 ], [ 33.465625, -68.670703 ], [ 34.192871, -68.702441 ], [ 34.219336, -68.790625 ], [ 33.77207, -69.02002 ], [ 33.813672, -69.099316 ], [ 34.595898, -69.094531 ], [ 35.357031, -69.681348 ], [ 36.585938, -69.637891 ], [ 37.114844, -69.810449 ], [ 37.787109, -69.725684 ], [ 38.885547, -70.171875 ], [ 38.859277, -70.006055 ], [ 39.705078, -69.425586 ], [ 39.863867, -68.966992 ], [ 40.215625, -68.804883 ], [ 42.408789, -68.351855 ], [ 42.960938, -68.095313 ], [ 44.372852, -67.961328 ], [ 45.196973, -67.731152 ], [ 46.399023, -67.617578 ], [ 46.436523, -67.533398 ], [ 46.317285, -67.401953 ], [ 46.559668, -67.268164 ], [ 47.351562, -67.361914 ], [ 47.40293, -67.40918 ], [ 47.117188, -67.572656 ], [ 47.489844, -67.72793 ], [ 48.209961, -67.699316 ], [ 48.374512, -67.988086 ], [ 48.648047, -67.794043 ], [ 48.630371, -67.520605 ], [ 49.219336, -67.226855 ], [ 48.713672, -67.216895 ], [ 48.465234, -67.043457 ], [ 49.24707, -66.941602 ], [ 50.006152, -67.175195 ], [ 50.553027, -67.194336 ], [ 50.520898, -66.82002 ], [ 50.306055, -66.75332 ], [ 50.244336, -66.603418 ], [ 50.332422, -66.444629 ], [ 51.88457, -66.02002 ], [ 53.671777, -65.858691 ], [ 55.29043, -65.954199 ], [ 56.361523, -66.372754 ], [ 56.859375, -66.423438 ], [ 57.185449, -66.613281 ], [ 56.823633, -66.712695 ], [ 56.145898, -66.626074 ], [ 56.479688, -66.85918 ], [ 56.391406, -66.973828 ], [ 55.802734, -67.199316 ], [ 56.154883, -67.264551 ], [ 56.760059, -67.07334 ], [ 57.627441, -67.014063 ], [ 58.737402, -67.22959 ], [ 59.250781, -67.484961 ], [ 60.482031, -67.385156 ], [ 62.687891, -67.647559 ], [ 63.699023, -67.508301 ], [ 68.32793, -67.889551 ], [ 69.55918, -67.763184 ], [ 69.655957, -67.864551 ], [ 69.603027, -68.041016 ], [ 69.982227, -68.464258 ], [ 69.53418, -68.736914 ], [ 69.645605, -68.932227 ], [ 69.530762, -69.024023 ], [ 69.629492, -69.231641 ], [ 68.90625, -69.372754 ], [ 68.879785, -69.469727 ], [ 69.188477, -69.654883 ], [ 69.082617, -69.866602 ], [ 68.74375, -69.921387 ], [ 68.178125, -69.837305 ], [ 67.267969, -70.273145 ], [ 67.94082, -70.422852 ], [ 69.020898, -70.325195 ], [ 69.250195, -70.431055 ], [ 69.188379, -70.70459 ], [ 68.872754, -71.035156 ], [ 68.037402, -71.391016 ], [ 67.432227, -72.00293 ], [ 66.89209, -72.948633 ], [ 66.497656, -73.125488 ], [ 66.569141, -73.20918 ], [ 67.32207, -73.300293 ], [ 67.971387, -73.085645 ], [ 67.971387, -72.750586 ], [ 68.419824, -72.515039 ], [ 69.554688, -72.374512 ], [ 70.616211, -71.84209 ], [ 71.276758, -71.623926 ], [ 71.464844, -71.15459 ], [ 71.771387, -70.80127 ], [ 72.760352, -70.395703 ], [ 72.82207, -70.095898 ], [ 73.324805, -69.848926 ], [ 73.942188, -69.743164 ], [ 74.571094, -69.87959 ], [ 75.635547, -69.848926 ], [ 75.891211, -69.575586 ], [ 76.111719, -69.487402 ], [ 76.359766, -69.490234 ], [ 77.81748, -69.068945 ], [ 78.488965, -68.625781 ], [ 78.563477, -68.39375 ], [ 79.035156, -68.175391 ], [ 82.016992, -67.690039 ], [ 83.304297, -67.603027 ], [ 83.493652, -67.441211 ], [ 84.485156, -67.114453 ], [ 85.710742, -67.161328 ], [ 87.980273, -66.788477 ], [ 89.698438, -66.823047 ], [ 92.073438, -66.50791 ], [ 94.08877, -66.688867 ], [ 94.839844, -66.501367 ], [ 95.541016, -66.630957 ], [ 97.100586, -66.499414 ], [ 97.719824, -66.607324 ], [ 98.257617, -66.46748 ], [ 98.720117, -66.553125 ], [ 98.858887, -66.670801 ], [ 99.370117, -66.648242 ], [ 100.889063, -66.358008 ], [ 101.327148, -66.100488 ], [ 101.381348, -65.973047 ], [ 102.674219, -65.865137 ], [ 107.170898, -66.47041 ], [ 107.785059, -66.664062 ], [ 108.15791, -66.639063 ], [ 108.376172, -66.76582 ], [ 109.462793, -66.908691 ], [ 110.622266, -66.524023 ], [ 110.587012, -66.312305 ], [ 110.906738, -66.07666 ], [ 113.099414, -65.799902 ], [ 113.709766, -65.92959 ], [ 114.336914, -66.360156 ], [ 115.310352, -66.56084 ], [ 115.635352, -66.771191 ], [ 115.27373, -67.02793 ], [ 113.991211, -67.211914 ], [ 113.9125, -67.367676 ], [ 114.026563, -67.441211 ], [ 116.713477, -67.047168 ], [ 118.713867, -67.17168 ], [ 119.767969, -66.991504 ], [ 120.374805, -66.983789 ], [ 118.92168, -67.319727 ], [ 119.133008, -67.370703 ], [ 121.487598, -67.090723 ], [ 122.182813, -66.859473 ], [ 123.969336, -66.608105 ], [ 124.821582, -66.694531 ], [ 125.095117, -66.641113 ], [ 125.397949, -66.424414 ], [ 125.865625, -66.364453 ], [ 126.664746, -66.497559 ], [ 126.873633, -66.759375 ], [ 127.541211, -67.051074 ], [ 128.430566, -67.119141 ], [ 129.236914, -67.041602 ], [ 129.741211, -66.468555 ], [ 130.578516, -66.208594 ], [ 131.830859, -66.23584 ], [ 133.444531, -66.081445 ], [ 134.178906, -66.277051 ], [ 134.289453, -66.476758 ], [ 134.398145, -66.479883 ], [ 135.351953, -66.127148 ], [ 136.55332, -66.438965 ], [ 137.33623, -66.346484 ], [ 138.270996, -66.564453 ], [ 139.241602, -66.574023 ], [ 141.285938, -66.831836 ], [ 141.972852, -66.806738 ], [ 142.6875, -67.012793 ], [ 143.730371, -66.876758 ], [ 143.862695, -66.938574 ], [ 143.911133, -67.090723 ], [ 144.347852, -67.017969 ], [ 144.550586, -67.035547 ], [ 144.621191, -67.141406 ], [ 143.941992, -67.794043 ], [ 143.977344, -67.864551 ], [ 144.189063, -67.899805 ], [ 145.12793, -67.625977 ], [ 145.975195, -67.624219 ], [ 146.827832, -67.964648 ], [ 146.896582, -68.120313 ], [ 146.797656, -68.273633 ], [ 147.093652, -68.368652 ], [ 148.45625, -68.466992 ], [ 150.935938, -68.358496 ], [ 151.068262, -68.384961 ], [ 151.138867, -68.76416 ], [ 151.28877, -68.81709 ], [ 151.562109, -68.693652 ], [ 152.545508, -68.72959 ], [ 153.081836, -68.856836 ], [ 153.705273, -68.728906 ], [ 153.784668, -68.349609 ], [ 153.908008, -68.323145 ], [ 155.520313, -69.024414 ], [ 156.488672, -69.183008 ], [ 157.046387, -69.17627 ], [ 157.481348, -69.308691 ], [ 157.93252, -69.180762 ], [ 159.783984, -69.521875 ], [ 160.125781, -69.734277 ], [ 160.209668, -69.974902 ], [ 160.651855, -70.080566 ], [ 161.037012, -70.317188 ], [ 161.424512, -70.826758 ], [ 162.189453, -71.039551 ], [ 162.286523, -70.969043 ], [ 162.039648, -70.625 ], [ 162.021973, -70.439844 ], [ 162.216016, -70.333984 ], [ 162.674805, -70.30459 ], [ 163.34873, -70.620898 ], [ 163.998438, -70.636523 ], [ 164.403223, -70.510449 ], [ 167.569434, -70.810254 ], [ 168.172656, -71.183203 ], [ 170.162305, -71.630469 ], [ 170.276855, -71.443945 ], [ 170.435742, -71.41875 ], [ 170.859082, -71.868555 ], [ 170.675391, -71.968555 ], [ 170.224023, -71.947949 ], [ 170.030078, -72.115527 ], [ 169.953516, -72.402832 ], [ 170.259375, -72.371289 ], [ 170.206445, -72.565332 ], [ 168.428418, -72.383398 ], [ 168.82002, -72.552441 ], [ 169.828613, -72.728809 ], [ 169.54502, -73.050391 ], [ 169.033398, -73.200391 ], [ 168.381348, -73.065918 ], [ 167.155664, -73.147266 ], [ 166.452832, -72.936035 ], [ 166.833984, -73.224316 ], [ 167.709082, -73.394238 ], [ 166.996094, -73.544336 ], [ 165.860156, -73.592676 ], [ 166.106055, -73.735156 ], [ 165.346973, -73.879395 ], [ 165.129492, -73.382617 ], [ 164.812988, -73.396777 ], [ 164.749609, -73.558789 ], [ 164.979883, -73.925879 ], [ 164.775684, -74.028516 ], [ 165.408594, -74.558594 ], [ 163.735254, -74.56377 ], [ 163.397852, -74.382129 ], [ 163.167383, -74.601953 ], [ 162.604102, -74.823145 ], [ 162.533594, -75.16709 ], [ 162.410059, -75.237598 ], [ 161.67959, -75.217773 ], [ 160.910742, -75.334668 ], [ 162.189648, -75.466895 ], [ 162.239063, -75.62168 ], [ 162.815723, -75.846191 ], [ 162.436523, -76.154883 ], [ 162.727539, -76.225391 ], [ 162.824609, -76.463574 ], [ 162.674609, -76.569336 ], [ 162.762793, -76.745703 ], [ 162.450293, -76.955664 ], [ 163.086914, -77.032324 ], [ 163.607617, -77.387793 ], [ 163.619141, -77.582324 ], [ 163.766211, -77.699902 ], [ 164.491504, -77.954004 ], [ 163.977637, -78.223828 ], [ 164.628125, -78.315625 ], [ 165.417578, -78.042188 ], [ 165.524023, -78.063574 ], [ 165.662988, -78.305664 ], [ 166.208594, -78.45166 ], [ 167.058008, -78.518457 ], [ 167.130273, -78.606152 ], [ 167.049023, -78.686035 ], [ 166.524609, -78.694922 ], [ 166.116797, -78.571094 ], [ 164.634766, -78.603223 ], [ 162.639453, -78.897754 ], [ 161.669238, -78.536133 ], [ 161.510449, -78.571387 ], [ 161.501758, -78.677246 ], [ 161.951465, -79.02998 ], [ 161.190527, -78.978711 ], [ 160.873535, -79.049707 ], [ 160.482715, -79.201465 ], [ 160.646094, -79.426855 ], [ 159.975879, -79.585645 ], [ 160.346289, -79.691504 ], [ 159.871875, -79.789844 ], [ 159.896484, -79.858984 ], [ 160.558008, -79.92959 ], [ 160.558789, -80.010547 ], [ 158.76748, -80.293359 ], [ 158.560352, -80.348926 ], [ 158.573633, -80.423438 ], [ 160.637305, -80.449902 ], [ 160.521289, -80.583398 ], [ 160.830273, -80.729883 ], [ 160.260156, -80.786719 ], [ 160.716797, -80.907422 ], [ 160.716699, -81.199609 ], [ 160.469824, -81.340625 ], [ 162.821191, -81.866211 ], [ 163.680078, -82.187305 ], [ 161.166504, -82.407813 ], [ 161.283203, -82.489941 ], [ 163.011816, -82.534961 ], [ 164.747168, -82.354395 ], [ 167.116309, -82.80127 ], [ 167.297461, -82.98584 ], [ 167.601953, -83.047461 ], [ 168.091797, -82.974707 ], [ 168.607324, -83.065332 ], [ 168.240234, -83.229883 ], [ 167.657617, -83.272168 ], [ 168.110059, -83.362012 ], [ 171.035742, -83.448438 ], [ 171.917188, -83.644043 ], [ 179.403027, -84.206152 ], [ 180.0, -84.351562 ], [ 180.0, -89.998926 ], [ -180.0, -89.998926 ], [ -180.0, -84.351562 ], [ -178.389502, -84.3375 ], [ -176.289014, -84.418359 ], [ -175.874609, -84.510352 ], [ -171.703662, -84.542383 ], [ -168.667773, -84.683594 ], [ -167.492188, -84.833691 ], [ -162.933398, -84.901172 ], [ -156.459131, -85.186035 ], [ -157.453906, -84.912402 ], [ -156.489648, -84.889258 ], [ -156.620996, -84.839648 ], [ -165.135352, -84.409863 ], [ -165.24043, -84.38125 ], [ -163.757617, -84.305469 ], [ -164.685059, -84.15459 ], [ -164.011328, -84.015625 ], [ -164.950879, -83.805859 ], [ -167.801221, -83.79082 ], [ -169.167676, -83.449805 ], [ -174.065967, -82.900098 ], [ -174.235938, -82.793457 ], [ -173.071143, -82.91582 ], [ -171.821289, -82.847461 ], [ -168.417676, -83.228809 ], [ -165.619189, -83.215527 ], [ -164.915625, -83.290039 ], [ -164.445557, -83.467676 ], [ -163.111084, -83.329102 ], [ -162.197266, -83.518945 ], [ -159.444385, -83.543164 ], [ -157.428467, -83.346387 ], [ -157.027783, -83.234375 ], [ -157.679492, -83.129492 ], [ -155.459424, -82.980762 ], [ -153.009863, -82.449609 ], [ -154.717432, -81.940723 ], [ -153.956641, -81.700195 ], [ -154.907813, -81.510352 ], [ -157.03252, -81.319141 ], [ -156.528223, -81.162305 ], [ -148.122754, -80.900781 ], [ -148.023438, -80.835742 ], [ -149.147168, -80.718652 ], [ -149.214063, -80.604199 ], [ -150.132764, -80.510449 ], [ -150.575391, -80.353711 ], [ -150.220703, -80.15 ], [ -148.317139, -80.070996 ], [ -148.433496, -79.929492 ], [ -148.129297, -79.907715 ], [ -148.082959, -79.856738 ], [ -148.176514, -79.775879 ], [ -151.048438, -79.459668 ], [ -152.091406, -79.241602 ], [ -152.137695, -79.115918 ], [ -154.517725, -79.046582 ], [ -156.114551, -78.744629 ], [ -156.469336, -78.635352 ], [ -154.716406, -78.398145 ], [ -154.293018, -78.259082 ], [ -157.266797, -78.199805 ], [ -158.285889, -77.950781 ], [ -158.500391, -77.77832 ], [ -158.22998, -77.497656 ], [ -158.213574, -77.157129 ], [ -158.003076, -77.091211 ], [ -157.139307, -77.24209 ], [ -156.21123, -77.105664 ], [ -154.814941, -77.126953 ], [ -153.909961, -77.226953 ], [ -153.460596, -77.416016 ], [ -151.718994, -77.425879 ], [ -149.717725, -77.797461 ], [ -148.155713, -77.462305 ], [ -148.744385, -77.343262 ], [ -148.843604, -77.283691 ], [ -148.77749, -77.125 ], [ -147.566406, -77.325293 ], [ -146.927588, -77.259863 ], [ -146.390625, -77.472461 ], [ -146.073633, -77.486719 ], [ -145.600635, -77.455273 ], [ -145.807959, -77.273242 ], [ -145.515723, -77.199219 ], [ -145.966992, -77.06875 ], [ -145.629248, -76.953711 ], [ -145.750488, -76.749023 ], [ -146.77666, -76.507031 ], [ -147.34043, -76.438379 ], [ -148.601074, -76.493262 ], [ -149.654248, -76.365332 ], [ -148.320312, -76.104492 ], [ -145.885742, -76.424316 ], [ -145.44209, -76.40918 ], [ -146.383008, -76.099707 ], [ -145.987744, -75.88877 ], [ -144.721289, -75.832129 ], [ -143.574268, -75.563574 ], [ -142.329834, -75.490918 ], [ -140.874316, -75.745898 ], [ -141.22334, -75.545898 ], [ -139.148828, -75.160156 ], [ -137.618164, -75.075586 ], [ -136.649854, -75.161719 ], [ -136.227832, -74.836035 ], [ -135.362061, -74.69043 ], [ -133.796338, -74.85459 ], [ -132.049365, -74.765723 ], [ -129.79082, -74.891406 ], [ -127.020215, -74.697852 ], [ -121.543945, -74.75 ], [ -119.677002, -74.65459 ], [ -118.342041, -74.381543 ], [ -115.222607, -74.487402 ], [ -114.62373, -73.90293 ], [ -113.508496, -74.088867 ], [ -113.489404, -74.158398 ], [ -113.713574, -74.227734 ], [ -113.753271, -74.366699 ], [ -113.332959, -74.454199 ], [ -113.903467, -74.644434 ], [ -114.110449, -74.981836 ], [ -111.69624, -74.792188 ], [ -111.584424, -74.750879 ], [ -111.788721, -74.57168 ], [ -111.695898, -74.504102 ], [ -111.806348, -74.269727 ], [ -111.62998, -74.181445 ], [ -110.30708, -74.366699 ], [ -110.229785, -74.536328 ], [ -110.300439, -74.710645 ], [ -111.463135, -75.133398 ], [ -111.358789, -75.219922 ], [ -109.272168, -75.185059 ], [ -106.618848, -75.343945 ], [ -104.901855, -75.115137 ], [ -103.121045, -75.095215 ], [ -101.708105, -75.127344 ], [ -101.039355, -75.421875 ], [ -98.752344, -75.31709 ], [ -98.557861, -75.189746 ], [ -100.47334, -74.872363 ], [ -100.012695, -74.662109 ], [ -100.238135, -74.48418 ], [ -101.251709, -74.485742 ], [ -101.71543, -74.02373 ], [ -102.766455, -73.883789 ], [ -102.862744, -73.783594 ], [ -102.799512, -73.645703 ], [ -102.410645, -73.616406 ], [ -100.717773, -73.757812 ], [ -98.896143, -73.611133 ], [ -100.436377, -73.353125 ], [ -102.908789, -73.285156 ], [ -103.375, -72.818848 ], [ -103.110107, -72.721191 ], [ -102.362891, -72.760156 ], [ -102.272021, -72.834961 ], [ -102.482031, -72.951172 ], [ -102.409277, -72.987402 ], [ -98.208594, -73.022266 ], [ -96.394238, -73.301172 ], [ -95.236621, -73.220117 ], [ -94.246191, -73.312988 ], [ -92.828369, -73.164648 ], [ -90.920947, -73.319141 ], [ -90.430908, -73.243262 ], [ -90.273779, -73.118652 ], [ -90.29541, -72.97793 ], [ -89.817676, -72.862598 ], [ -89.34126, -72.889551 ], [ -89.127148, -72.693164 ], [ -88.77998, -72.683008 ], [ -88.194092, -72.7875 ], [ -88.560742, -73.120703 ], [ -88.419385, -73.229004 ], [ -87.401025, -73.191992 ], [ -86.791016, -73.363672 ], [ -85.801416, -73.19209 ], [ -84.981201, -73.502051 ], [ -82.183496, -73.856836 ], [ -81.30874, -73.738281 ], [ -81.163184, -73.632422 ], [ -81.262402, -73.314941 ], [ -81.176416, -73.248828 ], [ -80.336377, -73.41416 ], [ -80.614209, -73.083398 ], [ -80.587744, -72.977637 ], [ -80.442236, -72.944531 ], [ -79.521729, -73.089551 ], [ -78.963721, -73.312402 ], [ -78.78623, -73.506738 ], [ -76.850488, -73.460449 ], [ -76.764502, -73.566309 ], [ -77.134912, -73.817676 ], [ -77.048926, -73.844141 ], [ -75.293066, -73.63877 ], [ -73.996045, -73.699805 ], [ -72.929199, -73.447949 ], [ -69.282227, -73.169629 ], [ -67.66709, -72.83457 ], [ -67.306738, -72.611133 ], [ -66.827734, -72.09043 ], [ -66.95166, -71.897266 ], [ -67.460352, -71.526758 ], [ -67.50459, -71.057813 ], [ -67.692187, -70.686133 ], [ -68.40332, -70.019727 ], [ -68.469824, -69.643848 ], [ -68.707959, -69.432227 ], [ -68.140869, -69.347559 ], [ -67.371777, -69.412305 ], [ -66.974902, -69.161035 ], [ -67.02124, -69.028711 ], [ -67.390527, -68.86123 ], [ -67.133691, -68.770703 ], [ -67.041016, -68.453125 ], [ -66.793359, -68.24043 ], [ -67.149854, -68.024609 ], [ -66.915381, -67.692578 ], [ -66.677246, -67.560254 ], [ -67.124316, -67.485059 ], [ -67.544531, -67.534668 ], [ -67.493359, -67.112793 ], [ -67.034473, -66.945117 ], [ -66.902148, -67.255957 ], [ -66.61001, -67.208594 ], [ -66.498682, -67.289062 ], [ -66.503613, -66.689844 ], [ -66.306543, -66.591992 ], [ -65.766406, -66.624902 ], [ -65.678467, -66.402734 ], [ -65.774512, -66.287988 ], [ -65.617285, -66.135254 ], [ -65.172021, -66.116797 ], [ -65.26748, -65.994238 ], [ -64.514307, -65.95957 ], [ -64.653223, -65.866895 ], [ -64.646582, -65.747852 ], [ -64.474609, -65.780957 ], [ -64.390039, -65.708496 ], [ -64.438916, -65.640625 ], [ -63.818115, -65.531543 ], [ -64.05127, -65.417188 ], [ -64.071094, -65.278223 ], [ -63.760254, -65.033496 ], [ -63.059082, -65.139355 ], [ -63.119873, -64.94248 ], [ -62.527539, -64.833398 ], [ -62.503467, -64.656445 ], [ -62.243311, -64.746875 ], [ -61.631787, -64.604688 ], [ -61.082129, -64.314746 ], [ -60.86416, -64.073438 ], [ -59.510156, -63.820703 ], [ -58.87207, -63.551855 ], [ -57.389648, -63.22627 ], [ -57.076709, -63.2625 ] ] ] } },
{ "type": "Feature", "properties": { "scalerank": 0, "featurecla": "Land", "min_zoom": 0.5 }, "geometry": { "type": "Polygon", "coordinates": [ [ [ 178.861523, 70.826416 ], [ 178.648242, 71.000586 ], [ 178.683887, 71.105664 ], [ 180.0, 71.537744 ], [ 180.0, 70.993018 ], [ 178.861523, 70.826416 ] ] ] } },
{ "type": "Feature", "properties": { "scalerank": 0, "featurecla": "Land", "min_zoom": 0.0 }, "geometry": { "type": "Polygon", "coordinates": [ [ [ 17.979785, 59.329053 ], [ 18.508887, 59.407959 ], [ 18.617578, 59.327051 ], [ 18.414258, 59.290332 ], [ 18.285352, 59.109375 ], [ 16.978125, 58.65415 ], [ 16.214258, 58.63667 ], [ 16.788477, 58.585254 ], [ 16.923828, 58.492578 ], [ 16.651953, 58.434326 ], [ 16.769922, 58.214258 ], [ 16.694922, 57.917529 ], [ 16.555371, 57.812256 ], [ 16.652246, 57.500684 ], [ 16.475977, 57.265137 ], [ 16.52793, 57.068164 ], [ 15.99668, 56.222607 ], [ 15.82666, 56.124951 ], [ 14.713965, 56.134131 ], [ 14.754785, 56.033154 ], [ 14.558594, 56.048633 ], [ 14.215039, 55.832617 ], [ 14.341699, 55.527734 ], [ 14.17373, 55.396631 ], [ 12.88584, 55.411377 ], [ 12.973926, 55.748145 ], [ 12.471191, 56.290527 ], [ 12.80166, 56.263916 ], [ 12.656445, 56.440576 ], [ 12.857422, 56.452393 ], [ 12.883691, 56.617725 ], [ 12.421484, 56.906396 ], [ 12.053223, 57.446973 ], [ 11.961523, 57.426074 ], [ 11.878711, 57.679443 ], [ 11.734961, 57.717676 ], [ 11.703223, 57.973193 ], [ 11.449316, 58.118359 ], [ 11.431543, 58.33999 ], [ 11.248242, 58.369141 ], [ 11.147168, 58.988623 ], [ 11.195801, 59.078271 ], [ 11.386426, 59.065723 ], [ 10.834473, 59.183936 ], [ 10.644922, 59.389209 ], [ 10.595313, 59.764551 ], [ 10.569531, 59.587109 ], [ 10.398145, 59.519336 ], [ 10.431348, 59.279639 ], [ 10.179395, 59.009277 ], [ 9.842578, 58.958496 ], [ 9.557227, 59.112695 ], [ 9.656934, 58.971191 ], [ 9.309961, 58.856836 ], [ 9.395801, 58.805664 ], [ 8.166113, 58.145313 ], [ 7.465918, 58.020947 ], [ 7.004883, 58.024219 ], [ 6.877051, 58.150732 ], [ 6.731445, 58.068311 ], [ 6.555078, 58.123437 ], [ 6.659863, 58.262744 ], [ 6.054688, 58.375146 ], [ 5.585938, 58.62041 ], [ 5.522461, 58.822656 ], [ 5.612207, 59.012891 ], [ 6.099023, 58.870264 ], [ 6.363281, 59.000928 ], [ 6.099414, 58.951953 ], [ 5.88916, 59.097949 ], [ 5.951855, 59.299072 ], [ 6.415332, 59.547119 ], [ 5.173242, 59.162549 ], [ 5.242188, 59.564307 ], [ 5.472461, 59.713086 ], [ 5.772168, 59.660938 ], [ 6.216602, 59.818359 ], [ 5.730469, 59.863086 ], [ 6.34873, 60.352979 ], [ 6.573633, 60.360596 ], [ 6.526855, 60.15293 ], [ 6.719922, 60.418164 ], [ 6.995703, 60.511963 ], [ 6.15332, 60.34624 ], [ 5.876563, 60.07002 ], [ 5.145801, 59.638818 ], [ 5.205664, 60.087939 ], [ 5.688574, 60.123193 ], [ 5.28584, 60.205713 ], [ 5.137109, 60.445605 ], [ 5.64834, 60.687988 ], [ 5.244043, 60.56958 ], [ 5.11582, 60.635986 ], [ 5.008594, 61.038184 ], [ 6.777832, 61.142432 ], [ 7.038672, 60.95293 ], [ 7.040137, 61.091162 ], [ 7.604492, 61.210547 ], [ 7.346582, 61.300586 ], [ 7.442578, 61.434619 ], [ 7.331152, 61.372021 ], [ 7.275977, 61.180957 ], [ 6.942578, 61.160547 ], [ 6.599902, 61.289648 ], [ 6.383496, 61.133887 ], [ 5.324609, 61.108252 ], [ 5.02168, 61.250586 ], [ 4.989941, 61.377686 ], [ 5.338672, 61.485498 ], [ 4.99668, 61.645215 ], [ 4.910352, 61.80957 ], [ 4.985059, 61.900439 ], [ 6.01582, 61.7875 ], [ 6.730762, 61.869775 ], [ 6.131152, 61.852441 ], [ 5.266895, 61.935596 ], [ 5.096484, 62.02666 ], [ 5.143164, 62.159912 ], [ 5.357715, 62.151709 ], [ 5.718164, 62.378906 ], [ 6.208984, 62.352783 ], [ 6.692383, 62.468066 ], [ 6.136133, 62.407471 ], [ 6.35293, 62.611133 ], [ 7.570117, 62.548193 ], [ 7.690723, 62.585596 ], [ 7.538379, 62.67207 ], [ 8.095508, 62.731836 ], [ 6.734961, 62.720703 ], [ 6.94043, 62.930469 ], [ 7.571875, 63.099512 ], [ 8.100586, 63.090967 ], [ 8.623145, 62.84624 ], [ 8.158008, 63.161523 ], [ 8.271484, 63.286572 ], [ 8.635547, 63.342334 ], [ 8.360742, 63.498877 ], [ 8.576172, 63.601172 ], [ 9.13584, 63.593652 ], [ 9.075879, 63.500391 ], [ 9.156055, 63.459326 ], [ 9.696875, 63.624561 ], [ 10.020996, 63.39082 ], [ 10.760156, 63.461279 ], [ 10.673633, 63.558008 ], [ 10.725293, 63.625 ], [ 11.370703, 63.804834 ], [ 11.175586, 63.898877 ], [ 11.457617, 64.002979 ], [ 11.306641, 64.048877 ], [ 10.914258, 63.921094 ], [ 11.047266, 63.845215 ], [ 10.934863, 63.770215 ], [ 10.055078, 63.512695 ], [ 9.924023, 63.521777 ], [ 9.76748, 63.699512 ], [ 9.567285, 63.706152 ], [ 10.565625, 64.418311 ], [ 11.63291, 64.813916 ], [ 11.296777, 64.754785 ], [ 11.489355, 64.97583 ], [ 12.159668, 65.178955 ], [ 12.508398, 65.099414 ], [ 12.915527, 65.339258 ], [ 12.417578, 65.184082 ], [ 12.133887, 65.27915 ], [ 12.272852, 65.568164 ], [ 12.688867, 65.902197 ], [ 13.033105, 65.95625 ], [ 12.783789, 66.100439 ], [ 13.674414, 66.17998 ], [ 14.03418, 66.297559 ], [ 13.118848, 66.230664 ], [ 13.068164, 66.430811 ], [ 13.211426, 66.64082 ], [ 13.621094, 66.794824 ], [ 13.959473, 66.794336 ], [ 13.651563, 66.90708 ], [ 14.108789, 67.119238 ], [ 15.415723, 67.202441 ], [ 14.441699, 67.271387 ], [ 14.961914, 67.574268 ], [ 15.594434, 67.348535 ], [ 15.575684, 67.443848 ], [ 15.691504, 67.521387 ], [ 15.24873, 67.602148 ], [ 15.303906, 67.765283 ], [ 14.781348, 67.674902 ], [ 14.798926, 67.809326 ], [ 15.134277, 67.972705 ], [ 15.621387, 67.948291 ], [ 15.292871, 68.036475 ], [ 16.00791, 68.228711 ], [ 16.312305, 67.881445 ], [ 16.258594, 68.001221 ], [ 16.391992, 68.091602 ], [ 16.259766, 68.144531 ], [ 16.203809, 68.316748 ], [ 17.552832, 68.42627 ], [ 16.514355, 68.532568 ], [ 17.39082, 68.799365 ], [ 17.70459, 69.100049 ], [ 18.101465, 69.156299 ], [ 18.078711, 69.325244 ], [ 18.259766, 69.470605 ], [ 18.858984, 69.314453 ], [ 18.915918, 69.335596 ], [ 18.614453, 69.490576 ], [ 18.991113, 69.561133 ], [ 19.197266, 69.747852 ], [ 19.687012, 69.804736 ], [ 19.641504, 69.424023 ], [ 19.960547, 69.824609 ], [ 20.324219, 69.945312 ], [ 20.338184, 69.61665 ], [ 20.04375, 69.355664 ], [ 20.107227, 69.341211 ], [ 20.486719, 69.54209 ], [ 20.739453, 69.520508 ], [ 20.532715, 69.692334 ], [ 20.62207, 69.913916 ], [ 21.163086, 69.889502 ], [ 21.253711, 70.003223 ], [ 21.43291, 70.013184 ], [ 21.974707, 69.83457 ], [ 21.802734, 70.066064 ], [ 21.355762, 70.233398 ], [ 22.321973, 70.264502 ], [ 22.68457, 70.374756 ], [ 22.941211, 70.30498 ], [ 23.046484, 70.101855 ], [ 23.353906, 69.983398 ], [ 23.286035, 70.104834 ], [ 23.379395, 70.247461 ], [ 24.038477, 70.485352 ], [ 24.42002, 70.702002 ], [ 24.263477, 70.826318 ], [ 24.764746, 71.008447 ], [ 25.264648, 70.843506 ], [ 25.435938, 70.911865 ], [ 25.781445, 70.816797 ], [ 25.273535, 70.552393 ], [ 24.994238, 70.218213 ], [ 25.043848, 70.109033 ], [ 25.418848, 70.235498 ], [ 25.470508, 70.340576 ], [ 26.506934, 70.912793 ], [ 26.661328, 70.939746 ], [ 26.733984, 70.853564 ], [ 26.558203, 70.669141 ], [ 26.644629, 70.63623 ], [ 26.585059, 70.41001 ], [ 26.989355, 70.511377 ], [ 27.309375, 70.803564 ], [ 27.546484, 70.804004 ], [ 27.235254, 70.947217 ], [ 27.331641, 70.996729 ], [ 27.59707, 71.091309 ], [ 28.141699, 71.043018 ], [ 28.392285, 70.975293 ], [ 28.382715, 70.869434 ], [ 27.898047, 70.67793 ], [ 28.271777, 70.667969 ], [ 28.192969, 70.248584 ], [ 28.609375, 70.759668 ], [ 28.831543, 70.863965 ], [ 29.7375, 70.646826 ], [ 30.065137, 70.702979 ], [ 30.237695, 70.622168 ], [ 30.213184, 70.543311 ], [ 30.595898, 70.523682 ], [ 30.960645, 70.343848 ], [ 30.944141, 70.274414 ], [ 30.262988, 70.124707 ], [ 28.781152, 70.14541 ], [ 29.601367, 69.976758 ], [ 29.694629, 69.74458 ], [ 30.088281, 69.717578 ], [ 30.237598, 69.862207 ], [ 30.42832, 69.722266 ], [ 30.714453, 69.795703 ], [ 31.546973, 69.696924 ], [ 31.997949, 69.809912 ], [ 31.98457, 69.953662 ], [ 33.007812, 69.722119 ], [ 32.915039, 69.601709 ], [ 32.091504, 69.632568 ], [ 32.377734, 69.479102 ], [ 32.999805, 69.470117 ], [ 32.978906, 69.367334 ], [ 33.454297, 69.428174 ], [ 33.327734, 69.151855 ], [ 33.141211, 69.068701 ], [ 33.435645, 69.130371 ], [ 33.684375, 69.310254 ], [ 35.85791, 69.191748 ], [ 37.730566, 68.692139 ], [ 38.430176, 68.355615 ], [ 38.831543, 68.324902 ], [ 39.568945, 68.071729 ], [ 39.82334, 68.058594 ], [ 39.746289, 68.162207 ], [ 39.809277, 68.15083 ], [ 40.380664, 67.831885 ], [ 40.966406, 67.713477 ], [ 41.133887, 67.266943 ], [ 41.358789, 67.209668 ], [ 41.188965, 66.826172 ], [ 40.10332, 66.299951 ], [ 38.653906, 66.069043 ], [ 35.513477, 66.395801 ], [ 34.824609, 66.611133 ], [ 34.482617, 66.550342 ], [ 34.396094, 66.613184 ], [ 34.451563, 66.651221 ], [ 33.150195, 66.843945 ], [ 32.847559, 67.021533 ], [ 32.930469, 67.086816 ], [ 31.895313, 67.161426 ], [ 32.500977, 67.003857 ], [ 32.463672, 66.916309 ], [ 32.862402, 66.721387 ], [ 33.180566, 66.679932 ], [ 33.217383, 66.531641 ], [ 33.655957, 66.442627 ], [ 33.360547, 66.329541 ], [ 34.112695, 66.225244 ], [ 34.691797, 65.951855 ], [ 34.776953, 65.768262 ], [ 34.615723, 65.509912 ], [ 34.406445, 65.395752 ], [ 34.803516, 64.985986 ], [ 34.832617, 64.800195 ], [ 34.952246, 64.755957 ], [ 34.858301, 64.706689 ], [ 34.869531, 64.56001 ], [ 35.035352, 64.440234 ], [ 35.64707, 64.37832 ], [ 36.146484, 64.189014 ], [ 36.364941, 64.002832 ], [ 37.442188, 63.813379 ], [ 37.967969, 63.949121 ], [ 38.062207, 64.091016 ], [ 37.953711, 64.320117 ], [ 37.183691, 64.408496 ], [ 36.578711, 64.790967 ], [ 36.53457, 64.938623 ], [ 36.785938, 64.987158 ], [ 36.882812, 65.172363 ], [ 37.14082, 65.194287 ], [ 38.009375, 64.87876 ], [ 39.758008, 64.577051 ], [ 40.057813, 64.770752 ], [ 40.444922, 64.778711 ], [ 39.798047, 65.349854 ], [ 39.816504, 65.597949 ], [ 40.691602, 65.963428 ], [ 41.475781, 66.123437 ], [ 42.210547, 66.519678 ], [ 43.233203, 66.415527 ], [ 43.653125, 66.250977 ], [ 43.541895, 66.123389 ], [ 43.84375, 66.142383 ], [ 44.104395, 66.008594 ], [ 44.097168, 66.235059 ], [ 44.488672, 66.671777 ], [ 44.429297, 66.937744 ], [ 44.291797, 67.099658 ], [ 43.782422, 67.254492 ], [ 44.225391, 67.995605 ], [ 44.204688, 68.25376 ], [ 43.333203, 68.673389 ], [ 44.048047, 68.548828 ], [ 45.078125, 68.578174 ], [ 45.891992, 68.479687 ], [ 46.683594, 67.970459 ], [ 46.69043, 67.848828 ], [ 45.528711, 67.757568 ], [ 44.902148, 67.413135 ], [ 45.562207, 67.185596 ], [ 45.885352, 66.891064 ], [ 46.492383, 66.800195 ], [ 47.655859, 66.975928 ], [ 47.908203, 67.454688 ], [ 47.874707, 67.58418 ], [ 48.833203, 67.681494 ], [ 48.87793, 67.731348 ], [ 48.695703, 67.874219 ], [ 48.754297, 67.895947 ], [ 49.155273, 67.87041 ], [ 50.699414, 68.317725 ], [ 51.994727, 68.53877 ], [ 52.285352, 68.459375 ], [ 52.183496, 68.374268 ], [ 52.39668, 68.351709 ], [ 52.722656, 68.484033 ], [ 52.344043, 68.608154 ], [ 53.801953, 68.995898 ], [ 54.491211, 68.992334 ], [ 53.797656, 68.907471 ], [ 53.970605, 68.844287 ], [ 53.758887, 68.633984 ], [ 53.930859, 68.435547 ], [ 53.260547, 68.26748 ], [ 54.476172, 68.294141 ], [ 54.861328, 68.201855 ], [ 54.923047, 68.373828 ], [ 55.418066, 68.567822 ], [ 56.043652, 68.648877 ], [ 57.126855, 68.554004 ], [ 58.173047, 68.889746 ], [ 58.237012, 68.833936 ], [ 59.057324, 69.006055 ], [ 59.370508, 68.738379 ], [ 59.112305, 68.616309 ], [ 59.099023, 68.444336 ], [ 59.725684, 68.351611 ], [ 59.922852, 68.471338 ], [ 59.895996, 68.706348 ], [ 60.48916, 68.728955 ], [ 60.933594, 68.986768 ], [ 60.858594, 69.145508 ], [ 60.664551, 69.110254 ], [ 60.170605, 69.590918 ], [ 60.909082, 69.847119 ], [ 63.361426, 69.675293 ], [ 64.19043, 69.534668 ], [ 64.928516, 69.325391 ], [ 64.896289, 69.247803 ], [ 67.002441, 68.873584 ], [ 67.730762, 68.513672 ], [ 68.371191, 68.314258 ], [ 68.504199, 68.348438 ], [ 68.829492, 68.567432 ], [ 69.140527, 68.950635 ], [ 68.542773, 68.96709 ], [ 68.117383, 69.23623 ], [ 68.005859, 69.480029 ], [ 67.624121, 69.584424 ], [ 67.064453, 69.693701 ], [ 66.89668, 69.553809 ], [ 66.80293, 69.740137 ], [ 66.926367, 70.014258 ], [ 67.239258, 70.108057 ], [ 67.146484, 70.219922 ], [ 67.284766, 70.738721 ], [ 67.143359, 70.837549 ], [ 66.702246, 70.818506 ], [ 66.666113, 70.900586 ], [ 66.84707, 71.063721 ], [ 66.639648, 71.081396 ], [ 66.917578, 71.282373 ], [ 68.269238, 71.682812 ], [ 68.607422, 72.012744 ], [ 69.039062, 72.669922 ], [ 69.391406, 72.955518 ], [ 69.694336, 72.977539 ], [ 69.645117, 72.897559 ], [ 69.738281, 72.884961 ], [ 71.616992, 72.9021 ], [ 72.812109, 72.691406 ], [ 72.574121, 72.012549 ], [ 72.279492, 71.695508 ], [ 71.867285, 71.457373 ], [ 72.581348, 71.151123 ], [ 72.704492, 70.963232 ], [ 72.7, 70.457324 ], [ 72.469434, 70.274951 ], [ 72.599414, 69.793213 ], [ 72.576758, 68.968701 ], [ 73.548047, 68.574512 ], [ 73.591699, 68.481885 ], [ 73.139453, 68.181348 ], [ 73.173047, 67.973047 ], [ 73.066797, 67.766943 ], [ 72.594336, 67.586963 ], [ 71.847461, 67.007617 ], [ 71.365234, 66.961523 ], [ 71.539551, 66.683105 ], [ 70.724902, 66.519434 ], [ 70.382812, 66.60249 ], [ 70.690723, 66.745312 ], [ 70.283398, 66.685791 ], [ 69.877148, 66.845459 ], [ 69.013477, 66.78833 ], [ 69.194336, 66.578662 ], [ 69.982422, 66.401416 ], [ 72.067578, 66.25332 ], [ 72.321582, 66.332129 ], [ 72.417383, 66.560791 ], [ 73.79209, 66.995312 ], [ 74.074512, 67.414111 ], [ 74.769531, 67.766357 ], [ 74.742676, 68.073535 ], [ 74.391406, 68.420605 ], [ 74.57959, 68.751221 ], [ 75.124609, 68.861719 ], [ 76.45918, 68.978271 ], [ 77.238477, 68.46958 ], [ 77.174414, 67.778516 ], [ 77.771582, 67.570264 ], [ 78.922461, 67.589111 ], [ 77.588281, 67.751904 ], [ 77.535937, 68.007666 ], [ 77.664844, 68.190381 ], [ 77.995117, 68.259473 ], [ 77.650684, 68.903027 ], [ 76.000977, 69.235059 ], [ 75.42002, 69.238623 ], [ 74.814844, 69.090576 ], [ 73.977441, 69.114648 ], [ 73.775684, 69.198242 ], [ 73.890918, 69.417969 ], [ 73.560156, 69.707227 ], [ 73.578125, 69.802979 ], [ 73.830176, 70.175684 ], [ 74.343359, 70.578711 ], [ 73.576563, 71.216504 ], [ 73.08623, 71.444922 ], [ 73.671777, 71.845068 ], [ 74.992188, 72.144824 ], [ 75.089941, 72.263135 ], [ 75.060352, 72.548779 ], [ 74.786816, 72.811865 ], [ 75.369336, 72.796631 ], [ 75.603516, 72.581055 ], [ 75.591406, 72.457227 ], [ 75.741406, 72.29624 ], [ 75.273828, 71.958936 ], [ 75.247461, 71.813379 ], [ 75.503223, 71.654639 ], [ 75.468555, 71.534375 ], [ 75.280273, 71.430078 ], [ 75.332031, 71.341748 ], [ 75.733594, 71.265918 ], [ 76.929004, 71.127881 ], [ 77.589648, 71.16792 ], [ 78.320605, 70.93042 ], [ 79.01543, 70.950195 ], [ 79.083887, 71.002002 ], [ 78.491406, 71.025391 ], [ 78.212598, 71.266309 ], [ 77.481055, 71.311572 ], [ 76.433398, 71.55249 ], [ 76.032422, 71.9104 ], [ 76.871387, 72.033008 ], [ 77.550781, 71.84209 ], [ 78.186914, 71.90708 ], [ 78.232422, 71.952295 ], [ 78.016406, 72.092041 ], [ 77.41084, 72.107764 ], [ 77.968164, 72.328711 ], [ 78.482617, 72.394971 ], [ 79.42207, 72.380762 ], [ 80.7625, 72.08916 ], [ 80.856055, 71.970215 ], [ 81.661621, 71.715967 ], [ 83.106641, 71.720508 ], [ 83.233594, 71.668164 ], [ 82.977051, 71.451367 ], [ 82.322852, 71.26001 ], [ 82.23916, 70.997705 ], [ 82.335938, 70.807373 ], [ 82.163184, 70.598145 ], [ 82.221191, 70.395703 ], [ 82.59248, 70.889941 ], [ 82.869141, 70.954834 ], [ 83.010156, 70.89541 ], [ 83.030176, 70.580518 ], [ 82.682324, 70.217725 ], [ 83.080762, 70.093018 ], [ 83.073828, 70.276709 ], [ 83.49707, 70.345264 ], [ 83.735938, 70.546484 ], [ 83.15127, 71.103613 ], [ 83.550488, 71.543652 ], [ 83.534375, 71.683936 ], [ 83.200293, 71.874707 ], [ 82.64541, 71.925244 ], [ 82.093652, 72.26543 ], [ 80.827051, 72.488281 ], [ 80.65625, 72.712012 ], [ 80.841602, 72.94917 ], [ 80.509668, 73.086084 ], [ 80.424512, 73.231152 ], [ 80.398047, 73.356836 ], [ 80.595898, 73.474023 ], [ 80.583203, 73.568457 ], [ 85.200586, 73.721533 ], [ 86.892969, 73.887109 ], [ 87.029492, 73.82417 ], [ 85.792578, 73.43833 ], [ 85.818164, 73.326953 ], [ 86.677051, 73.106787 ], [ 85.910059, 73.39043 ], [ 86.092383, 73.519141 ], [ 87.120117, 73.615039 ], [ 87.571191, 73.810742 ], [ 87.209668, 73.878662 ], [ 86.571094, 74.24375 ], [ 86.001367, 74.316016 ], [ 86.395801, 74.450098 ], [ 86.897949, 74.325342 ], [ 87.229688, 74.363867 ], [ 86.425684, 74.585498 ], [ 85.791016, 74.645117 ], [ 86.20127, 74.816211 ], [ 86.651465, 74.682422 ], [ 86.862891, 74.717871 ], [ 87.467578, 75.013232 ], [ 86.939063, 75.068115 ], [ 87.005957, 75.169824 ], [ 87.671387, 75.12959 ], [ 90.184961, 75.591064 ], [ 91.479492, 75.649658 ], [ 94.156348, 75.959229 ], [ 92.986621, 75.902686 ], [ 92.858594, 75.979492 ], [ 93.259277, 76.098779 ], [ 95.578711, 76.137305 ], [ 96.075488, 76.081982 ], [ 95.65332, 75.892188 ], [ 96.600586, 75.989893 ], [ 96.49707, 75.891211 ], [ 97.350684, 76.033398 ], [ 97.499219, 75.980225 ], [ 98.662012, 76.242676 ], [ 99.77041, 76.02876 ], [ 99.442187, 75.803174 ], [ 99.540723, 75.798584 ], [ 99.851367, 75.930273 ], [ 99.825391, 76.135937 ], [ 98.805664, 76.480664 ], [ 100.84375, 76.525195 ], [ 101.597754, 76.439209 ], [ 101.683789, 76.485498 ], [ 100.928027, 76.556738 ], [ 101.099316, 76.704004 ], [ 100.905859, 76.900684 ], [ 101.517676, 77.198096 ], [ 102.610156, 77.508545 ], [ 104.014551, 77.73042 ], [ 105.710254, 77.525244 ], [ 106.05957, 77.390527 ], [ 104.202441, 77.101807 ], [ 105.645898, 77.100684 ], [ 105.822168, 76.99751 ], [ 106.941602, 77.034375 ], [ 107.429785, 76.926563 ], [ 106.63877, 76.573389 ], [ 106.384668, 76.589453 ], [ 106.413574, 76.512256 ], [ 107.722168, 76.522314 ], [ 108.181641, 76.737842 ], [ 111.114844, 76.723047 ], [ 112.093945, 76.480322 ], [ 111.942676, 76.380469 ], [ 112.619531, 76.383545 ], [ 112.798438, 76.129639 ], [ 112.65625, 76.053564 ], [ 113.150391, 76.174512 ], [ 112.987988, 76.239746 ], [ 113.272656, 76.25166 ], [ 113.563867, 75.89165 ], [ 113.857227, 75.921289 ], [ 113.567578, 75.568408 ], [ 113.391602, 75.677881 ], [ 112.466113, 75.843652 ], [ 112.955664, 75.571924 ], [ 113.242969, 75.611426 ], [ 113.726172, 75.450635 ], [ 113.613574, 75.292969 ], [ 112.924902, 75.015039 ], [ 109.840332, 74.321973 ], [ 109.911328, 74.261328 ], [ 109.810254, 74.169189 ], [ 109.075, 74.032324 ], [ 108.199512, 73.694092 ], [ 107.271094, 73.621045 ], [ 106.679395, 73.330664 ], [ 106.188672, 73.308008 ], [ 105.677148, 72.959277 ], [ 105.143945, 72.777051 ], [ 105.708203, 72.83667 ], [ 106.47793, 73.139404 ], [ 107.750391, 73.173145 ], [ 109.331055, 73.487451 ], [ 109.855273, 73.472461 ], [ 110.868164, 73.730713 ], [ 109.752734, 73.722559 ], [ 109.665625, 73.800244 ], [ 110.261426, 74.017432 ], [ 111.05625, 73.939355 ], [ 111.130859, 74.052832 ], [ 111.550586, 74.028516 ], [ 111.228125, 73.968555 ], [ 111.400391, 73.827734 ], [ 112.147266, 73.708936 ], [ 112.79541, 73.746094 ], [ 112.939648, 73.835645 ], [ 112.835938, 73.962061 ], [ 113.032813, 73.913867 ], [ 113.416211, 73.647607 ], [ 113.156934, 73.45957 ], [ 113.490918, 73.346094 ], [ 113.474609, 73.047852 ], [ 113.127832, 72.830664 ], [ 113.312207, 72.657373 ], [ 113.664551, 72.634521 ], [ 113.215527, 72.805859 ], [ 113.542773, 73.054346 ], [ 113.558887, 73.232617 ], [ 113.88623, 73.345801 ], [ 113.510352, 73.50498 ], [ 114.060547, 73.584668 ], [ 115.337695, 73.702588 ], [ 118.450195, 73.589795 ], [ 118.936426, 73.481201 ], [ 118.457031, 73.464404 ], [ 118.376563, 73.367236 ], [ 118.430273, 73.246533 ], [ 119.750391, 72.979102 ], [ 121.747852, 72.969678 ], [ 122.5375, 72.877783 ], [ 122.751953, 72.906494 ], [ 122.526758, 73.016699 ], [ 123.160352, 72.954883 ], [ 123.622266, 73.193262 ], [ 123.322656, 73.430811 ], [ 123.416211, 73.636865 ], [ 124.541211, 73.75127 ], [ 125.61709, 73.520605 ], [ 125.598535, 73.447412 ], [ 126.254492, 73.548193 ], [ 126.344922, 73.506299 ], [ 126.29248, 73.394189 ], [ 126.552539, 73.334912 ], [ 127.031348, 73.547461 ], [ 127.740332, 73.481543 ], [ 128.281445, 73.330566 ], [ 128.257812, 73.26748 ], [ 129.100586, 73.112354 ], [ 128.599023, 72.895166 ], [ 129.017285, 72.872461 ], [ 129.250391, 72.705176 ], [ 128.418262, 72.535156 ], [ 129.281348, 72.437695 ], [ 129.411719, 72.315479 ], [ 129.410645, 72.166309 ], [ 129.283496, 72.092041 ], [ 128.934961, 72.079492 ], [ 127.726074, 72.413184 ], [ 128.911426, 71.755322 ], [ 129.116602, 71.824609 ], [ 129.121582, 71.953223 ], [ 129.210254, 71.916943 ], [ 129.46084, 71.739307 ], [ 128.843262, 71.663477 ], [ 129.134277, 71.592871 ], [ 129.761914, 71.119531 ], [ 130.537109, 70.892529 ], [ 130.757129, 70.962354 ], [ 131.021582, 70.746094 ], [ 131.562012, 70.901025 ], [ 132.035352, 71.244043 ], [ 132.003711, 71.350195 ], [ 132.227637, 71.642773 ], [ 132.653906, 71.925977 ], [ 133.130859, 71.606689 ], [ 133.688867, 71.434229 ], [ 134.702734, 71.386816 ], [ 135.55918, 71.610352 ], [ 136.090332, 71.61958 ], [ 137.11582, 71.415674 ], [ 137.939648, 71.133398 ], [ 137.844043, 71.226807 ], [ 138.314063, 71.325537 ], [ 137.918359, 71.384082 ], [ 138.23418, 71.596338 ], [ 138.780176, 71.629004 ], [ 139.209375, 71.444775 ], [ 139.98418, 71.491504 ], [ 139.695117, 71.700439 ], [ 139.722949, 71.884961 ], [ 139.359277, 71.951367 ], [ 140.187695, 72.191309 ], [ 139.176367, 72.163477 ], [ 139.14082, 72.329736 ], [ 139.601172, 72.496094 ], [ 141.079297, 72.586914 ], [ 140.652344, 72.842822 ], [ 140.808203, 72.890967 ], [ 142.061426, 72.720801 ], [ 143.51582, 72.698242 ], [ 146.25293, 72.442236 ], [ 146.234766, 72.349707 ], [ 144.897461, 72.39624 ], [ 144.169238, 72.258789 ], [ 144.470703, 72.174756 ], [ 146.831836, 72.29541 ], [ 146.113281, 71.944971 ], [ 146.005859, 71.945459 ], [ 146.230273, 72.1375 ], [ 145.758594, 72.225879 ], [ 145.664062, 72.066992 ], [ 145.756738, 71.941309 ], [ 145.063965, 71.926074 ], [ 144.989648, 71.753369 ], [ 145.188574, 71.695801 ], [ 146.073242, 71.80835 ], [ 147.261816, 72.327881 ], [ 148.402051, 72.311963 ], [ 149.501563, 72.164307 ], [ 149.963086, 71.992188 ], [ 150.016895, 71.895654 ], [ 148.92334, 71.714648 ], [ 150.667773, 71.455225 ], [ 150.097656, 71.226562 ], [ 150.967773, 71.380469 ], [ 151.582422, 71.286963 ], [ 152.092773, 71.023291 ], [ 151.762012, 70.982471 ], [ 152.508789, 70.834473 ], [ 155.895215, 71.095508 ], [ 157.447363, 71.074512 ], [ 158.702148, 70.93501 ], [ 159.350684, 70.790723 ], [ 159.911816, 70.506104 ], [ 160.006445, 70.309668 ], [ 159.729395, 69.870215 ], [ 159.83252, 69.784961 ], [ 160.910742, 69.606348 ], [ 161.035547, 69.098193 ], [ 161.340625, 68.905176 ], [ 161.129004, 68.653857 ], [ 160.856055, 68.53833 ], [ 161.104492, 68.5625 ], [ 161.565625, 68.905176 ], [ 161.480078, 69.201709 ], [ 161.536914, 69.379541 ], [ 162.166016, 69.611572 ], [ 163.201367, 69.714746 ], [ 163.945996, 69.735156 ], [ 164.513281, 69.609131 ], [ 166.820312, 69.499561 ], [ 167.628125, 69.740332 ], [ 167.856836, 69.728223 ], [ 168.15, 69.577393 ], [ 168.303027, 69.271484 ], [ 169.310645, 69.079541 ], [ 169.609863, 68.786035 ], [ 170.537598, 68.825391 ], [ 170.99541, 69.045312 ], [ 170.99668, 69.134717 ], [ 170.582227, 69.58335 ], [ 170.160938, 69.626563 ], [ 170.503125, 69.856543 ], [ 170.486816, 70.107568 ], [ 172.55957, 69.968359 ], [ 173.277441, 69.823828 ], [ 173.438672, 69.946826 ], [ 174.785547, 69.855664 ], [ 175.921484, 69.895313 ], [ 176.924414, 69.645996 ], [ 178.84834, 69.387207 ], [ 180.0, 68.983447 ], [ 180.0, 65.067236 ], [ 179.448242, 64.822021 ], [ 178.519531, 64.602979 ], [ 177.748633, 64.717041 ], [ 176.880859, 65.081934 ], [ 176.341016, 65.047314 ], [ 177.037305, 64.999658 ], [ 177.222852, 64.86167 ], [ 177.06875, 64.78667 ], [ 176.061133, 64.960889 ], [ 175.781152, 64.844043 ], [ 174.548828, 64.683887 ], [ 175.67793, 64.782471 ], [ 176.056543, 64.904736 ], [ 176.350977, 64.705127 ], [ 176.140918, 64.58584 ], [ 177.3875, 64.774023 ], [ 177.467188, 64.736816 ], [ 177.43291, 64.444482 ], [ 177.6875, 64.304736 ], [ 178.044727, 64.21958 ], [ 178.229492, 64.364404 ], [ 178.477148, 64.127881 ], [ 178.451367, 64.011377 ], [ 178.650293, 63.965283 ], [ 178.69248, 63.842334 ], [ 178.731445, 63.66709 ], [ 178.466113, 63.574072 ], [ 178.653711, 63.556641 ], [ 178.744043, 63.394775 ], [ 178.792969, 63.540332 ], [ 178.921484, 63.34502 ], [ 179.332324, 63.190186 ], [ 179.405078, 63.077734 ], [ 179.25957, 63.008301 ], [ 179.570508, 62.773486 ], [ 179.477246, 62.613086 ], [ 179.176953, 62.469189 ], [ 179.120703, 62.320361 ], [ 177.292578, 62.599023 ], [ 177.338965, 62.781348 ], [ 177.023535, 62.777246 ], [ 176.964746, 62.658643 ], [ 177.159473, 62.560986 ], [ 176.702539, 62.505762 ], [ 174.514355, 61.823633 ], [ 173.822363, 61.679395 ], [ 173.623438, 61.716064 ], [ 173.131836, 61.406641 ], [ 172.856543, 61.469189 ], [ 172.908008, 61.311621 ], [ 172.396094, 61.167383 ], [ 172.392773, 61.061768 ], [ 170.608203, 60.434912 ], [ 170.350977, 59.965527 ], [ 169.982617, 60.06709 ], [ 169.618359, 60.438037 ], [ 169.226758, 60.595947 ], [ 168.1375, 60.573926 ], [ 167.226758, 60.406299 ], [ 166.273047, 59.85625 ], [ 166.186523, 59.849463 ], [ 166.136035, 59.979346 ], [ 166.352148, 60.484814 ], [ 165.08457, 60.098584 ], [ 165.073633, 59.945605 ], [ 164.953711, 59.843604 ], [ 164.525293, 60.061279 ], [ 164.113281, 59.897559 ], [ 164.135059, 59.984375 ], [ 163.743848, 60.028027 ], [ 163.364844, 59.781445 ], [ 163.272852, 59.302588 ], [ 162.940039, 59.114307 ], [ 162.969824, 58.986475 ], [ 162.141602, 58.447412 ], [ 161.960059, 58.076904 ], [ 162.039648, 57.918262 ], [ 162.411426, 57.778369 ], [ 162.391406, 57.717236 ], [ 162.654297, 57.948242 ], [ 163.225781, 57.790381 ], [ 163.187891, 57.637402 ], [ 162.779297, 57.357617 ], [ 162.761523, 57.243945 ], [ 162.802637, 56.811475 ], [ 163.256543, 56.688037 ], [ 163.335547, 56.23252 ], [ 163.047363, 56.044678 ], [ 162.840332, 56.065625 ], [ 162.628125, 56.232275 ], [ 163.038379, 56.521875 ], [ 162.671484, 56.490088 ], [ 162.488672, 56.399121 ], [ 162.528223, 56.260693 ], [ 162.084961, 56.089648 ], [ 161.723926, 55.496143 ], [ 161.784961, 55.205322 ], [ 162.105566, 54.752148 ], [ 161.624805, 54.51626 ], [ 161.129883, 54.598242 ], [ 160.772656, 54.541357 ], [ 160.074414, 54.18916 ], [ 159.84375, 53.783643 ], [ 160.025098, 53.12959 ], [ 159.585938, 53.237695 ], [ 158.74541, 52.908936 ], [ 158.47207, 53.032373 ], [ 158.432324, 52.957422 ], [ 158.608789, 52.873633 ], [ 158.480762, 52.62666 ], [ 158.493164, 52.383154 ], [ 158.103516, 51.809619 ], [ 156.747754, 50.969287 ], [ 156.521191, 51.380273 ], [ 156.364746, 52.509375 ], [ 156.110352, 52.866162 ], [ 155.563867, 55.199121 ], [ 155.716602, 56.072217 ], [ 155.98252, 56.695215 ], [ 156.848828, 57.290186 ], [ 156.976758, 57.466309 ], [ 156.829883, 57.779639 ], [ 157.450391, 57.799268 ], [ 157.666406, 58.019775 ], [ 158.275195, 58.008984 ], [ 159.210645, 58.519434 ], [ 159.847363, 59.127148 ], [ 161.753516, 60.152295 ], [ 162.068164, 60.466406 ], [ 162.973145, 60.78291 ], [ 163.709961, 60.916797 ], [ 163.553516, 61.025635 ], [ 164.005469, 61.343799 ], [ 163.804395, 61.461377 ], [ 164.019531, 61.710693 ], [ 164.207227, 62.292236 ], [ 164.59834, 62.470557 ], [ 165.208105, 62.373975 ], [ 165.396582, 62.493896 ], [ 164.418359, 62.704639 ], [ 163.331738, 62.550928 ], [ 163.017676, 61.891064 ], [ 163.009277, 61.791504 ], [ 163.257812, 61.699463 ], [ 163.085254, 61.570557 ], [ 162.993945, 61.544189 ], [ 162.855957, 61.705029 ], [ 162.392578, 61.662109 ], [ 160.766602, 60.75332 ], [ 160.173633, 60.638428 ], [ 160.378906, 61.025488 ], [ 159.79043, 60.956641 ], [ 159.949219, 61.128613 ], [ 159.883105, 61.291797 ], [ 160.246875, 61.647607 ], [ 160.309375, 61.894385 ], [ 159.552344, 61.719482 ], [ 159.189258, 61.929395 ], [ 158.070117, 61.753613 ], [ 157.469336, 61.798926 ], [ 157.08418, 61.675684 ], [ 156.680273, 61.480615 ], [ 156.629688, 61.272461 ], [ 156.055957, 60.995605 ], [ 155.716113, 60.682373 ], [ 154.970801, 60.37666 ], [ 154.293066, 59.83335 ], [ 154.149805, 59.528516 ], [ 154.971289, 59.449609 ], [ 155.166699, 59.360156 ], [ 155.160449, 59.190137 ], [ 154.703516, 59.141309 ], [ 154.458008, 59.216553 ], [ 154.010938, 59.075537 ], [ 153.695215, 59.224756 ], [ 153.361133, 59.214795 ], [ 153.272949, 59.091309 ], [ 152.817871, 58.92627 ], [ 152.319629, 59.030762 ], [ 152.087891, 58.910449 ], [ 151.326758, 58.875098 ], [ 151.121094, 59.08252 ], [ 152.260645, 59.223584 ], [ 151.798047, 59.323242 ], [ 151.348242, 59.561133 ], [ 150.483594, 59.494385 ], [ 150.667285, 59.556348 ], [ 149.642578, 59.77041 ], [ 149.065234, 59.630518 ], [ 149.20498, 59.488184 ], [ 148.79707, 59.532324 ], [ 148.744141, 59.373535 ], [ 148.964648, 59.369141 ], [ 148.72666, 59.25791 ], [ 148.491211, 59.262305 ], [ 148.257422, 59.414209 ], [ 147.514453, 59.268555 ], [ 146.537207, 59.456982 ], [ 146.273438, 59.221484 ], [ 146.049512, 59.170557 ], [ 145.55459, 59.413525 ], [ 143.86875, 59.411377 ], [ 142.580273, 59.240137 ], [ 142.025391, 58.999658 ], [ 141.60293, 58.649023 ], [ 140.790234, 58.303467 ], [ 140.446875, 57.813672 ], [ 140.002344, 57.6875 ], [ 138.662109, 56.965527 ], [ 137.691504, 56.139355 ], [ 135.2625, 54.943311 ], [ 135.257715, 54.731494 ], [ 135.851562, 54.583936 ], [ 136.797266, 54.620996 ], [ 136.718848, 53.804102 ], [ 137.155371, 53.82168 ], [ 137.258008, 54.025244 ], [ 137.096191, 54.128564 ], [ 137.141602, 54.182227 ], [ 137.666016, 54.283301 ], [ 137.339258, 54.100537 ], [ 137.834766, 53.946729 ], [ 137.253711, 53.546143 ], [ 137.950488, 53.603564 ], [ 138.52793, 53.959863 ], [ 138.569141, 53.818799 ], [ 138.249707, 53.524023 ], [ 138.450684, 53.537012 ], [ 138.660742, 53.744775 ], [ 138.695703, 54.32002 ], [ 139.319727, 54.192969 ], [ 139.795508, 54.256445 ], [ 140.178711, 54.051562 ], [ 140.34707, 53.812598 ], [ 140.687598, 53.596436 ], [ 141.37373, 53.292773 ], [ 141.402051, 53.183984 ], [ 141.18125, 53.015283 ], [ 140.839648, 53.087891 ], [ 141.255859, 52.840137 ], [ 141.24502, 52.550146 ], [ 141.132422, 52.435693 ], [ 141.485254, 52.178516 ], [ 141.366895, 51.920654 ], [ 140.932617, 51.619922 ], [ 140.520898, 50.800195 ], [ 140.535449, 50.130762 ], [ 140.624512, 50.082422 ], [ 140.462695, 49.911475 ], [ 140.517188, 49.596143 ], [ 140.308984, 49.053906 ], [ 140.37832, 48.964111 ], [ 140.113281, 48.422656 ], [ 139.372656, 47.887354 ], [ 139.001367, 47.383301 ], [ 138.586816, 47.057227 ], [ 138.336914, 46.543408 ], [ 137.685449, 45.818359 ], [ 136.803516, 45.171143 ], [ 136.142285, 44.489111 ], [ 135.874609, 44.373535 ], [ 135.483398, 43.83501 ], [ 135.131055, 43.525732 ], [ 134.010449, 42.947461 ], [ 133.159961, 42.696973 ], [ 132.708984, 42.87583 ], [ 132.303809, 42.883301 ], [ 132.30957, 43.313525 ], [ 131.947266, 43.09541 ], [ 131.866602, 43.095166 ], [ 132.013086, 43.280029 ], [ 131.794727, 43.255273 ], [ 131.158301, 42.626025 ], [ 130.709375, 42.656396 ], [ 130.83418, 42.522949 ], [ 130.729883, 42.325781 ], [ 130.235742, 42.183203 ], [ 129.756348, 41.712256 ], [ 129.686328, 41.594971 ], [ 129.76582, 41.303857 ], [ 129.708691, 40.857324 ], [ 129.341113, 40.726318 ], [ 128.51123, 40.130225 ], [ 127.966602, 39.995605 ], [ 127.568164, 39.781982 ], [ 127.548926, 39.461084 ], [ 127.422266, 39.373584 ], [ 127.394531, 39.20791 ], [ 127.786133, 39.084131 ], [ 128.329492, 38.680908 ], [ 129.418262, 37.059033 ], [ 129.403516, 36.052148 ], [ 129.572852, 36.050537 ], [ 129.561719, 35.947656 ], [ 129.21416, 35.181836 ], [ 128.510938, 35.100977 ], [ 128.418848, 35.015674 ], [ 128.443945, 34.870361 ], [ 128.094531, 34.933594 ], [ 128.03623, 35.021973 ], [ 127.714844, 34.954687 ], [ 127.639355, 34.889697 ], [ 127.71543, 34.721045 ], [ 127.404297, 34.823096 ], [ 127.479102, 34.625244 ], [ 127.324609, 34.463281 ], [ 127.173438, 34.546143 ], [ 127.24707, 34.755127 ], [ 126.897461, 34.438867 ], [ 126.754785, 34.511865 ], [ 126.531445, 34.314258 ], [ 126.481738, 34.493945 ], [ 126.264453, 34.673242 ], [ 126.524512, 34.6979 ], [ 126.472852, 34.756348 ], [ 126.593359, 34.824365 ], [ 126.420703, 34.823389 ], [ 126.291113, 35.15415 ], [ 126.614062, 35.570996 ], [ 126.488477, 35.64707 ], [ 126.753027, 35.871973 ], [ 126.54043, 36.166162 ], [ 126.487695, 36.693799 ], [ 126.180859, 36.691602 ], [ 126.160547, 36.771924 ], [ 126.487012, 37.007471 ], [ 126.784473, 36.948437 ], [ 126.87207, 36.824463 ], [ 126.976855, 36.939404 ], [ 126.746387, 37.193555 ], [ 126.790527, 37.294922 ], [ 126.563379, 37.716504 ], [ 126.633887, 37.781836 ], [ 126.369922, 37.878369 ], [ 126.116699, 37.74292 ], [ 126.050293, 37.869824 ], [ 125.769141, 37.985352 ], [ 125.357813, 37.724805 ], [ 125.310742, 37.843506 ], [ 124.98877, 37.931445 ], [ 125.206738, 38.081543 ], [ 124.690918, 38.129199 ], [ 124.874512, 38.233398 ], [ 125.067383, 38.556738 ], [ 125.554492, 38.68623 ], [ 125.168848, 38.805518 ], [ 125.409668, 39.288379 ], [ 125.36084, 39.526611 ], [ 124.775293, 39.758057 ], [ 124.638281, 39.615088 ], [ 124.557422, 39.790576 ], [ 124.348633, 39.906885 ], [ 124.35, 40.011572 ], [ 124.105762, 39.841016 ], [ 123.650879, 39.881592 ], [ 123.580664, 39.786133 ], [ 122.840039, 39.60083 ], [ 122.334863, 39.366113 ], [ 121.982324, 39.053174 ], [ 121.677246, 39.003418 ], [ 121.649902, 38.865088 ], [ 121.163574, 38.731641 ], [ 121.106738, 38.920801 ], [ 121.679883, 39.108691 ], [ 121.627637, 39.220166 ], [ 121.818457, 39.386523 ], [ 121.275488, 39.384766 ], [ 121.26748, 39.544678 ], [ 121.517578, 39.638965 ], [ 121.517383, 39.844824 ], [ 121.800977, 39.950537 ], [ 122.263867, 40.500195 ], [ 122.14043, 40.688184 ], [ 121.858789, 40.84209 ], [ 121.834863, 40.974268 ], [ 121.729297, 40.846143 ], [ 121.174512, 40.90127 ], [ 120.479102, 40.230957 ], [ 119.391113, 39.75249 ], [ 119.224609, 39.408057 ], [ 118.976953, 39.182568 ], [ 118.297852, 39.06709 ], [ 118.040918, 39.226758 ], [ 117.784668, 39.134473 ], [ 117.553809, 38.691455 ], [ 117.656055, 38.424219 ], [ 118.014941, 38.183398 ], [ 118.8, 38.12666 ], [ 118.940039, 38.042773 ], [ 119.08916, 37.700732 ], [ 118.99082, 37.641357 ], [ 118.952637, 37.331152 ], [ 119.287402, 37.138281 ], [ 119.760547, 37.155078 ], [ 119.88291, 37.35083 ], [ 120.311523, 37.622705 ], [ 120.257227, 37.679004 ], [ 120.75, 37.833936 ], [ 121.640234, 37.460352 ], [ 121.964844, 37.445312 ], [ 122.056641, 37.528906 ], [ 122.337695, 37.405273 ], [ 122.666992, 37.402832 ], [ 122.44668, 37.068115 ], [ 122.519727, 36.946826 ], [ 122.340918, 36.832227 ], [ 122.162402, 36.958643 ], [ 121.932715, 36.959473 ], [ 121.053809, 36.611377 ], [ 120.81084, 36.632812 ], [ 120.895801, 36.444141 ], [ 120.711523, 36.413281 ], [ 120.637891, 36.129932 ], [ 120.393066, 36.053857 ], [ 120.327734, 36.228174 ], [ 120.183301, 36.202441 ], [ 120.094141, 36.118896 ], [ 120.284766, 35.984424 ], [ 119.429688, 35.301416 ], [ 119.165332, 34.848828 ], [ 119.200977, 34.748437 ], [ 119.351367, 34.749414 ], [ 120.266699, 34.274023 ], [ 120.504785, 33.638184 ], [ 120.871094, 33.016504 ], [ 120.853223, 32.661377 ], [ 121.341699, 32.425049 ], [ 121.403906, 32.20625 ], [ 121.751074, 31.992871 ], [ 121.856348, 31.816455 ], [ 121.866309, 31.703564 ], [ 121.680859, 31.712158 ], [ 121.351953, 31.858789 ], [ 120.973535, 31.869385 ], [ 120.520117, 32.105859 ], [ 120.035937, 31.936279 ], [ 120.715527, 31.98374 ], [ 120.787793, 31.819775 ], [ 121.660645, 31.319727 ], [ 121.87793, 30.916992 ], [ 121.418945, 30.789795 ], [ 120.997656, 30.558252 ], [ 120.821484, 30.354639 ], [ 120.449805, 30.387842 ], [ 120.194629, 30.241309 ], [ 120.494531, 30.303076 ], [ 120.633398, 30.133154 ], [ 121.258008, 30.304102 ], [ 121.67793, 29.979102 ], [ 122.08291, 29.870361 ], [ 121.50625, 29.48457 ], [ 121.887988, 29.627783 ], [ 121.968359, 29.490625 ], [ 121.917773, 29.13501 ], [ 121.71748, 29.256348 ], [ 121.447656, 29.131348 ], [ 121.679688, 28.953125 ], [ 121.540039, 28.931885 ], [ 121.6625, 28.851416 ], [ 121.475195, 28.641406 ], [ 121.609961, 28.292139 ], [ 121.272266, 28.222119 ], [ 121.216797, 28.346191 ], [ 121.145703, 28.32666 ], [ 120.958594, 28.037012 ], [ 120.747656, 28.009961 ], [ 120.833008, 27.891455 ], [ 120.5875, 27.580762 ], [ 120.60752, 27.412402 ], [ 120.278711, 27.09707 ], [ 120.086719, 26.671582 ], [ 119.882227, 26.610449 ], [ 119.824219, 26.846387 ], [ 119.710449, 26.728662 ], [ 119.588184, 26.784961 ], [ 119.881055, 26.33418 ], [ 119.463086, 26.054688 ], [ 119.139453, 26.121777 ], [ 119.332031, 25.94873 ], [ 119.61875, 26.003564 ], [ 119.539453, 25.59126 ], [ 119.622461, 25.391162 ], [ 119.180078, 25.449805 ], [ 119.285547, 25.232227 ], [ 118.977539, 25.209277 ], [ 118.909082, 24.928906 ], [ 118.636914, 24.835547 ], [ 118.719141, 24.746143 ], [ 118.657031, 24.621436 ], [ 118.087109, 24.627002 ], [ 118.005957, 24.481982 ], [ 117.842676, 24.474316 ], [ 118.024219, 24.379639 ], [ 118.056055, 24.246094 ], [ 117.628223, 23.836719 ], [ 117.466406, 23.840576 ], [ 117.367676, 23.588623 ], [ 117.29082, 23.714355 ], [ 117.08252, 23.57876 ], [ 116.910645, 23.64668 ], [ 116.860938, 23.453076 ], [ 116.629395, 23.353857 ], [ 116.698828, 23.277783 ], [ 116.538281, 23.179688 ], [ 116.470703, 22.945898 ], [ 116.251855, 22.981348 ], [ 115.852148, 22.801563 ], [ 115.64043, 22.853418 ], [ 115.49834, 22.718848 ], [ 115.195801, 22.817285 ], [ 114.853809, 22.616797 ], [ 114.65166, 22.755273 ], [ 114.554199, 22.528906 ], [ 114.266016, 22.540967 ], [ 114.335254, 22.39624 ], [ 114.267969, 22.295557 ], [ 113.902539, 22.396094 ], [ 114.01543, 22.511914 ], [ 113.619629, 22.861426 ], [ 113.620508, 23.12749 ], [ 113.519727, 23.1021 ], [ 113.331055, 22.912012 ], [ 113.553027, 22.594043 ], [ 113.548145, 22.222607 ], [ 113.149023, 22.075 ], [ 113.08877, 22.207959 ], [ 112.953906, 21.907324 ], [ 112.808594, 21.944629 ], [ 112.586328, 21.776855 ], [ 112.359668, 21.978027 ], [ 112.389746, 21.801221 ], [ 112.30498, 21.741699 ], [ 111.943945, 21.849658 ], [ 111.602734, 21.559082 ], [ 111.016895, 21.511719 ], [ 110.567187, 21.214062 ], [ 110.410937, 21.338135 ], [ 110.374609, 21.172363 ], [ 110.154004, 20.944629 ], [ 110.180371, 20.858594 ], [ 110.36543, 20.837598 ], [ 110.313086, 20.67168 ], [ 110.511523, 20.518262 ], [ 110.344727, 20.294824 ], [ 109.938477, 20.295117 ], [ 109.88584, 20.413135 ], [ 109.968359, 20.448145 ], [ 109.662598, 20.916895 ], [ 109.68125, 21.131641 ], [ 109.930762, 21.480566 ], [ 109.686914, 21.524609 ], [ 109.521484, 21.693408 ], [ 109.544043, 21.537939 ], [ 109.081543, 21.440283 ], [ 109.101758, 21.590479 ], [ 108.77168, 21.630469 ], [ 108.59375, 21.901025 ], [ 108.479883, 21.904639 ], [ 108.502148, 21.633447 ], [ 108.324805, 21.693506 ], [ 108.246289, 21.558398 ], [ 107.809082, 21.497119 ], [ 107.409961, 21.284814 ], [ 107.354297, 21.055176 ], [ 107.164746, 20.94873 ], [ 106.683398, 21.000293 ], [ 106.753418, 20.735059 ], [ 106.550781, 20.526562 ], [ 106.517969, 20.288867 ], [ 105.984082, 19.939062 ], [ 105.621777, 18.966309 ], [ 105.888281, 18.50249 ], [ 106.499023, 17.946436 ], [ 106.478906, 17.71958 ], [ 106.370508, 17.746875 ], [ 107.833789, 16.322461 ], [ 108.029395, 16.331104 ], [ 108.821289, 15.37793 ], [ 109.30332, 13.856445 ], [ 109.271875, 13.279346 ], [ 109.423926, 12.955957 ], [ 109.444922, 12.599609 ], [ 109.335547, 12.751904 ], [ 109.218945, 12.645801 ], [ 109.304688, 12.391162 ], [ 109.206836, 12.415381 ], [ 109.25918, 11.954541 ], [ 109.199121, 11.999023 ], [ 109.198633, 11.724854 ], [ 109.039648, 11.592676 ], [ 108.986719, 11.336377 ], [ 108.094922, 10.897266 ], [ 108.001367, 10.720361 ], [ 107.261523, 10.398389 ], [ 107.006641, 10.660547 ], [ 106.947461, 10.400342 ], [ 106.727344, 10.535645 ], [ 106.605859, 10.464941 ], [ 106.741211, 10.444385 ], [ 106.757422, 10.295801 ], [ 106.464063, 10.298291 ], [ 106.785254, 10.116455 ], [ 106.595605, 9.859863 ], [ 106.136426, 10.22168 ], [ 106.572461, 9.641113 ], [ 106.378027, 9.556104 ], [ 105.830957, 10.000732 ], [ 106.158594, 9.594141 ], [ 106.168359, 9.396729 ], [ 105.500977, 9.093213 ], [ 105.114355, 8.629199 ], [ 104.77041, 8.597656 ], [ 104.896289, 8.746631 ], [ 104.818555, 8.801855 ], [ 104.845215, 9.606152 ], [ 104.903223, 9.81626 ], [ 105.092578, 9.900977 ], [ 105.027832, 10.067432 ], [ 104.801953, 10.202734 ], [ 104.663477, 10.169922 ], [ 104.262402, 10.54126 ], [ 103.870508, 10.655127 ], [ 103.661914, 10.508936 ], [ 103.587109, 10.552197 ], [ 103.54043, 10.668701 ], [ 103.721875, 10.890137 ], [ 103.532422, 11.14668 ], [ 103.353613, 10.921582 ], [ 103.152832, 10.913721 ], [ 103.125488, 11.460645 ], [ 102.594141, 12.203027 ], [ 102.540234, 12.109229 ], [ 102.259082, 12.394336 ], [ 102.22959, 12.331641 ], [ 101.723633, 12.689355 ], [ 100.897754, 12.653809 ], [ 100.962695, 13.431982 ], [ 100.60293, 13.568164 ], [ 100.01748, 13.353174 ], [ 100.089941, 13.045654 ], [ 99.963965, 12.690039 ], [ 99.989062, 12.170801 ], [ 99.627344, 11.462891 ], [ 99.486914, 10.889551 ], [ 99.165039, 10.319824 ], [ 99.253906, 9.265234 ], [ 99.835547, 9.288379 ], [ 99.989551, 8.589209 ], [ 100.129297, 8.428076 ], [ 100.163477, 8.508398 ], [ 100.279395, 8.268506 ], [ 100.545215, 7.226904 ], [ 100.439355, 7.280762 ], [ 100.380371, 7.541504 ], [ 100.283789, 7.551514 ], [ 100.256641, 7.774902 ], [ 100.158203, 7.728125 ], [ 100.160742, 7.599268 ], [ 100.423535, 7.187842 ], [ 100.58623, 7.175977 ], [ 101.017871, 6.860937 ], [ 101.497949, 6.865283 ], [ 101.799219, 6.474609 ], [ 102.340137, 6.172021 ], [ 102.534375, 5.862549 ], [ 103.196973, 5.262158 ], [ 103.453906, 4.669482 ], [ 103.362012, 3.769141 ], [ 103.453516, 3.520605 ], [ 103.439453, 2.933105 ], [ 103.812207, 2.580469 ], [ 103.967773, 2.26123 ], [ 104.288477, 1.480664 ], [ 104.176367, 1.364893 ], [ 103.981445, 1.623633 ], [ 103.991504, 1.454785 ], [ 103.694531, 1.449658 ], [ 103.480273, 1.329492 ], [ 103.356836, 1.546143 ], [ 102.727148, 1.855566 ], [ 101.295508, 2.885205 ], [ 101.299902, 3.253271 ], [ 100.71543, 3.966211 ], [ 100.795508, 4.023389 ], [ 100.614551, 4.373437 ], [ 100.343262, 5.98418 ], [ 100.119141, 6.441992 ], [ 99.695996, 6.87666 ], [ 99.720313, 7.106201 ], [ 99.553027, 7.218799 ], [ 99.596973, 7.355615 ], [ 99.358594, 7.372217 ], [ 99.263672, 7.619043 ], [ 99.077637, 7.718066 ], [ 99.051074, 7.887842 ], [ 98.788672, 8.059814 ], [ 98.703516, 8.256738 ], [ 98.579199, 8.344287 ], [ 98.420996, 8.178223 ], [ 98.305469, 8.226221 ], [ 98.241797, 8.767871 ], [ 98.702539, 10.190381 ], [ 98.562598, 10.034961 ], [ 98.464941, 10.67583 ], [ 98.675586, 10.986914 ], [ 98.741406, 11.591699 ], [ 98.875977, 11.719727 ], [ 98.636328, 11.738379 ], [ 98.696289, 12.225244 ], [ 98.600293, 12.245312 ], [ 98.678711, 12.348486 ], [ 98.575977, 13.161914 ], [ 98.24541, 13.733496 ], [ 98.200391, 13.980176 ], [ 98.149512, 13.647607 ], [ 98.110645, 13.712891 ], [ 98.100195, 14.161523 ], [ 97.909766, 14.652686 ], [ 98.01875, 14.652588 ], [ 97.812305, 14.858936 ], [ 97.710352, 15.875537 ], [ 97.584277, 16.01958 ], [ 97.633691, 16.457666 ], [ 97.725977, 16.568555 ], [ 97.375879, 16.522949 ], [ 97.200195, 17.09541 ], [ 96.851465, 17.401025 ], [ 96.908594, 17.030957 ], [ 96.76543, 16.710352 ], [ 96.431152, 16.504932 ], [ 96.189063, 16.768311 ], [ 96.324316, 16.444434 ], [ 95.763281, 16.169043 ], [ 95.389551, 15.722754 ], [ 95.301465, 15.756152 ], [ 95.346777, 16.097607 ], [ 95.176953, 15.825684 ], [ 94.942578, 15.818262 ], [ 94.893164, 16.182812 ], [ 94.798145, 15.971094 ], [ 94.661523, 15.904395 ], [ 94.70332, 16.511914 ], [ 94.665234, 16.336133 ], [ 94.441602, 16.094385 ], [ 94.223828, 16.016455 ], [ 94.271289, 16.517285 ], [ 94.588965, 17.569336 ], [ 94.430762, 18.20166 ], [ 94.170703, 18.732422 ], [ 94.245703, 18.741162 ], [ 94.07002, 18.893408 ], [ 94.044922, 19.287402 ], [ 93.929199, 18.899658 ], [ 93.705469, 19.026904 ], [ 93.493066, 19.369482 ], [ 93.578613, 19.401172 ], [ 93.824902, 19.238477 ], [ 93.998145, 19.440869 ], [ 93.611719, 19.776074 ], [ 93.707031, 19.912158 ], [ 93.25, 20.070117 ], [ 93.156641, 20.040771 ], [ 93.199023, 19.89834 ], [ 93.129492, 19.858008 ], [ 93.001953, 20.074854 ], [ 93.095508, 20.181348 ], [ 93.015137, 20.185254 ], [ 93.066797, 20.377637 ], [ 92.82832, 20.177588 ], [ 92.891113, 20.340332 ], [ 92.735645, 20.562695 ], [ 92.722852, 20.295605 ], [ 92.307813, 20.79043 ], [ 92.056055, 21.174805 ], [ 91.863379, 22.350488 ], [ 91.79707, 22.297461 ], [ 91.480078, 22.884814 ], [ 91.216211, 22.642236 ], [ 90.945605, 22.597021 ], [ 90.65625, 23.025488 ], [ 90.604004, 23.591357 ], [ 90.555664, 23.421533 ], [ 90.269141, 23.455859 ], [ 90.590918, 23.266406 ], [ 90.595117, 23.133936 ], [ 90.466016, 23.053906 ], [ 90.552246, 22.904883 ], [ 90.435059, 22.751904 ], [ 90.616113, 22.362158 ], [ 90.230566, 21.829785 ], [ 90.071191, 21.887256 ], [ 90.20957, 22.156592 ], [ 89.954199, 22.022852 ], [ 89.918066, 22.116162 ], [ 89.985156, 22.466406 ], [ 89.881836, 22.387598 ], [ 89.811914, 21.983496 ], [ 89.568555, 21.767432 ], [ 89.483203, 22.275537 ], [ 89.500586, 21.914355 ], [ 89.353711, 21.721094 ], [ 89.093945, 21.872754 ], [ 89.051465, 22.093164 ], [ 89.02793, 21.937207 ], [ 88.949316, 21.937939 ], [ 89.05166, 21.654102 ], [ 88.907422, 21.653076 ], [ 88.85752, 21.744678 ], [ 88.74502, 21.584375 ], [ 88.740234, 22.00542 ], [ 88.641602, 22.121973 ], [ 88.584668, 21.659717 ], [ 88.445996, 21.614258 ], [ 88.2875, 21.758203 ], [ 88.253711, 21.622314 ], [ 88.12207, 21.635791 ], [ 88.056836, 21.694141 ], [ 88.196289, 22.139551 ], [ 87.941406, 22.374316 ], [ 87.961621, 22.255029 ], [ 88.159277, 22.121729 ], [ 87.948438, 21.825439 ], [ 87.678223, 21.653516 ], [ 87.100684, 21.500781 ], [ 86.85957, 21.236719 ], [ 86.975488, 20.700146 ], [ 86.750391, 20.313232 ], [ 86.376563, 20.006738 ], [ 86.245215, 20.053027 ], [ 86.311914, 19.987793 ], [ 86.216211, 19.895801 ], [ 85.575, 19.69292 ], [ 85.496875, 19.696924 ], [ 85.559766, 19.753467 ], [ 85.504102, 19.887695 ], [ 85.248633, 19.757666 ], [ 85.180762, 19.594873 ], [ 85.370898, 19.678906 ], [ 85.441602, 19.626562 ], [ 84.770996, 19.125391 ], [ 84.104102, 18.292676 ], [ 83.654297, 18.069873 ], [ 83.19834, 17.608984 ], [ 82.35957, 17.096191 ], [ 82.258789, 16.559863 ], [ 81.761914, 16.329492 ], [ 81.286133, 16.337061 ], [ 80.978711, 15.75835 ], [ 80.646582, 15.89502 ], [ 80.293457, 15.710742 ], [ 80.053418, 15.074023 ], [ 80.178711, 14.47832 ], [ 80.111719, 14.212207 ], [ 80.306543, 13.485059 ], [ 80.15625, 13.71377 ], [ 80.062109, 13.60625 ], [ 80.342383, 13.361328 ], [ 80.229102, 12.690332 ], [ 79.858496, 11.98877 ], [ 79.793359, 11.44668 ], [ 79.693164, 11.312549 ], [ 79.799023, 11.338672 ], [ 79.848633, 11.196875 ], [ 79.838184, 10.322559 ], [ 79.314551, 10.256689 ], [ 78.939941, 9.565771 ], [ 79.019922, 9.33335 ], [ 79.411426, 9.192383 ], [ 78.97959, 9.268555 ], [ 78.421484, 9.105029 ], [ 78.19248, 8.890869 ], [ 78.060156, 8.38457 ], [ 77.517578, 8.07832 ], [ 77.065918, 8.315918 ], [ 76.553418, 8.902783 ], [ 76.324609, 9.4521 ], [ 76.242383, 9.9271 ], [ 76.343066, 9.827344 ], [ 76.375586, 9.539893 ], [ 76.458789, 9.53623 ], [ 76.346484, 9.922119 ], [ 76.195605, 10.086133 ], [ 75.723828, 11.361768 ], [ 75.19668, 12.05752 ], [ 74.945508, 12.564551 ], [ 74.382227, 14.494727 ], [ 73.949219, 15.074756 ], [ 73.800781, 15.396973 ], [ 73.931934, 15.396973 ], [ 73.771777, 15.573047 ], [ 73.832813, 15.659375 ], [ 73.679883, 15.708887 ], [ 73.337598, 16.459863 ], [ 73.156055, 17.621924 ], [ 72.875488, 18.642822 ], [ 73.005566, 19.021094 ], [ 72.97207, 19.15332 ], [ 72.834668, 18.975586 ], [ 72.803027, 19.079297 ], [ 72.811621, 19.298926 ], [ 72.987207, 19.277441 ], [ 72.787891, 19.362988 ], [ 72.667773, 19.830957 ], [ 72.89375, 20.672754 ], [ 72.813867, 21.117188 ], [ 72.692383, 21.177637 ], [ 72.623828, 21.371973 ], [ 72.734766, 21.470801 ], [ 72.613281, 21.461816 ], [ 73.1125, 21.750439 ], [ 72.543066, 21.696582 ], [ 72.700195, 21.971924 ], [ 72.522266, 21.976221 ], [ 72.553027, 22.159961 ], [ 72.80918, 22.233301 ], [ 72.182813, 22.269727 ], [ 72.306445, 22.189209 ], [ 72.274414, 22.089746 ], [ 72.037207, 21.823047 ], [ 72.210352, 21.728223 ], [ 72.254004, 21.531006 ], [ 72.015234, 21.155713 ], [ 71.024609, 20.738867 ], [ 70.485059, 20.840186 ], [ 70.034375, 21.178809 ], [ 68.969922, 22.290283 ], [ 69.05166, 22.437305 ], [ 69.276563, 22.285498 ], [ 70.177246, 22.572754 ], [ 70.513477, 23.00249 ], [ 70.489258, 23.089502 ], [ 70.339453, 22.939746 ], [ 70.118262, 22.947021 ], [ 69.664648, 22.759082 ], [ 68.81709, 23.053711 ], [ 68.41748, 23.571484 ], [ 68.776758, 23.8521 ], [ 68.234961, 23.596973 ], [ 68.165039, 23.857324 ], [ 68.115527, 23.753369 ], [ 67.859961, 23.902686 ], [ 67.668457, 23.810986 ], [ 67.645801, 23.919873 ], [ 67.563086, 23.881836 ], [ 67.309375, 24.174805 ], [ 67.171484, 24.756104 ], [ 66.703027, 24.860937 ], [ 66.698633, 25.226318 ], [ 66.428613, 25.575342 ], [ 66.219043, 25.589893 ], [ 66.131152, 25.493262 ], [ 66.356445, 25.507373 ], [ 66.467676, 25.445312 ], [ 64.77666, 25.307324 ], [ 64.658984, 25.184082 ], [ 64.059375, 25.40293 ], [ 63.556641, 25.353174 ], [ 63.491406, 25.21084 ], [ 62.664746, 25.264795 ], [ 62.315332, 25.134912 ], [ 62.198633, 25.224854 ], [ 61.90791, 25.131299 ], [ 61.533105, 25.195508 ], [ 61.412207, 25.1021 ], [ 60.663867, 25.282227 ], [ 60.510547, 25.437061 ], [ 60.400195, 25.311572 ], [ 59.456055, 25.481494 ], [ 59.046094, 25.417285 ], [ 58.797852, 25.55459 ], [ 57.796094, 25.653027 ], [ 57.33457, 25.791553 ], [ 57.036035, 26.800684 ], [ 56.728125, 27.127686 ], [ 56.356152, 27.200244 ], [ 56.118066, 27.143115 ], [ 55.650293, 26.977539 ], [ 55.424023, 26.770557 ], [ 54.644922, 26.508936 ], [ 54.24707, 26.696631 ], [ 53.705762, 26.725586 ], [ 53.45498, 26.943262 ], [ 52.691602, 27.323389 ], [ 52.475879, 27.616504 ], [ 52.030762, 27.824414 ], [ 51.589063, 27.864209 ], [ 51.278906, 28.131348 ], [ 51.062012, 28.726123 ], [ 50.866992, 28.870166 ], [ 50.875781, 29.062695 ], [ 50.675195, 29.146582 ], [ 50.649609, 29.420068 ], [ 50.168945, 29.92124 ], [ 50.071582, 30.198535 ], [ 49.554883, 30.028955 ], [ 49.001953, 30.373926 ], [ 49.190332, 30.375391 ], [ 49.224512, 30.472314 ], [ 49.001953, 30.506543 ], [ 48.832422, 30.035498 ], [ 48.454199, 29.938477 ], [ 47.98252, 30.011328 ], [ 48.143457, 29.572461 ], [ 47.969629, 29.616699 ], [ 47.722656, 29.393018 ], [ 48.051465, 29.355371 ], [ 48.808984, 27.895898 ], [ 48.797168, 27.724316 ], [ 49.2375, 27.492725 ], [ 49.175098, 27.437646 ], [ 49.405273, 27.180957 ], [ 50.149805, 26.662646 ], [ 50.008105, 26.678516 ], [ 50.213867, 26.308496 ], [ 50.155469, 26.100537 ], [ 50.031641, 26.110986 ], [ 50.081055, 25.961377 ], [ 50.804395, 24.789258 ], [ 50.75459, 25.399268 ], [ 51.003125, 25.981445 ], [ 51.262305, 26.153271 ], [ 51.543066, 25.902393 ], [ 51.485352, 25.524707 ], [ 51.608887, 25.052881 ], [ 51.42793, 24.668262 ], [ 51.267969, 24.607227 ], [ 51.418359, 24.530957 ], [ 51.309863, 24.340381 ], [ 51.605469, 24.338428 ], [ 51.767578, 24.254395 ], [ 51.843164, 24.010889 ], [ 52.118555, 23.971094 ], [ 52.648242, 24.154639 ], [ 53.801758, 24.069482 ], [ 54.147949, 24.171191 ], [ 54.39707, 24.278174 ], [ 54.746777, 24.810449 ], [ 55.941211, 25.793994 ], [ 56.164453, 26.207031 ], [ 56.413086, 26.351172 ], [ 56.297852, 25.650684 ], [ 56.372852, 25.018311 ], [ 56.640625, 24.470312 ], [ 57.219824, 23.922754 ], [ 58.324512, 23.623828 ], [ 58.578027, 23.643457 ], [ 58.773047, 23.517187 ], [ 59.429395, 22.66084 ], [ 59.823242, 22.508984 ], [ 59.824414, 22.305176 ], [ 59.371484, 21.498828 ], [ 58.895703, 21.112793 ], [ 58.474219, 20.406885 ], [ 58.208984, 20.423975 ], [ 58.24502, 20.599219 ], [ 58.169434, 20.589502 ], [ 57.861816, 20.244141 ], [ 57.71416, 19.678418 ], [ 57.811621, 19.01709 ], [ 56.825977, 18.753516 ], [ 56.655078, 18.587354 ], [ 56.550781, 18.165967 ], [ 56.383496, 17.987988 ], [ 55.479102, 17.843262 ], [ 55.255371, 17.585645 ], [ 55.275195, 17.320898 ], [ 55.06416, 17.038916 ], [ 54.771875, 16.964648 ], [ 54.068164, 17.005518 ], [ 53.609863, 16.759961 ], [ 52.581445, 16.470361 ], [ 52.237305, 16.171387 ], [ 52.21748, 15.655518 ], [ 51.322461, 15.22627 ], [ 49.349902, 14.637793 ], [ 48.668359, 14.050146 ], [ 47.989941, 14.048096 ], [ 47.407715, 13.661621 ], [ 46.788867, 13.465576 ], [ 45.657324, 13.338721 ], [ 45.038672, 12.815869 ], [ 44.617773, 12.817236 ], [ 44.358496, 12.669141 ], [ 43.929785, 12.616504 ], [ 43.634375, 12.744482 ], [ 43.487598, 12.698828 ], [ 43.231934, 13.26709 ], [ 43.282422, 13.692529 ], [ 43.089063, 14.010986 ], [ 42.936426, 14.938574 ], [ 42.855664, 15.132959 ], [ 42.657813, 15.232812 ], [ 42.799023, 15.32627 ], [ 42.717188, 15.654639 ], [ 42.839648, 16.032031 ], [ 42.789844, 16.451562 ], [ 42.698828, 16.736963 ], [ 42.383301, 17.122461 ], [ 42.293945, 17.434961 ], [ 41.658008, 18.007666 ], [ 41.229492, 18.678418 ], [ 40.75918, 19.755469 ], [ 40.080664, 20.265918 ], [ 39.72832, 20.390332 ], [ 39.276074, 20.973975 ], [ 39.093555, 21.310352 ], [ 39.14707, 21.518994 ], [ 38.987891, 21.881738 ], [ 39.062012, 22.592187 ], [ 38.46416, 23.711865 ], [ 37.919727, 24.1854 ], [ 37.543066, 24.29165 ], [ 37.180859, 24.82002 ], [ 37.266309, 24.960059 ], [ 37.148828, 25.291113 ], [ 35.180469, 28.034863 ], [ 34.72207, 28.130664 ], [ 34.625, 28.064502 ], [ 34.973438, 29.555029 ], [ 34.736426, 29.270605 ], [ 34.399707, 28.016016 ], [ 34.220117, 27.764307 ], [ 33.760254, 28.047656 ], [ 33.247754, 28.567725 ], [ 33.130176, 28.978271 ], [ 32.721484, 29.521777 ], [ 32.565723, 29.973975 ], [ 32.473047, 29.925439 ], [ 32.359766, 29.630664 ], [ 32.599023, 29.321924 ], [ 32.658887, 28.927734 ], [ 33.54707, 27.898145 ], [ 33.549805, 27.607373 ], [ 33.849316, 27.184912 ], [ 33.959082, 26.649023 ], [ 35.194141, 24.475146 ], [ 35.783887, 23.937793 ], [ 35.54082, 23.920654 ], [ 35.504395, 23.779297 ], [ 35.697852, 22.946191 ], [ 35.913379, 22.739648 ], [ 36.229688, 22.628809 ], [ 36.87041, 22.015771 ], [ 36.926953, 21.586523 ], [ 37.258594, 21.108545 ], [ 37.257227, 21.039404 ], [ 37.150586, 21.10376 ], [ 37.141113, 20.981787 ], [ 37.227539, 20.556738 ], [ 37.193164, 20.120703 ], [ 37.471289, 18.820117 ], [ 37.921875, 18.555908 ], [ 38.201758, 18.249414 ], [ 38.283105, 18.286719 ], [ 38.574023, 18.072949 ], [ 38.911719, 17.427148 ], [ 39.298926, 15.921094 ], [ 39.506543, 15.532129 ], [ 39.785547, 15.124854 ], [ 39.86377, 15.470312 ], [ 40.041016, 15.334521 ], [ 40.204102, 15.014111 ], [ 41.176465, 14.620312 ], [ 41.658203, 13.983057 ], [ 42.245117, 13.587646 ], [ 42.399316, 13.212598 ], [ 42.522852, 13.221484 ], [ 42.796191, 12.864258 ], [ 42.969531, 12.80835 ], [ 42.999023, 12.899512 ], [ 43.08291, 12.824609 ], [ 43.353516, 12.367041 ], [ 43.409766, 12.189941 ], [ 43.336719, 12.027002 ], [ 42.799023, 11.739404 ], [ 42.640039, 11.560107 ], [ 42.521777, 11.572168 ], [ 42.539746, 11.504297 ], [ 43.161719, 11.566016 ], [ 43.441211, 11.346436 ], [ 43.852734, 10.784277 ], [ 44.279297, 10.471875 ], [ 44.942969, 10.436719 ], [ 45.816699, 10.835889 ], [ 46.565039, 10.745996 ], [ 47.40498, 11.174023 ], [ 47.7125, 11.112012 ], [ 48.572559, 11.320508 ], [ 49.062109, 11.27085 ], [ 50.110059, 11.529297 ], [ 50.792285, 11.983691 ], [ 51.254883, 11.830713 ], [ 51.084277, 11.335645 ], [ 51.140625, 10.656885 ], [ 51.031836, 10.444775 ], [ 51.192969, 10.554639 ], [ 51.38457, 10.386523 ], [ 51.208789, 10.431055 ], [ 50.930078, 10.335547 ], [ 50.825, 9.428174 ], [ 50.102832, 8.199805 ], [ 49.852051, 7.962549 ], [ 49.671191, 7.469531 ], [ 49.234961, 6.777344 ], [ 49.049316, 6.173633 ], [ 47.975293, 4.497021 ], [ 46.051172, 2.475146 ], [ 44.920215, 1.810156 ], [ 43.717578, 0.857861 ], [ 41.979883, -0.973047 ], [ 41.386914, -1.866992 ], [ 40.995508, -1.950586 ], [ 40.952148, -2.055957 ], [ 40.889746, -2.023535 ], [ 40.922363, -2.19375 ], [ 40.813184, -2.392383 ], [ 40.644141, -2.539453 ], [ 40.278516, -2.628613 ], [ 40.11543, -3.250586 ], [ 39.860938, -3.576758 ], [ 39.490918, -4.478418 ], [ 39.228125, -4.665527 ], [ 38.804688, -6.070117 ], [ 38.874023, -6.33125 ], [ 39.546094, -7.024023 ], [ 39.288477, -7.517871 ], [ 39.287012, -7.787695 ], [ 39.428418, -7.812793 ], [ 39.441016, -8.011523 ], [ 39.304004, -8.443848 ], [ 39.45127, -8.942969 ], [ 39.641309, -9.19248 ], [ 39.783789, -9.914551 ], [ 39.725195, -10.000488 ], [ 40.38877, -10.353516 ], [ 40.611719, -10.661523 ], [ 40.486621, -10.765137 ], [ 40.597168, -10.830664 ], [ 40.402832, -11.332031 ], [ 40.531543, -12.00459 ], [ 40.487109, -12.492188 ], [ 40.580859, -12.635547 ], [ 40.436816, -12.983105 ], [ 40.56875, -12.984668 ], [ 40.595703, -14.122852 ], [ 40.715625, -14.214453 ], [ 40.646094, -14.538672 ], [ 40.72666, -14.420703 ], [ 40.818164, -14.467578 ], [ 40.835156, -14.791504 ], [ 40.617773, -15.115527 ], [ 40.558984, -15.473438 ], [ 39.983594, -16.225488 ], [ 39.790918, -16.294531 ], [ 39.844629, -16.435645 ], [ 39.084375, -16.972852 ], [ 38.144922, -17.242773 ], [ 37.512305, -17.570703 ], [ 36.939355, -17.993457 ], [ 36.403711, -18.769727 ], [ 36.262891, -18.719629 ], [ 36.235645, -18.861328 ], [ 35.853711, -18.993359 ], [ 34.947852, -19.812695 ], [ 34.649414, -19.701367 ], [ 34.755762, -19.821973 ], [ 34.705078, -20.473047 ], [ 34.982324, -20.80625 ], [ 35.267676, -21.650977 ], [ 35.315723, -22.396875 ], [ 35.383008, -22.45459 ], [ 35.456348, -22.115918 ], [ 35.540234, -22.302637 ], [ 35.490234, -22.657715 ], [ 35.575391, -22.963086 ], [ 35.37041, -23.798242 ], [ 35.541992, -23.824414 ], [ 35.438086, -24.171191 ], [ 34.99209, -24.650586 ], [ 33.347461, -25.260938 ], [ 32.792188, -25.644336 ], [ 32.59043, -26.004102 ], [ 32.848828, -26.268066 ], [ 32.954883, -26.083594 ], [ 32.88916, -26.830469 ], [ 32.534766, -28.199707 ], [ 32.375195, -28.498242 ], [ 31.335156, -29.378125 ], [ 30.472266, -30.714551 ], [ 29.971191, -31.32207 ], [ 27.860645, -33.053906 ], [ 26.613672, -33.707422 ], [ 25.805859, -33.737109 ], [ 25.574219, -34.035352 ], [ 25.00293, -33.973633 ], [ 24.827148, -34.168945 ], [ 24.595508, -34.174512 ], [ 23.697852, -33.992773 ], [ 23.268164, -34.081152 ], [ 22.553809, -34.010059 ], [ 22.245508, -34.069141 ], [ 21.788965, -34.372656 ], [ 20.989844, -34.36748 ], [ 20.529883, -34.463086 ], [ 20.020605, -34.785742 ], [ 19.298242, -34.615039 ], [ 19.330762, -34.492383 ], [ 19.09834, -34.350098 ], [ 18.831348, -34.364063 ], [ 18.752148, -34.082617 ], [ 18.500391, -34.109277 ], [ 18.461621, -34.346875 ], [ 18.352051, -34.188477 ], [ 18.354395, -33.939063 ], [ 18.465039, -33.887793 ], [ 18.433008, -33.717285 ], [ 17.851074, -32.827441 ], [ 17.965234, -32.708594 ], [ 18.125, -32.749121 ], [ 18.325293, -32.50498 ], [ 18.21084, -31.74248 ], [ 17.34707, -30.444824 ], [ 16.739453, -29.009375 ], [ 16.480762, -28.641504 ], [ 15.719043, -27.96582 ], [ 15.341504, -27.386523 ], [ 15.132812, -26.787598 ], [ 15.139063, -26.508008 ], [ 14.967773, -26.318066 ], [ 14.845215, -25.725684 ], [ 14.837109, -25.033203 ], [ 14.501563, -24.201953 ], [ 14.40332, -22.968066 ], [ 14.519922, -22.805176 ], [ 14.462793, -22.449121 ], [ 13.450586, -20.916699 ], [ 13.168359, -20.184668 ], [ 12.458203, -18.926758 ], [ 12.041211, -18.470703 ], [ 11.775879, -18.001758 ], [ 11.72168, -17.466797 ], [ 11.819922, -16.504297 ], [ 11.750879, -15.831934 ], [ 12.016113, -15.513672 ], [ 12.550488, -13.437793 ], [ 12.897656, -13.027734 ], [ 12.983203, -12.775684 ], [ 13.416992, -12.52041 ], [ 13.685547, -12.123828 ], [ 13.847461, -11.054395 ], [ 13.721387, -10.633594 ], [ 13.332227, -9.998926 ], [ 12.998535, -9.048047 ], [ 13.358984, -8.687207 ], [ 13.378516, -8.369727 ], [ 12.862305, -7.231836 ], [ 12.823438, -6.954785 ], [ 12.283301, -6.124316 ], [ 13.068164, -5.864844 ], [ 12.45293, -6.000488 ], [ 12.24043, -5.807324 ], [ 12.155469, -5.632715 ], [ 12.177148, -5.324805 ], [ 11.777539, -4.56582 ], [ 10.347656, -3.013086 ], [ 9.72207, -2.467578 ], [ 10.062012, -2.549902 ], [ 9.624609, -2.36709 ], [ 9.298926, -1.903027 ], [ 9.482813, -1.962305 ], [ 9.483203, -1.894629 ], [ 9.265625, -1.825098 ], [ 9.036328, -1.308887 ], [ 9.318848, -1.632031 ], [ 9.501074, -1.555176 ], [ 9.295801, -1.515234 ], [ 9.34668, -1.325 ], [ 9.203809, -1.382422 ], [ 9.064648, -1.29834 ], [ 8.703125, -0.591016 ], [ 8.821387, -0.708398 ], [ 8.946387, -0.68877 ], [ 9.29668, -0.35127 ], [ 9.354883, 0.343604 ], [ 9.468164, 0.159766 ], [ 9.796777, 0.044238 ], [ 10.001465, 0.194971 ], [ 9.546484, 0.295947 ], [ 9.324805, 0.5521 ], [ 9.495313, 0.664844 ], [ 9.617969, 0.576514 ], [ 9.599414, 1.054443 ], [ 9.385938, 1.139258 ], [ 9.807031, 1.92749 ], [ 9.948438, 3.079053 ], [ 9.67207, 3.537598 ], [ 9.765723, 3.623828 ], [ 9.642383, 3.611768 ], [ 9.556152, 3.798047 ], [ 9.739648, 3.85293 ], [ 9.639941, 3.965332 ], [ 9.688867, 4.056396 ], [ 9.483691, 4.066113 ], [ 9.425293, 3.922314 ], [ 9.000098, 4.091602 ], [ 8.918262, 4.55376 ], [ 8.660352, 4.670996 ], [ 8.689648, 4.550244 ], [ 8.574414, 4.526221 ], [ 8.570508, 4.7521 ], [ 8.431348, 4.74624 ], [ 8.252734, 4.923975 ], [ 8.293066, 4.557617 ], [ 7.644238, 4.525342 ], [ 7.530762, 4.655176 ], [ 7.459863, 4.555225 ], [ 7.284375, 4.547656 ], [ 7.076563, 4.716162 ], [ 7.154688, 4.514404 ], [ 6.923242, 4.390674 ], [ 6.767676, 4.724707 ], [ 6.860352, 4.37334 ], [ 6.633008, 4.340234 ], [ 6.57998, 4.475977 ], [ 6.55459, 4.341406 ], [ 6.263672, 4.309424 ], [ 6.270996, 4.432129 ], [ 6.205566, 4.292285 ], [ 6.076563, 4.290625 ], [ 5.587793, 4.647217 ], [ 5.493262, 4.83877 ], [ 5.367969, 5.337744 ], [ 5.549707, 5.474219 ], [ 5.38584, 5.401758 ], [ 5.199219, 5.533545 ], [ 5.456641, 5.611719 ], [ 5.327344, 5.70752 ], [ 5.112402, 5.641553 ], [ 4.861035, 6.026318 ], [ 4.431348, 6.348584 ], [ 3.450781, 6.427051 ], [ 3.716992, 6.597949 ], [ 3.430176, 6.525 ], [ 3.335547, 6.396924 ], [ 2.286914, 6.328076 ], [ 1.310645, 6.146875 ], [ 1.105566, 6.051367 ], [ 0.949707, 5.810254 ], [ 0.259668, 5.757324 ], [ -2.001855, 4.762451 ], [ -3.246387, 5.114062 ], [ -3.019141, 5.130811 ], [ -3.168701, 5.203027 ], [ -3.199951, 5.354492 ], [ -3.347559, 5.130664 ], [ -4.120166, 5.309717 ], [ -4.608887, 5.235889 ], [ -4.037207, 5.230127 ], [ -4.899707, 5.13833 ], [ -5.282373, 5.210254 ], [ -5.367529, 5.150781 ], [ -5.061816, 5.130664 ], [ -5.91377, 5.010937 ], [ -7.544971, 4.351318 ], [ -8.259033, 4.58999 ], [ -9.132178, 5.054639 ], [ -10.276367, 6.077637 ], [ -10.785596, 6.310156 ], [ -10.849023, 6.465088 ], [ -11.291602, 6.688232 ], [ -11.733447, 7.088574 ], [ -12.485645, 7.386279 ], [ -12.480273, 7.753271 ], [ -12.697607, 7.715869 ], [ -12.850879, 7.818701 ], [ -12.956934, 8.145312 ], [ -13.148975, 8.2146 ], [ -13.272754, 8.429736 ], [ -13.08501, 8.424756 ], [ -12.894092, 8.629785 ], [ -13.181836, 8.576904 ], [ -13.206934, 8.843115 ], [ -13.059473, 8.881152 ], [ -13.271631, 8.987402 ], [ -13.269482, 9.170557 ], [ -13.436279, 9.420312 ], [ -13.691357, 9.535791 ], [ -13.689795, 9.927783 ], [ -13.820117, 9.887207 ], [ -14.04502, 10.14126 ], [ -14.426904, 10.24834 ], [ -14.60957, 10.549854 ], [ -14.593506, 10.766699 ], [ -14.677344, 10.688965 ], [ -14.775928, 10.931641 ], [ -14.886719, 10.968066 ], [ -15.012402, 10.804346 ], [ -15.05459, 11.141943 ], [ -15.222119, 11.030908 ], [ -15.216699, 11.15625 ], [ -15.393115, 11.217236 ], [ -15.348437, 11.378076 ], [ -15.479492, 11.410303 ], [ -15.429102, 11.498877 ], [ -15.072656, 11.597803 ], [ -15.230371, 11.686768 ], [ -15.412988, 11.615234 ], [ -15.500244, 11.778369 ], [ -15.078271, 11.968994 ], [ -15.941748, 11.786621 ], [ -15.920215, 11.937793 ], [ -16.138428, 11.917285 ], [ -16.328076, 12.051611 ], [ -16.24458, 12.237109 ], [ -16.436816, 12.20415 ], [ -16.784863, 12.47251 ], [ -16.442871, 12.609473 ], [ -16.597656, 12.715283 ], [ -16.767969, 12.628418 ], [ -16.824805, 13.341064 ], [ -16.750391, 13.425391 ], [ -16.669336, 13.475 ], [ -16.556445, 13.303223 ], [ -16.413379, 13.269727 ], [ -16.185059, 13.282715 ], [ -16.158398, 13.384033 ], [ -15.42749, 13.468359 ], [ -16.440527, 13.353174 ], [ -16.766943, 13.904932 ], [ -16.618115, 14.040527 ], [ -16.791748, 14.00415 ], [ -17.168066, 14.640625 ], [ -17.345801, 14.729297 ], [ -17.44502, 14.651611 ], [ -17.535645, 14.755127 ], [ -17.147168, 14.922021 ], [ -16.570752, 15.734424 ], [ -16.463623, 16.601514 ], [ -16.078906, 17.54585 ], [ -16.084961, 18.521191 ], [ -16.213086, 19.00332 ], [ -16.514453, 19.361963 ], [ -16.305273, 19.512646 ], [ -16.444873, 19.473145 ], [ -16.283398, 19.787158 ], [ -16.210449, 20.22793 ], [ -16.429785, 20.652344 ], [ -16.53042, 20.709521 ], [ -16.562695, 20.60415 ], [ -16.62251, 20.63418 ], [ -16.876074, 21.086133 ], [ -16.998242, 21.039697 ], [ -17.048047, 20.806152 ], [ -17.098779, 20.856885 ], [ -16.930859, 21.9 ], [ -16.35874, 22.594531 ], [ -16.210254, 23.0979 ], [ -15.789258, 23.792871 ], [ -15.980713, 23.670312 ], [ -15.899316, 23.844434 ], [ -14.904297, 24.719775 ], [ -14.794922, 25.40415 ], [ -14.470557, 26.163037 ], [ -13.575781, 26.735107 ], [ -13.175977, 27.655713 ], [ -12.948926, 27.91416 ], [ -11.552686, 28.310107 ], [ -10.486475, 29.064941 ], [ -10.200586, 29.380371 ], [ -9.66709, 30.109277 ], [ -9.65293, 30.447559 ], [ -9.875488, 30.71792 ], [ -9.808691, 31.424609 ], [ -9.347461, 32.086377 ], [ -9.24585, 32.572461 ], [ -8.512842, 33.252441 ], [ -6.900977, 33.969043 ], [ -6.353125, 34.776074 ], [ -5.924805, 35.785791 ], [ -5.277832, 35.902734 ], [ -5.337646, 35.745215 ], [ -5.252686, 35.614746 ], [ -4.62832, 35.206396 ], [ -4.32998, 35.161475 ], [ -3.693262, 35.27998 ], [ -3.394727, 35.211816 ], [ -2.972217, 35.407275 ], [ -2.839941, 35.127832 ], [ -1.913281, 35.094238 ], [ -0.91748, 35.668408 ], [ -0.426123, 35.861523 ], [ -0.048242, 35.832812 ], [ 0.312207, 36.162354 ], [ 1.257227, 36.51958 ], [ 2.593359, 36.600684 ], [ 2.972852, 36.784473 ], [ 3.520508, 36.795117 ], [ 3.779004, 36.896191 ], [ 4.758105, 36.896338 ], [ 5.29541, 36.648242 ], [ 6.064746, 36.864258 ], [ 6.486523, 37.085742 ], [ 6.927539, 36.919434 ], [ 7.238477, 36.968506 ], [ 7.204297, 37.092383 ], [ 7.432422, 37.059277 ], [ 7.910449, 36.856348 ], [ 8.823535, 36.997607 ], [ 9.141992, 37.194629 ], [ 9.687988, 37.340381 ], [ 9.838477, 37.308984 ], [ 9.830273, 37.135352 ], [ 9.875586, 37.25415 ], [ 10.196387, 37.205859 ], [ 10.293262, 36.781494 ], [ 10.412305, 36.731836 ], [ 10.951367, 37.059277 ], [ 11.053906, 37.07251 ], [ 11.12666, 36.874072 ], [ 10.487988, 36.254883 ], [ 10.59082, 35.887256 ], [ 11.004297, 35.633838 ], [ 11.120117, 35.240283 ], [ 10.690918, 34.678467 ], [ 10.064844, 34.211621 ], [ 10.049023, 34.056299 ], [ 10.305273, 33.728271 ], [ 10.713184, 33.689014 ], [ 10.722754, 33.514404 ], [ 10.958008, 33.626318 ], [ 11.257422, 33.308838 ], [ 11.202637, 33.249219 ], [ 11.813477, 33.093701 ], [ 12.279883, 32.858545 ], [ 12.753516, 32.801074 ], [ 13.283496, 32.914648 ], [ 14.155664, 32.709766 ], [ 14.513379, 32.511084 ], [ 15.176563, 32.391162 ], [ 15.359082, 32.159668 ], [ 15.496387, 31.656787 ], [ 15.705957, 31.426416 ], [ 16.123047, 31.264453 ], [ 16.781543, 31.214746 ], [ 17.830469, 30.927588 ], [ 18.936426, 30.29043 ], [ 19.291699, 30.288086 ], [ 19.589844, 30.41377 ], [ 20.013184, 30.800684 ], [ 20.141113, 31.195508 ], [ 19.926367, 31.817529 ], [ 20.121484, 32.21875 ], [ 20.621094, 32.580176 ], [ 21.062305, 32.775537 ], [ 21.424707, 32.79917 ], [ 21.635938, 32.937305 ], [ 22.187402, 32.918262 ], [ 23.090625, 32.61875 ], [ 23.10625, 32.331445 ], [ 23.286328, 32.213818 ], [ 23.797656, 32.158691 ], [ 24.129688, 32.009229 ], [ 24.878516, 31.984277 ], [ 25.225488, 31.533789 ], [ 25.893262, 31.620898 ], [ 26.768652, 31.470361 ], [ 27.967578, 31.097412 ], [ 28.514844, 31.050439 ], [ 29.07207, 30.830273 ], [ 29.428516, 30.927441 ], [ 29.929785, 31.22749 ], [ 30.222656, 31.258398 ], [ 30.395117, 31.457617 ], [ 30.923535, 31.566846 ], [ 30.562988, 31.416992 ], [ 31.001758, 31.462793 ], [ 31.08291, 31.60332 ], [ 31.524414, 31.458252 ], [ 31.888965, 31.541406 ], [ 32.136035, 31.341064 ], [ 31.892188, 31.482471 ], [ 31.771094, 31.292578 ], [ 32.008496, 31.220508 ], [ 32.101758, 31.092822 ], [ 32.281836, 31.200879 ], [ 32.250586, 31.294922 ], [ 32.60332, 31.06875 ], [ 33.902539, 31.180957 ], [ 34.483984, 31.592285 ], [ 35.647852, 34.248242 ], [ 35.97793, 34.547412 ], [ 35.902441, 35.420703 ], [ 35.764453, 35.571582 ], [ 35.956934, 35.998145 ], [ 35.810938, 36.309863 ], [ 36.188477, 36.658984 ], [ 36.180078, 36.807227 ], [ 36.048926, 36.910596 ], [ 35.393164, 36.575195 ], [ 34.703613, 36.816797 ], [ 33.694727, 36.181982 ], [ 32.794824, 36.035889 ], [ 32.377734, 36.183643 ], [ 32.021973, 36.535303 ], [ 31.240625, 36.821729 ], [ 30.644043, 36.865674 ], [ 30.446094, 36.269873 ], [ 30.231641, 36.307324 ], [ 29.689063, 36.156689 ], [ 29.223633, 36.324463 ], [ 28.969629, 36.715332 ], [ 28.816895, 36.675293 ], [ 28.303711, 36.811963 ], [ 28.111523, 36.646387 ], [ 28.019434, 36.634473 ], [ 28.083984, 36.751465 ], [ 27.54043, 36.684229 ], [ 27.466895, 36.746338 ], [ 28.005371, 36.831982 ], [ 28.242383, 37.029053 ], [ 27.262988, 36.976562 ], [ 27.300195, 37.126855 ], [ 27.535059, 37.163867 ], [ 27.520117, 37.249121 ], [ 27.219238, 37.38916 ], [ 27.067969, 37.65791 ], [ 27.224414, 37.725439 ], [ 27.232422, 37.978662 ], [ 26.290723, 38.277197 ], [ 26.416406, 38.367871 ], [ 26.377832, 38.62417 ], [ 26.441309, 38.641211 ], [ 26.586523, 38.557031 ], [ 26.674219, 38.335742 ], [ 26.727344, 38.418604 ], [ 27.144238, 38.451953 ], [ 26.906836, 38.481738 ], [ 26.763672, 38.709619 ], [ 27.013672, 38.886865 ], [ 26.814941, 38.960986 ], [ 26.853613, 39.115625 ], [ 26.681836, 39.292236 ], [ 26.899219, 39.549658 ], [ 26.113086, 39.467383 ], [ 26.181348, 39.990088 ], [ 26.738086, 40.400244 ], [ 27.28457, 40.455615 ], [ 27.475586, 40.319922 ], [ 27.728027, 40.328809 ], [ 27.848535, 40.381738 ], [ 27.731836, 40.481494 ], [ 27.874902, 40.512939 ], [ 27.989551, 40.489453 ], [ 27.962598, 40.369873 ], [ 29.007129, 40.389746 ], [ 28.787891, 40.534033 ], [ 29.849219, 40.760107 ], [ 29.364746, 40.809277 ], [ 29.113867, 40.937842 ], [ 29.045508, 41.007568 ], [ 29.148145, 41.221045 ], [ 31.254883, 41.107617 ], [ 31.458008, 41.32002 ], [ 32.306445, 41.72959 ], [ 33.381348, 42.017578 ], [ 34.750488, 41.956836 ], [ 35.006445, 42.063281 ], [ 35.154883, 42.027539 ], [ 35.12207, 41.891113 ], [ 35.297754, 41.728516 ], [ 35.558008, 41.634033 ], [ 36.051758, 41.682568 ], [ 36.179199, 41.426562 ], [ 36.405371, 41.274609 ], [ 36.777734, 41.363477 ], [ 37.066211, 41.184424 ], [ 38.381055, 40.924512 ], [ 39.426367, 41.106445 ], [ 40.265234, 40.961328 ], [ 41.414355, 41.423633 ], [ 41.701758, 41.70542 ], [ 41.762988, 41.97002 ], [ 41.419434, 42.737646 ], [ 39.873633, 43.472803 ], [ 38.717285, 44.288086 ], [ 38.18125, 44.419678 ], [ 37.851465, 44.698828 ], [ 37.495117, 44.695264 ], [ 37.204785, 44.971973 ], [ 36.627637, 45.151318 ], [ 36.941211, 45.289697 ], [ 36.72041, 45.371875 ], [ 36.865918, 45.427051 ], [ 37.213574, 45.272314 ], [ 37.647168, 45.377197 ], [ 37.612402, 45.564697 ], [ 37.933105, 46.001709 ], [ 38.014258, 46.047754 ], [ 38.07959, 45.934814 ], [ 38.183594, 46.094824 ], [ 38.492285, 46.090527 ], [ 38.077734, 46.394336 ], [ 37.913867, 46.406494 ], [ 37.766504, 46.636133 ], [ 38.500977, 46.663672 ], [ 38.438672, 46.813086 ], [ 39.270703, 47.044141 ], [ 39.195703, 47.268848 ], [ 38.668164, 47.143945 ], [ 38.552441, 47.150342 ], [ 38.761914, 47.261621 ], [ 38.577246, 47.239111 ], [ 38.17832, 47.080225 ], [ 37.543359, 47.074561 ], [ 36.794824, 46.714404 ], [ 36.558789, 46.762695 ], [ 35.827148, 46.624316 ], [ 35.204395, 46.169189 ], [ 35.014551, 46.106006 ], [ 35.280176, 46.279492 ], [ 35.230371, 46.440625 ], [ 34.849609, 46.189893 ], [ 34.857324, 45.987354 ], [ 35.022852, 45.700977 ], [ 35.45752, 45.316309 ], [ 36.170508, 45.453076 ], [ 36.575, 45.393555 ], [ 36.393359, 45.065381 ], [ 35.870117, 45.005322 ], [ 35.472559, 45.098486 ], [ 35.087695, 44.802637 ], [ 34.469922, 44.72168 ], [ 34.281738, 44.538428 ], [ 33.909961, 44.387598 ], [ 33.450684, 44.553662 ], [ 33.612207, 44.907812 ], [ 33.555176, 45.097656 ], [ 32.918652, 45.348145 ], [ 32.611328, 45.328076 ], [ 32.508008, 45.403809 ], [ 33.664844, 45.94707 ], [ 33.594141, 46.09624 ], [ 33.429883, 46.057617 ], [ 33.202246, 46.175732 ], [ 32.476758, 46.083691 ], [ 31.83125, 46.281689 ], [ 31.77998, 46.324658 ], [ 32.008496, 46.42998 ], [ 31.554883, 46.554297 ], [ 32.361328, 46.474951 ], [ 32.578027, 46.615625 ], [ 32.354102, 46.564844 ], [ 32.044336, 46.64248 ], [ 31.939551, 46.981982 ], [ 31.75918, 47.212842 ], [ 31.912695, 46.926123 ], [ 31.872852, 46.649756 ], [ 31.532129, 46.664746 ], [ 31.563379, 46.777295 ], [ 31.40293, 46.628809 ], [ 30.796289, 46.552002 ], [ 30.656738, 46.266504 ], [ 30.219043, 45.866748 ], [ 29.628418, 45.722461 ], [ 29.726953, 45.343311 ], [ 29.55752, 44.843408 ], [ 29.048242, 44.757568 ], [ 29.095313, 44.975049 ], [ 28.930566, 44.96582 ], [ 28.807031, 44.565039 ], [ 28.888184, 44.574756 ], [ 28.64541, 44.295654 ], [ 28.561816, 43.501318 ], [ 28.46543, 43.389307 ], [ 28.133691, 43.395605 ], [ 27.928906, 43.186133 ], [ 27.888867, 42.749707 ], [ 27.484766, 42.468066 ], [ 27.982715, 42.047412 ], [ 27.987305, 41.854883 ], [ 28.197852, 41.554492 ], [ 29.057227, 41.229736 ], [ 28.95625, 41.008203 ], [ 28.172168, 41.080713 ], [ 27.499414, 40.973145 ], [ 27.258008, 40.687354 ], [ 26.77207, 40.498047 ], [ 26.202734, 40.075391 ], [ 26.253809, 40.314697 ], [ 26.79209, 40.626611 ], [ 26.105469, 40.611328 ], [ 25.855664, 40.844092 ], [ 25.104492, 40.994727 ], [ 24.792969, 40.85752 ], [ 24.477051, 40.947754 ], [ 24.082324, 40.724072 ], [ 23.762793, 40.747803 ], [ 23.866797, 40.418555 ], [ 24.212793, 40.327783 ], [ 24.343359, 40.147705 ], [ 23.913184, 40.358789 ], [ 23.72793, 40.329736 ], [ 23.96748, 40.114551 ], [ 23.94707, 39.965576 ], [ 23.664551, 40.223828 ], [ 23.42627, 40.263965 ], [ 23.433203, 40.11543 ], [ 23.627344, 39.924072 ], [ 23.395605, 39.989844 ], [ 23.312012, 40.216455 ], [ 22.896484, 40.399902 ], [ 22.922266, 40.590869 ], [ 22.629492, 40.495557 ], [ 22.592188, 40.036914 ], [ 23.327734, 39.174902 ], [ 23.154688, 39.101465 ], [ 23.161719, 39.257764 ], [ 22.921387, 39.306348 ], [ 22.838965, 39.258594 ], [ 22.886035, 39.169971 ], [ 22.965527, 39.030908 ], [ 23.066699, 39.037939 ], [ 22.569141, 38.86748 ], [ 23.25293, 38.66123 ], [ 23.683984, 38.352441 ], [ 23.966992, 38.275 ], [ 24.024512, 38.139795 ], [ 24.019727, 37.677734 ], [ 23.501758, 38.034863 ], [ 23.036328, 37.878369 ], [ 23.197559, 37.620215 ], [ 23.396191, 37.579785 ], [ 23.489258, 37.440186 ], [ 23.161523, 37.333838 ], [ 23.015137, 37.481787 ], [ 22.725391, 37.542139 ], [ 23.160156, 36.448096 ], [ 22.717188, 36.793945 ], [ 22.608398, 36.779736 ], [ 22.489453, 36.446924 ], [ 22.427734, 36.475781 ], [ 22.375977, 36.701904 ], [ 22.080469, 37.028955 ], [ 21.955566, 36.990088 ], [ 21.892383, 36.737305 ], [ 21.58291, 37.080957 ], [ 21.678906, 37.387207 ], [ 21.124707, 37.891602 ], [ 21.403711, 38.19668 ], [ 21.658398, 38.175098 ], [ 21.824707, 38.328125 ], [ 22.920313, 37.958301 ], [ 22.893164, 38.050928 ], [ 23.12207, 38.07334 ], [ 23.148926, 38.176074 ], [ 22.42168, 38.438525 ], [ 22.319922, 38.356836 ], [ 21.965332, 38.412451 ], [ 21.472559, 38.321387 ], [ 21.331055, 38.487305 ], [ 21.30332, 38.373926 ], [ 21.182617, 38.345557 ], [ 20.768555, 38.874414 ], [ 21.111621, 38.896289 ], [ 21.118359, 39.02998 ], [ 20.779688, 39.008545 ], [ 20.300781, 39.3271 ], [ 19.851855, 40.043555 ], [ 19.398145, 40.284863 ], [ 19.322266, 40.40708 ], [ 19.45918, 40.405371 ], [ 19.3375, 40.663818 ], [ 19.46123, 40.933301 ], [ 19.440625, 41.424756 ], [ 19.577539, 41.7875 ], [ 19.186426, 41.948633 ], [ 18.645898, 42.442725 ], [ 17.04541, 43.014893 ], [ 17.723633, 42.850684 ], [ 16.903125, 43.392432 ], [ 16.393945, 43.543359 ], [ 15.985547, 43.519775 ], [ 15.941504, 43.656641 ], [ 15.18584, 44.172119 ], [ 15.122949, 44.256787 ], [ 15.470996, 44.271973 ], [ 14.981348, 44.60293 ], [ 14.85459, 45.081006 ], [ 14.550488, 45.297705 ], [ 14.312695, 45.337793 ], [ 13.96582, 44.835645 ], [ 13.860742, 44.837402 ], [ 13.629297, 45.108203 ], [ 13.517188, 45.481787 ], [ 13.783301, 45.627246 ], [ 13.62832, 45.770947 ], [ 13.465137, 45.709961 ], [ 13.206348, 45.771387 ], [ 13.030273, 45.6375 ], [ 12.274316, 45.446045 ], [ 12.225684, 45.241504 ], [ 12.523438, 44.967969 ], [ 12.384473, 44.79834 ], [ 12.278906, 44.832227 ], [ 12.24834, 44.72251 ], [ 12.396289, 44.223877 ], [ 13.56416, 43.571289 ], [ 14.010449, 42.689551 ], [ 14.540723, 42.244287 ], [ 15.16875, 41.934033 ], [ 16.164648, 41.896191 ], [ 16.15127, 41.758496 ], [ 15.91377, 41.62085 ], [ 15.900488, 41.512061 ], [ 17.95498, 40.655176 ], [ 18.460645, 40.221045 ], [ 18.34375, 39.821387 ], [ 18.07793, 39.936963 ], [ 17.865039, 40.280176 ], [ 17.395801, 40.340234 ], [ 17.17998, 40.502783 ], [ 16.928223, 40.458057 ], [ 16.669629, 40.137207 ], [ 16.521875, 39.747559 ], [ 17.114551, 39.380615 ], [ 17.174609, 38.998096 ], [ 16.616699, 38.800146 ], [ 16.545605, 38.409082 ], [ 16.282422, 38.249561 ], [ 16.056836, 37.941846 ], [ 15.724512, 37.939111 ], [ 15.645801, 38.034229 ], [ 15.643066, 38.175391 ], [ 15.904785, 38.483496 ], [ 15.878906, 38.613916 ], [ 16.196777, 38.759229 ], [ 16.209961, 38.941113 ], [ 15.692773, 39.990186 ], [ 14.950879, 40.239014 ], [ 14.947656, 40.469336 ], [ 14.765723, 40.668408 ], [ 14.339941, 40.598828 ], [ 14.460547, 40.728711 ], [ 14.044336, 40.812256 ], [ 13.733398, 41.235645 ], [ 13.088672, 41.243848 ], [ 12.630859, 41.469678 ], [ 11.637305, 42.287549 ], [ 11.296289, 42.423291 ], [ 11.141211, 42.389893 ], [ 11.167773, 42.535156 ], [ 10.708398, 42.936328 ], [ 10.514844, 42.967529 ], [ 10.520801, 43.203809 ], [ 10.188086, 43.94751 ], [ 9.289355, 44.319238 ], [ 8.76582, 44.422314 ], [ 8.551953, 44.346143 ], [ 8.00498, 43.876758 ], [ 7.261523, 43.696094 ], [ 6.570215, 43.199072 ], [ 6.115918, 43.072363 ], [ 5.406543, 43.228516 ], [ 5.059766, 43.444531 ], [ 4.712109, 43.373291 ], [ 4.052637, 43.593066 ], [ 3.258887, 43.193213 ], [ 3.043066, 42.837891 ], [ 3.090918, 42.590869 ], [ 3.306738, 42.288965 ], [ 3.166406, 42.256494 ], [ 3.150391, 42.162451 ], [ 3.248047, 41.944238 ], [ 2.082617, 41.287402 ], [ 1.03291, 41.062061 ], [ 0.714648, 40.822852 ], [ 0.891113, 40.722363 ], [ 0.596094, 40.614502 ], [ -0.327002, 39.519873 ], [ -0.204932, 39.062598 ], [ 0.201563, 38.75918 ], [ -0.520801, 38.317285 ], [ -0.814648, 37.769922 ], [ -0.721582, 37.631055 ], [ -1.327539, 37.561133 ], [ -1.640967, 37.386963 ], [ -2.111523, 36.77666 ], [ -2.452832, 36.831152 ], [ -2.787549, 36.714746 ], [ -4.366846, 36.718115 ], [ -4.674121, 36.506445 ], [ -5.171484, 36.423779 ], [ -5.360937, 36.134912 ], [ -5.625488, 36.025928 ], [ -6.040674, 36.188428 ], [ -6.268945, 36.596729 ], [ -6.384131, 36.637012 ], [ -6.412256, 36.728857 ], [ -6.216797, 36.913574 ], [ -6.396191, 36.831641 ], [ -6.884619, 37.194238 ], [ -6.86377, 37.278906 ], [ -6.974658, 37.198437 ], [ -7.493604, 37.168311 ], [ -7.834131, 37.005713 ], [ -8.597656, 37.121338 ], [ -8.997803, 37.032275 ], [ -8.81416, 37.430811 ], [ -8.878955, 37.958691 ], [ -8.802246, 38.183838 ], [ -8.881104, 38.44668 ], [ -8.668311, 38.424316 ], [ -8.798877, 38.518164 ], [ -9.213281, 38.448096 ], [ -9.250391, 38.656738 ], [ -9.021484, 38.746875 ], [ -8.938086, 38.998096 ], [ -8.791602, 39.078174 ], [ -8.954297, 39.016064 ], [ -9.135791, 38.742773 ], [ -9.356738, 38.6979 ], [ -9.479736, 38.798779 ], [ -9.374756, 39.338281 ], [ -9.148291, 39.542578 ], [ -8.837842, 40.115674 ], [ -8.872656, 40.259082 ], [ -8.684619, 40.752539 ], [ -8.659814, 41.086279 ], [ -8.805664, 41.56001 ], [ -8.75542, 41.698389 ], [ -8.887598, 41.7646 ], [ -8.777148, 41.941064 ], [ -8.87832, 41.946875 ], [ -8.887207, 42.105273 ], [ -8.690918, 42.27417 ], [ -8.81582, 42.285254 ], [ -8.730029, 42.411719 ], [ -8.811523, 42.640332 ], [ -9.033105, 42.593848 ], [ -8.927197, 42.798584 ], [ -9.235205, 42.976904 ], [ -9.178076, 43.174023 ], [ -8.873682, 43.334424 ], [ -8.355469, 43.396826 ], [ -8.248926, 43.439404 ], [ -8.256738, 43.579883 ], [ -7.698145, 43.764551 ], [ -7.060986, 43.553955 ], [ -5.84668, 43.645068 ], [ -4.523047, 43.415723 ], [ -3.604639, 43.519482 ], [ -3.045605, 43.371582 ], [ -2.875049, 43.454443 ], [ -1.991309, 43.345068 ], [ -1.484863, 43.56377 ], [ -1.245508, 44.559863 ], [ -1.076953, 44.689844 ], [ -1.152881, 44.764014 ], [ -1.245215, 44.666699 ], [ -1.081006, 45.532422 ], [ -0.826318, 45.380664 ], [ -0.691113, 45.093457 ], [ -0.548486, 45.000586 ], [ -0.790771, 45.468018 ], [ -1.195996, 45.714453 ], [ -1.031738, 45.741064 ], [ -1.146289, 46.311377 ], [ -1.786523, 46.514844 ], [ -2.09248, 46.865039 ], [ -2.018896, 47.037646 ], [ -2.19707, 47.162939 ], [ -2.148584, 47.223926 ], [ -1.742529, 47.215967 ], [ -1.975391, 47.310693 ], [ -2.503125, 47.312061 ], [ -2.427686, 47.470898 ], [ -2.770312, 47.513867 ], [ -2.787207, 47.625537 ], [ -3.900928, 47.837549 ], [ -4.312109, 47.8229 ], [ -4.427979, 47.968945 ], [ -4.678809, 48.039502 ], [ -4.329443, 48.169971 ], [ -4.577148, 48.290039 ], [ -4.241406, 48.303662 ], [ -4.719385, 48.363135 ], [ -4.720752, 48.539893 ], [ -3.231445, 48.84082 ], [ -3.003223, 48.790674 ], [ -2.692334, 48.536816 ], [ -2.446191, 48.648291 ], [ -2.003711, 48.58208 ], [ -1.905713, 48.697119 ], [ -1.376465, 48.652588 ], [ -1.565479, 48.805518 ], [ -1.583105, 49.202393 ], [ -1.856445, 49.683789 ], [ -1.258643, 49.680176 ], [ -1.138525, 49.387891 ], [ -0.163477, 49.296777 ], [ 0.416895, 49.448389 ], [ 0.129395, 49.508447 ], [ 0.186719, 49.703027 ], [ 1.407227, 50.088525 ], [ 1.592773, 50.252197 ], [ 1.579492, 50.739258 ], [ 1.767676, 50.935693 ], [ 3.425781, 51.393506 ], [ 4.226172, 51.386475 ], [ 3.448926, 51.540771 ], [ 3.743945, 51.596045 ], [ 4.274121, 51.471631 ], [ 4.004785, 51.59585 ], [ 4.182617, 51.610303 ], [ 3.946875, 51.810547 ], [ 4.026074, 51.927734 ], [ 4.482813, 52.30918 ], [ 4.76875, 52.941309 ], [ 5.06123, 52.960645 ], [ 5.532031, 53.268701 ], [ 6.062207, 53.40708 ], [ 6.816211, 53.441162 ], [ 7.197266, 53.282275 ], [ 7.05332, 53.37583 ], [ 7.206445, 53.654541 ], [ 7.629199, 53.697266 ], [ 8.009277, 53.690723 ], [ 8.200781, 53.432422 ], [ 8.333887, 53.606201 ], [ 8.492676, 53.514355 ], [ 8.495215, 53.394238 ], [ 8.528418, 53.781104 ], [ 8.618945, 53.875 ], [ 9.205566, 53.855957 ], [ 9.585352, 53.600488 ], [ 9.783984, 53.554639 ], [ 9.312012, 53.859131 ], [ 8.978125, 53.926221 ], [ 8.906641, 54.260791 ], [ 8.644922, 54.294971 ], [ 8.648047, 54.397656 ], [ 8.951855, 54.467578 ], [ 8.957227, 54.53833 ], [ 8.682324, 54.791846 ], [ 8.572949, 55.134277 ], [ 8.669824, 55.155664 ], [ 8.615918, 55.418213 ], [ 8.132129, 55.599805 ], [ 8.163965, 56.606885 ], [ 8.67168, 56.495654 ], [ 8.888086, 56.735059 ], [ 9.06709, 56.793848 ], [ 9.196387, 56.70166 ], [ 9.254883, 57.011719 ], [ 9.110449, 57.043652 ], [ 8.992773, 57.016113 ], [ 8.771973, 56.725293 ], [ 8.468359, 56.664551 ], [ 8.268262, 56.754004 ], [ 8.618555, 57.111279 ], [ 9.433594, 57.174316 ], [ 9.962305, 57.580957 ], [ 10.609961, 57.736914 ], [ 10.444629, 57.562207 ], [ 10.537109, 57.448535 ], [ 10.524121, 57.243213 ], [ 10.296094, 56.999121 ], [ 10.282715, 56.620508 ], [ 10.926172, 56.443262 ], [ 10.753418, 56.241992 ], [ 10.31875, 56.212891 ], [ 10.183008, 55.865186 ], [ 9.903711, 55.842822 ], [ 10.023633, 55.761426 ], [ 9.591113, 55.493213 ], [ 9.670996, 55.266406 ], [ 9.453711, 55.039551 ], [ 9.688184, 55.000146 ], [ 9.745898, 54.807178 ], [ 10.022168, 54.673926 ], [ 10.028809, 54.581299 ], [ 9.868652, 54.472461 ], [ 10.143457, 54.488428 ], [ 10.731543, 54.31626 ], [ 11.013379, 54.37915 ], [ 11.064355, 54.280518 ], [ 10.810742, 54.075146 ], [ 10.85459, 54.009814 ], [ 11.399609, 53.944629 ], [ 11.796289, 54.145459 ], [ 12.111328, 54.168311 ], [ 12.575391, 54.467383 ], [ 13.028613, 54.411035 ], [ 13.448047, 54.140869 ], [ 13.724219, 54.153223 ], [ 13.950391, 53.801367 ], [ 14.583496, 53.639355 ], [ 14.558398, 53.823193 ], [ 13.925781, 53.879053 ], [ 13.827734, 54.127246 ], [ 14.38418, 53.924707 ], [ 16.186328, 54.290381 ], [ 16.559766, 54.553809 ], [ 17.261914, 54.729541 ], [ 18.085645, 54.83584 ], [ 18.759277, 54.68457 ], [ 18.799609, 54.63335 ], [ 18.43623, 54.744727 ], [ 18.669629, 54.430908 ], [ 18.836426, 54.36958 ], [ 19.407129, 54.386084 ], [ 19.858887, 54.633838 ], [ 19.974512, 54.921191 ], [ 20.39668, 54.95127 ], [ 20.678906, 55.102637 ], [ 21.014063, 55.401953 ], [ 21.114844, 55.616504 ], [ 21.031738, 55.350488 ], [ 20.594824, 54.982373 ], [ 21.188867, 54.935205 ], [ 21.237891, 55.455029 ], [ 21.061914, 55.813428 ], [ 21.031445, 56.636572 ], [ 21.071289, 56.82373 ], [ 21.350781, 57.017676 ], [ 21.45918, 57.322461 ], [ 21.728711, 57.570996 ], [ 22.55459, 57.724268 ], [ 23.136816, 57.323828 ], [ 23.287305, 57.089746 ], [ 23.647754, 56.971045 ], [ 23.931152, 57.008496 ], [ 24.382617, 57.250049 ], [ 24.301563, 57.784131 ], [ 24.529102, 58.354248 ], [ 24.336914, 58.381396 ], [ 24.114844, 58.266113 ], [ 23.767578, 58.36084 ], [ 23.509277, 58.658545 ], [ 23.680762, 58.787158 ], [ 23.503613, 58.789844 ], [ 23.432031, 58.920654 ], [ 23.515039, 58.999219 ], [ 23.494434, 59.195654 ], [ 24.083398, 59.291895 ], [ 24.053613, 59.372314 ], [ 24.380371, 59.472656 ], [ 25.44375, 59.521143 ], [ 25.509277, 59.639014 ], [ 27.892578, 59.414209 ], [ 28.063965, 59.554004 ], [ 28.058008, 59.781543 ], [ 28.33457, 59.692529 ], [ 28.518164, 59.849561 ], [ 28.947266, 59.82876 ], [ 29.147266, 59.999756 ], [ 30.122559, 59.873584 ], [ 30.172656, 59.957129 ], [ 29.721191, 60.195312 ], [ 29.069141, 60.191455 ], [ 28.643164, 60.375293 ], [ 28.491602, 60.540137 ], [ 28.622461, 60.491602 ], [ 28.650586, 60.610986 ], [ 28.512793, 60.677295 ], [ 27.462402, 60.464844 ], [ 27.205273, 60.543457 ], [ 26.534668, 60.412891 ], [ 26.569336, 60.624561 ], [ 26.377734, 60.424072 ], [ 25.955957, 60.474219 ], [ 26.03584, 60.341504 ], [ 25.758008, 60.267529 ], [ 25.656445, 60.333203 ], [ 24.445605, 60.021289 ], [ 23.463574, 59.98623 ], [ 23.021289, 59.816016 ], [ 23.198438, 60.021826 ], [ 22.911719, 60.209717 ], [ 22.749805, 60.057275 ], [ 22.462695, 60.029199 ], [ 22.442676, 60.156885 ], [ 22.589941, 60.228369 ], [ 22.512305, 60.281348 ], [ 22.584961, 60.380566 ], [ 21.854297, 60.50542 ], [ 21.805273, 60.594141 ], [ 21.613281, 60.530957 ], [ 21.436035, 60.596387 ], [ 21.360547, 60.96748 ], [ 21.565039, 61.484326 ], [ 21.498242, 61.551953 ], [ 21.605957, 61.591553 ], [ 21.255957, 61.989648 ], [ 21.343359, 62.277393 ], [ 21.165625, 62.414062 ], [ 21.103613, 62.622949 ], [ 21.473535, 63.033252 ], [ 21.650977, 63.039307 ], [ 21.545117, 63.204297 ], [ 22.319727, 63.310449 ], [ 22.243262, 63.437939 ], [ 22.532324, 63.647852 ], [ 23.598926, 64.040918 ], [ 24.55791, 64.801025 ], [ 25.288184, 64.860352 ], [ 25.228027, 64.951025 ], [ 25.372656, 65.009473 ], [ 25.255859, 65.143262 ], [ 25.347852, 65.479248 ], [ 24.674902, 65.670703 ], [ 24.581543, 65.757129 ], [ 24.628027, 65.85918 ], [ 24.404297, 65.780469 ], [ 23.691406, 65.828516 ], [ 23.102344, 65.735352 ], [ 22.746582, 65.870947 ], [ 22.538574, 65.794336 ], [ 22.400977, 65.862109 ], [ 22.254004, 65.597559 ], [ 22.08623, 65.610938 ], [ 22.147559, 65.552881 ], [ 21.920117, 65.532373 ], [ 21.87959, 65.424023 ], [ 21.565527, 65.408105 ], [ 21.60918, 65.261377 ], [ 21.410352, 65.317432 ], [ 21.573926, 65.125781 ], [ 21.138184, 64.808691 ], [ 21.519629, 64.463086 ], [ 21.018457, 64.177979 ], [ 20.762695, 63.867822 ], [ 19.913672, 63.610547 ], [ 19.72207, 63.46333 ], [ 19.354297, 63.47749 ], [ 19.034375, 63.237744 ], [ 18.606445, 63.178271 ], [ 18.312891, 62.996387 ], [ 18.502051, 62.988867 ], [ 18.463086, 62.89585 ], [ 18.17002, 62.789355 ], [ 17.87959, 62.873193 ], [ 17.974414, 62.721045 ], [ 17.903027, 62.659473 ], [ 18.037305, 62.600537 ], [ 17.646387, 62.450879 ], [ 17.378418, 62.462793 ], [ 17.429004, 62.334717 ], [ 17.633691, 62.233008 ], [ 17.510156, 62.166309 ], [ 17.374512, 61.866309 ], [ 17.46543, 61.684473 ], [ 17.196387, 61.724561 ], [ 17.130762, 61.575732 ], [ 17.250977, 60.700781 ], [ 17.593066, 60.627686 ], [ 17.661133, 60.535156 ], [ 17.955762, 60.589795 ], [ 18.55752, 60.253564 ], [ 18.535449, 60.152881 ], [ 18.787012, 60.079492 ], [ 18.99043, 59.827783 ], [ 17.979785, 59.329053 ] ], [ [ 51.178027, 47.110156 ], [ 49.886328, 46.595654 ], [ 49.347461, 46.519141 ], [ 49.362109, 46.410205 ], [ 49.205664, 46.385693 ], [ 49.245898, 46.291602 ], [ 48.683691, 46.086182 ], [ 48.72959, 45.896826 ], [ 48.487012, 45.934863 ], [ 48.15918, 45.737012 ], [ 47.701074, 45.686182 ], [ 47.633301, 45.584033 ], [ 47.463281, 45.679688 ], [ 47.529492, 45.530225 ], [ 47.35127, 45.217725 ], [ 47.083789, 44.816992 ], [ 47.00293, 44.876074 ], [ 46.755273, 44.656543 ], [ 46.720898, 44.45166 ], [ 47.023633, 44.343262 ], [ 47.307031, 44.103125 ], [ 47.462793, 43.555029 ], [ 47.646484, 43.884619 ], [ 47.463184, 43.035059 ], [ 47.709082, 42.810937 ], [ 47.727734, 42.680713 ], [ 48.383789, 41.953418 ], [ 48.823926, 41.62959 ], [ 49.456738, 40.799854 ], [ 49.775977, 40.583984 ], [ 50.18252, 40.504785 ], [ 50.365918, 40.279492 ], [ 49.918848, 40.316406 ], [ 49.551172, 40.194141 ], [ 49.324414, 39.60835 ], [ 49.362793, 39.349561 ], [ 49.165332, 39.030273 ], [ 49.013477, 39.133984 ], [ 48.961719, 39.07876 ], [ 48.850879, 38.815332 ], [ 48.870703, 38.392529 ], [ 49.080957, 37.667578 ], [ 49.372461, 37.519971 ], [ 50.130469, 37.407129 ], [ 50.337891, 37.14917 ], [ 50.927441, 36.810205 ], [ 51.762012, 36.614502 ], [ 53.767676, 36.930322 ], [ 53.91543, 36.930322 ], [ 53.679492, 36.853125 ], [ 53.970117, 36.818311 ], [ 54.017188, 36.95249 ], [ 53.823535, 37.92793 ], [ 53.868652, 38.949268 ], [ 53.70459, 39.20957 ], [ 53.336328, 39.34082 ], [ 53.156641, 39.26499 ], [ 53.124805, 39.43208 ], [ 53.235645, 39.608545 ], [ 53.603125, 39.546973 ], [ 53.472266, 39.668799 ], [ 53.487305, 39.909375 ], [ 52.9875, 39.987598 ], [ 53.035547, 39.774414 ], [ 52.804688, 40.054004 ], [ 52.733691, 40.39873 ], [ 52.943457, 41.038086 ], [ 53.145215, 40.824951 ], [ 53.615234, 40.818506 ], [ 53.87002, 40.648682 ], [ 54.377344, 40.693262 ], [ 54.319434, 40.83457 ], [ 54.685059, 40.873047 ], [ 54.703711, 41.071143 ], [ 54.094824, 41.519385 ], [ 53.846484, 42.091162 ], [ 53.752344, 42.129395 ], [ 53.16416, 42.093799 ], [ 52.97002, 41.976221 ], [ 52.814844, 41.711816 ], [ 52.883496, 41.652539 ], [ 52.850391, 41.200293 ], [ 52.467578, 41.885889 ], [ 52.638477, 42.555664 ], [ 52.596582, 42.760156 ], [ 51.898242, 42.869629 ], [ 51.616016, 43.158447 ], [ 51.29541, 43.174121 ], [ 51.301758, 43.482373 ], [ 50.830762, 44.192773 ], [ 50.252539, 44.406494 ], [ 50.297461, 44.581543 ], [ 50.409473, 44.624023 ], [ 51.543555, 44.531006 ], [ 51.310254, 44.61875 ], [ 51.009375, 44.921826 ], [ 51.415723, 45.357861 ], [ 52.426758, 45.404639 ], [ 53.200391, 45.331982 ], [ 52.773828, 45.572754 ], [ 53.135254, 46.19165 ], [ 53.063965, 46.475293 ], [ 53.170215, 46.669043 ], [ 52.916016, 46.954395 ], [ 52.483203, 46.990674 ], [ 52.138281, 46.828613 ], [ 51.178027, 47.110156 ] ] ] } }
]
}
