{
"type": "FeatureCollection",
"name": "states",
"crs": { "type": "name", "properties": { "name": "urn:ogc:def:crs:OGC:1.3:CRS84" } },
"features": [
{ "type": "Feature", "properties": { "FEATURECLA": "Admin-1 boundary", "NAME": null, "ADM0_A3": "USA", "ADM0_NAME": "United States of America", "MAPCOLOR9": 1, "MAPCOLOR13": 1, "SCALERANK": 2, "MIN_ZOOM": 2.0, "FCLASS_ISO": null, "FCLASS_US": null, "FCLASS_FR": null, "FCLASS_RU": null, "FCLASS_ES": null, "FCLASS_CN": null, "FCLASS_TW": null, "FCLASS_IN": null, "FCLASS_NP": null, "FCLASS_PK": null, "FCLASS_DE": null, "FCLASS_GB": null, "FCLASS_BR": null, "FCLASS_IL": null, "FCLASS_PS": null, "FCLASS_SA": null, "FCLASS_EG": null, "FCLASS_MA": null, "FCLASS_PT": null, "FCLASS_AR": null, "FCLASS_JP": null, "FCLASS_KO": null, "FCLASS_VN": null, "FCLASS_TR": null, "FCLASS_ID": null, "FCLASS_PL": null, "FCLASS_GR": null, "FCLASS_IT": null, "FCLASS_NL": null, "FCLASS_SE": null, "FCLASS_BD": null, "FCLASS_UA": null, "NE_ID": 1746745235, "BRK_A3": null, "FCLASS_TLC": null }, "geometry": { "type": "LineString", "coordinates": [ [ -85.007282, 31.001673 ], [ -84.883938, 30.72094 ], [ -82.23988, 30.565681 ], [ -82.194232, 30.393437 ], [ -82.112274, 30.371355 ], [ -82.029822, 30.477702 ], [ -82.038193, 30.73197 ], [ -81.957081, 30.81429 ], [ -81.503939, 30.731432 ] ] } },
{ "type": "Feature", "properties": { "FEATURECLA": "Admin-1 boundary", "NAME": null, "ADM0_A3": "USA", "ADM0_NAME": "United States of America", "MAPCOLOR9": 1, "MAPCOLOR13": 1, "SCALERANK": 2, "MIN_ZOOM": 2.0, "FCLASS_ISO": null, "FCLASS_US": null, "FCLASS_FR": null, "FCLASS_RU": null, "FCLASS_ES": null, "FCLASS_CN": null, "FCLASS_TW": null, "FCLASS_IN": null, "FCLASS_NP": null, "FCLASS_PK": null, "FCLASS_DE": null, "FCLASS_GB": null, "FCLASS_BR": null, "FCLASS_IL": null, "FCLASS_PS": null, "FCLASS_SA": null, "FCLASS_EG": null, "FCLASS_MA": null, "FCLASS_PT": null, "FCLASS_AR": null, "FCLASS_JP": null, "FCLASS_KO": null, "FCLASS_VN": null, "FCLASS_TR": null, "FCLASS_ID": null, "FCLASS_PL": null, "FCLASS_GR": null, "FCLASS_IT": null, "FCLASS_NL": null, "FCLASS_SE": null, "FCLASS_BD": null, "FCLASS_UA": null, "NE_ID": 1746745215, "BRK_A3": null, "FCLASS_TLC": null }, "geometry": { "type": "LineString", "coordinates": [ [ -85.007282, 31.001673 ], [ -87.593694, 31.000739 ], [ -87.601055, 30.860598 ], [ -87.408278, 30.641465 ], [ -87.489511, 30.377683 ] ] } },
{ "type": "Feature", "properties": { "FEATURECLA": "Admin-1 boundary", "NAME": null, "ADM0_A3": "USA", "ADM0_NAME": "United States of America", "MAPCOLOR9": 1, "MAPCOLOR13": 1, "SCALERANK": 2, "MIN_ZOOM": 2.0, "FCLASS_ISO": null, "FCLASS_US": null, "FCLASS_FR": null, "FCLASS_RU": null, "FCLASS_ES": null, "FCLASS_CN": null, "FCLASS_TW": null, "FCLASS_IN": null, "FCLASS_NP": null, "FCLASS_PK": null, "FCLASS_DE": null, "FCLASS_GB": null, "FCLASS_BR": null, "FCLASS_IL": null, "FCLASS_PS": null, "FCLASS_SA": null, "FCLASS_EG": null, "FCLASS_MA": null, "FCLASS_PT": null, "FCLASS_AR": null, "FCLASS_JP": null, "FCLASS_KO": null, "FCLASS_VN": null, "FCLASS_TR": null, "FCLASS_ID": null, "FCLASS_PL": null, "FCLASS_GR": null, "FCLASS_IT": null, "FCLASS_NL": null, "FCLASS_SE": null, "FCLASS_BD": null, "FCLASS_UA": null, "NE_ID": 1746745211, "BRK_A3": null, "FCLASS_TLC": null }, "geometry": { "type": "LineString", "coordinates": [ [ -88.173267, 34.999005 ], [ -88.084772, 34.933109 ], [ -88.48619, 31.890511 ], [ -88.399585, 30.370805 ] ] } },
{ "type": "Feature", "properties": { "FEATURECLA": "Admin-1 boundary", "NAME": null, "ADM0_A3": "USA", "ADM0_NAME": "United States of America", "MAPCOLOR9": 1, "MAPCOLOR13": 1, "SCALERANK": 2, "MIN_ZOOM": 2.0, "FCLASS_ISO": null, "FCLASS_US": null, "FCLASS_FR": null, "FCLASS_RU": null, "FCLASS_ES": null, "FCLASS_CN": null, "FCLASS_TW": null, "FCLASS_IN": null, "FCLASS_NP": null, "FCLASS_PK": null, "FCLASS_DE": null, "FCLASS_GB": null, "FCLASS_BR": null, "FCLASS_IL": null, "FCLASS_PS": null, "FCLASS_SA": null, "FCLASS_EG": null, "FCLASS_MA": null, "FCLASS_PT": null, "FCLASS_AR": null, "FCLASS_JP": null, "FCLASS_KO": null, "FCLASS_VN": null, "FCLASS_TR": null, "FCLASS_ID": null, "FCLASS_PL": null, "FCLASS_GR": null, "FCLASS_IT": null, "FCLASS_NL": null, "FCLASS_SE": null, "FCLASS_BD": null, "FCLASS_UA": null, "NE_ID": 1746745223, "BRK_A3": null, "FCLASS_TLC": null }, "geometry": { "type": "LineString", "coordinates": [ [ -85.007282, 31.001673 ], [ -85.092601, 31.295711 ], [ -85.054885, 31.572677 ], [ -85.124132, 31.880536 ], [ -85.034627, 32.147372 ], [ -84.921533, 32.285887 ], [ -84.985968, 32.360946 ], [ -85.200971, 32.956229 ], [ -85.623604, 35.000862 ] ] } },
{ "type": "Feature", "properties": { "FEATURECLA": "Admin-1 boundary", "NAME": null, "ADM0_A3": "USA", "ADM0_NAME": "United States of America", "MAPCOLOR9": 1, "MAPCOLOR13": 1, "SCALERANK": 2, "MIN_ZOOM": 2.0, "FCLASS_ISO": null, "FCLASS_US": null, "FCLASS_FR": null, "FCLASS_RU": null, "FCLASS_ES": null, "FCLASS_CN": null, "FCLASS_TW": null, "FCLASS_IN": null, "FCLASS_NP": null, "FCLASS_PK": null, "FCLASS_DE": null, "FCLASS_GB": null, "FCLASS_BR": null, "FCLASS_IL": null, "FCLASS_PS": null, "FCLASS_SA": null, "FCLASS_EG": null, "FCLASS_MA": null, "FCLASS_PT": null, "FCLASS_AR": null, "FCLASS_JP": null, "FCLASS_KO": null, "FCLASS_VN": null, "FCLASS_TR": null, "FCLASS_ID": null, "FCLASS_PL": null, "FCLASS_GR": null, "FCLASS_IT": null, "FCLASS_NL": null, "FCLASS_SE": null, "FCLASS_BD": null, "FCLASS_UA": null, "NE_ID": 1746745239, "BRK_A3": null, "FCLASS_TLC": null }, "geometry": { "type": "LineString", "coordinates": [ [ -83.114821, 35.001477 ], [ -83.316716, 34.805657 ], [ -83.355575, 34.708318 ], [ -83.052781, 34.51086 ], [ -82.847732, 34.436911 ], [ -82.589268, 34.017377 ], [ -82.005718, 33.522893 ], [ -81.780322, 33.195292 ], [ -81.57824, 33.068575 ], [ -81.37697, 32.607468 ], [ -81.290332, 32.557239 ], [ -81.171504, 32.380139 ], [ -81.135018, 32.181858 ], [ -81.074813, 32.109699 ], [ -80.872346, 32.029565 ] ] } },
{ "type": "Feature", "properties": { "FEATURECLA": "Admin-1 boundary", "NAME": null, "ADM0_A3": "USA", "ADM0_NAME": "United States of America", "MAPCOLOR9": 1, "MAPCOLOR13": 1, "SCALERANK": 2, "MIN_ZOOM": 2.0, "FCLASS_ISO": null, "FCLASS_US": null, "FCLASS_FR": null, "FCLASS_RU": null, "FCLASS_ES": null, "FCLASS_CN": null, "FCLASS_TW": null, "FCLASS_IN": null, "FCLASS_NP": null, "FCLASS_PK": null, "FCLASS_DE": null, "FCLASS_GB": null, "FCLASS_BR": null, "FCLASS_IL": null, "FCLASS_PS": null, "FCLASS_SA": null, "FCLASS_EG": null, "FCLASS_MA": null, "FCLASS_PT": null, "FCLASS_AR": null, "FCLASS_JP": null, "FCLASS_KO": null, "FCLASS_VN": null, "FCLASS_TR": null, "FCLASS_ID": null, "FCLASS_PL": null, "FCLASS_GR": null, "FCLASS_IT": null, "FCLASS_NL": null, "FCLASS_SE": null, "FCLASS_BD": null, "FCLASS_UA": null, "NE_ID": 1746745249, "BRK_A3": null, "FCLASS_TLC": null }, "geometry": { "type": "LineString", "coordinates": [ [ -81.045249, 35.065615 ], [ -80.933683, 35.113669 ], [ -80.79297, 34.962772 ], [ -80.784082, 34.828629 ], [ -79.653556, 34.796791 ], [ -78.564272, 33.876664 ] ] } },
{ "type": "Feature", "properties": { "FEATURECLA": "Admin-1 boundary", "NAME": null, "ADM0_A3": "USA", "ADM0_NAME": "United States of America", "MAPCOLOR9": 1, "MAPCOLOR13": 1, "SCALERANK": 2, "MIN_ZOOM": 2.0, "FCLASS_ISO": null, "FCLASS_US": null, "FCLASS_FR": null, "FCLASS_RU": null, "FCLASS_ES": null, "FCLASS_CN": null, "FCLASS_TW": null, "FCLASS_IN": null, "FCLASS_NP": null, "FCLASS_PK": null, "FCLASS_DE": null, "FCLASS_GB": null, "FCLASS_BR": null, "FCLASS_IL": null, "FCLASS_PS": null, "FCLASS_SA": null, "FCLASS_EG": null, "FCLASS_MA": null, "FCLASS_PT": null, "FCLASS_AR": null, "FCLASS_JP": null, "FCLASS_KO": null, "FCLASS_VN": null, "FCLASS_TR": null, "FCLASS_ID": null, "FCLASS_PL": null, "FCLASS_GR": null, "FCLASS_IT": null, "FCLASS_NL": null, "FCLASS_SE": null, "FCLASS_BD": null, "FCLASS_UA": null, "NE_ID": 1746745103, "BRK_A3": null, "FCLASS_TLC": null }, "geometry": { "type": "LineString", "coordinates": [ [ -89.735314, 31.001157 ], [ -89.835366, 30.730816 ], [ -89.819997, 30.611208 ], [ -89.685766, 30.462684 ], [ -89.591657, 30.223017 ], [ -89.520861, 30.192629 ] ] } },
{ "type": "Feature", "properties": { "FEATURECLA": "Admin-1 boundary", "NAME": null, "ADM0_A3": "USA", "ADM0_NAME": "United States of America", "MAPCOLOR9": 1, "MAPCOLOR13": 1, "SCALERANK": 2, "MIN_ZOOM": 2.0, "FCLASS_ISO": null, "FCLASS_US": null, "FCLASS_FR": null, "FCLASS_RU": null, "FCLASS_ES": null, "FCLASS_CN": null, "FCLASS_TW": null, "FCLASS_IN": null, "FCLASS_NP": null, "FCLASS_PK": null, "FCLASS_DE": null, "FCLASS_GB": null, "FCLASS_BR": null, "FCLASS_IL": null, "FCLASS_PS": null, "FCLASS_SA": null, "FCLASS_EG": null, "FCLASS_MA": null, "FCLASS_PT": null, "FCLASS_AR": null, "FCLASS_JP": null, "FCLASS_KO": null, "FCLASS_VN": null, "FCLASS_TR": null, "FCLASS_ID": null, "FCLASS_PL": null, "FCLASS_GR": null, "FCLASS_IT": null, "FCLASS_NL": null, "FCLASS_SE": null, "FCLASS_BD": null, "FCLASS_UA": null, "NE_ID": 1746745103, "BRK_A3": null, "FCLASS_TLC": null }, "geometry": { "type": "LineString", "coordinates": [ [ -91.656449, 31.001805 ], [ -89.735314, 31.001157 ] ] } },
{ "type": "Feature", "properties": { "FEATURECLA": "Admin-1 boundary", "NAME": null, "ADM0_A3": "USA", "ADM0_NAME": "United States of America", "MAPCOLOR9": 1, "MAPCOLOR13": 1, "SCALERANK": 2, "MIN_ZOOM": 2.0, "FCLASS_ISO": null, "FCLASS_US": null, "FCLASS_FR": null, "FCLASS_RU": null, "FCLASS_ES": null, "FCLASS_CN": null, "FCLASS_TW": null, "FCLASS_IN": null, "FCLASS_NP": null, "FCLASS_PK": null, "FCLASS_DE": null, "FCLASS_GB": null, "FCLASS_BR": null, "FCLASS_IL": null, "FCLASS_PS": null, "FCLASS_SA": null, "FCLASS_EG": null, "FCLASS_MA": null, "FCLASS_PT": null, "FCLASS_AR": null, "FCLASS_JP": null, "FCLASS_KO": null, "FCLASS_VN": null, "FCLASS_TR": null, "FCLASS_ID": null, "FCLASS_PL": null, "FCLASS_GR": null, "FCLASS_IT": null, "FCLASS_NL": null, "FCLASS_SE": null, "FCLASS_BD": null, "FCLASS_UA": null, "NE_ID": 1746745197, "BRK_A3": null, "FCLASS_TLC": null }, "geometry": { "type": "LineString", "coordinates": [ [ -93.79401, 29.977264 ], [ -93.710629, 30.112813 ], [ -93.750394, 30.344713 ], [ -93.720215, 30.558265 ], [ -93.579194, 30.823805 ], [ -93.530591, 31.04619 ], [ -93.557749, 31.180421 ], [ -93.806902, 31.568799 ], [ -93.845585, 31.792942 ], [ -94.043301, 31.999232 ], [ -94.041307, 33.011996 ] ] } },
{ "type": "Feature", "properties": { "FEATURECLA": "Admin-1 boundary", "NAME": null, "ADM0_A3": "USA", "ADM0_NAME": "United States of America", "MAPCOLOR9": 1, "MAPCOLOR13": 1, "SCALERANK": 2, "MIN_ZOOM": 2.0, "FCLASS_ISO": null, "FCLASS_US": null, "FCLASS_FR": null, "FCLASS_RU": null, "FCLASS_ES": null, "FCLASS_CN": null, "FCLASS_TW": null, "FCLASS_IN": null, "FCLASS_NP": null, "FCLASS_PK": null, "FCLASS_DE": null, "FCLASS_GB": null, "FCLASS_BR": null, "FCLASS_IL": null, "FCLASS_PS": null, "FCLASS_SA": null, "FCLASS_EG": null, "FCLASS_MA": null, "FCLASS_PT": null, "FCLASS_AR": null, "FCLASS_JP": null, "FCLASS_KO": null, "FCLASS_VN": null, "FCLASS_TR": null, "FCLASS_ID": null, "FCLASS_PL": null, "FCLASS_GR": null, "FCLASS_IT": null, "FCLASS_NL": null, "FCLASS_SE": null, "FCLASS_BD": null, "FCLASS_UA": null, "NE_ID": 1746745103, "BRK_A3": null, "FCLASS_TLC": null }, "geometry": { "type": "LineString", "coordinates": [ [ -91.149958, 33.015918 ], [ -91.096081, 32.937684 ], [ -91.135587, 32.755783 ], [ -91.092082, 32.725857 ], [ -91.14965, 32.625013 ], [ -91.103815, 32.490497 ], [ -90.937647, 32.277329 ], [ -91.156527, 31.970689 ], [ -91.37253, 31.773716 ], [ -91.505728, 31.518701 ], [ -91.528953, 31.345194 ], [ -91.61825, 31.276958 ], [ -91.596365, 31.109911 ], [ -91.656449, 31.001805 ] ] } },
{ "type": "Feature", "properties": { "FEATURECLA": "Admin-1 boundary", "NAME": null, "ADM0_A3": "USA", "ADM0_NAME": "United States of America", "MAPCOLOR9": 1, "MAPCOLOR13": 1, "SCALERANK": 2, "MIN_ZOOM": 2.0, "FCLASS_ISO": null, "FCLASS_US": null, "FCLASS_FR": null, "FCLASS_RU": null, "FCLASS_ES": null, "FCLASS_CN": null, "FCLASS_TW": null, "FCLASS_IN": null, "FCLASS_NP": null, "FCLASS_PK": null, "FCLASS_DE": null, "FCLASS_GB": null, "FCLASS_BR": null, "FCLASS_IL": null, "FCLASS_PS": null, "FCLASS_SA": null, "FCLASS_EG": null, "FCLASS_MA": null, "FCLASS_PT": null, "FCLASS_AR": null, "FCLASS_JP": null, "FCLASS_KO": null, "FCLASS_VN": null, "FCLASS_TR": null, "FCLASS_ID": null, "FCLASS_PL": null, "FCLASS_GR": null, "FCLASS_IT": null, "FCLASS_NL": null, "FCLASS_SE": null, "FCLASS_BD": null, "FCLASS_UA": null, "NE_ID": 1746745201, "BRK_A3": null, "FCLASS_TLC": null }, "geometry": { "type": "LineString", "coordinates": [ [ -94.041307, 33.011996 ], [ -91.149958, 33.015918 ] ] } },
{ "type": "Feature", "properties": { "FEATURECLA": "Admin-1 boundary", "NAME": null, "ADM0_A3": "USA", "ADM0_NAME": "United States of America", "MAPCOLOR9": 1, "MAPCOLOR13": 1, "SCALERANK": 2, "MIN_ZOOM": 2.0, "FCLASS_ISO": null, "FCLASS_US": null, "FCLASS_FR": null, "FCLASS_RU": null, "FCLASS_ES": null, "FCLASS_CN": null, "FCLASS_TW": null, "FCLASS_IN": null, "FCLASS_NP": null, "FCLASS_PK": null, "FCLASS_DE": null, "FCLASS_GB": null, "FCLASS_BR": null, "FCLASS_IL": null, "FCLASS_PS": null, "FCLASS_SA": null, "FCLASS_EG": null, "FCLASS_MA": null, "FCLASS_PT": null, "FCLASS_AR": null, "FCLASS_JP": null, "FCLASS_KO": null, "FCLASS_VN": null, "FCLASS_TR": null, "FCLASS_ID": null, "FCLASS_PL": null, "FCLASS_GR": null, "FCLASS_IT": null, "FCLASS_NL": null, "FCLASS_SE": null, "FCLASS_BD": null, "FCLASS_UA": null, "NE_ID": 1746745139, "BRK_A3": null, "FCLASS_TLC": null }, "geometry": { "type": "LineString", "coordinates": [ [ -94.041307, 33.011996 ], [ -94.047327, 33.554435 ] ] } },
{ "type": "Feature", "properties": { "FEATURECLA": "Admin-1 boundary", "NAME": null, "ADM0_A3": "USA", "ADM0_NAME": "United States of America", "MAPCOLOR9": 1, "MAPCOLOR13": 1, "SCALERANK": 2, "MIN_ZOOM": 2.0, "FCLASS_ISO": null, "FCLASS_US": null, "FCLASS_FR": null, "FCLASS_RU": null, "FCLASS_ES": null, "FCLASS_CN": null, "FCLASS_TW": null, "FCLASS_IN": null, "FCLASS_NP": null, "FCLASS_PK": null, "FCLASS_DE": null, "FCLASS_GB": null, "FCLASS_BR": null, "FCLASS_IL": null, "FCLASS_PS": null, "FCLASS_SA": null, "FCLASS_EG": null, "FCLASS_MA": null, "FCLASS_PT": null, "FCLASS_AR": null, "FCLASS_JP": null, "FCLASS_KO": null, "FCLASS_VN": null, "FCLASS_TR": null, "FCLASS_ID": null, "FCLASS_PL": null, "FCLASS_GR": null, "FCLASS_IT": null, "FCLASS_NL": null, "FCLASS_SE": null, "FCLASS_BD": null, "FCLASS_UA": null, "NE_ID": 1746745139, "BRK_A3": null, "FCLASS_TLC": null }, "geometry": { "type": "LineString", "coordinates": [ [ -94.047327, 33.554435 ], [ -94.191534, 33.589009 ], [ -94.357674, 33.560972 ], [ -94.484149, 33.648434 ] ] } },
{ "type": "Feature", "properties": { "FEATURECLA": "Admin-1 boundary", "NAME": null, "ADM0_A3": "USA", "ADM0_NAME": "United States of America", "MAPCOLOR9": 1, "MAPCOLOR13": 1, "SCALERANK": 2, "MIN_ZOOM": 2.0, "FCLASS_ISO": null, "FCLASS_US": null, "FCLASS_FR": null, "FCLASS_RU": null, "FCLASS_ES": null, "FCLASS_CN": null, "FCLASS_TW": null, "FCLASS_IN": null, "FCLASS_NP": null, "FCLASS_PK": null, "FCLASS_DE": null, "FCLASS_GB": null, "FCLASS_BR": null, "FCLASS_IL": null, "FCLASS_PS": null, "FCLASS_SA": null, "FCLASS_EG": null, "FCLASS_MA": null, "FCLASS_PT": null, "FCLASS_AR": null, "FCLASS_JP": null, "FCLASS_KO": null, "FCLASS_VN": null, "FCLASS_TR": null, "FCLASS_ID": null, "FCLASS_PL": null, "FCLASS_GR": null, "FCLASS_IT": null, "FCLASS_NL": null, "FCLASS_SE": null, "FCLASS_BD": null, "FCLASS_UA": null, "NE_ID": 1746745069, "BRK_A3": null, "FCLASS_TLC": null }, "geometry": { "type": "LineString", "coordinates": [ [ -114.610543, 34.991117 ], [ -114.557473, 34.794571 ], [ -114.371024, 34.488492 ], [ -114.15879, 34.355217 ], [ -114.125612, 34.286509 ], [ -114.418282, 34.051149 ], [ -114.509051, 33.903921 ], [ -114.521559, 33.607608 ], [ -114.60261, 33.469895 ], [ -114.701702, 33.417809 ], [ -114.704388, 33.169781 ], [ -114.648088, 33.07175 ], [ -114.490863, 32.983618 ], [ -114.469, 32.912306 ], [ -114.516467, 32.772757 ], [ -114.724773, 32.715343 ] ] } },
{ "type": "Feature", "properties": { "FEATURECLA": "Admin-1 boundary", "NAME": null, "ADM0_A3": "USA", "ADM0_NAME": "United States of America", "MAPCOLOR9": 1, "MAPCOLOR13": 1, "SCALERANK": 2, "MIN_ZOOM": 2.0, "FCLASS_ISO": null, "FCLASS_US": null, "FCLASS_FR": null, "FCLASS_RU": null, "FCLASS_ES": null, "FCLASS_CN": null, "FCLASS_TW": null, "FCLASS_IN": null, "FCLASS_NP": null, "FCLASS_PK": null, "FCLASS_DE": null, "FCLASS_GB": null, "FCLASS_BR": null, "FCLASS_IL": null, "FCLASS_PS": null, "FCLASS_SA": null, "FCLASS_EG": null, "FCLASS_MA": null, "FCLASS_PT": null, "FCLASS_AR": null, "FCLASS_JP": null, "FCLASS_KO": null, "FCLASS_VN": null, "FCLASS_TR": null, "FCLASS_ID": null, "FCLASS_PL": null, "FCLASS_GR": null, "FCLASS_IT": null, "FCLASS_NL": null, "FCLASS_SE": null, "FCLASS_BD": null, "FCLASS_UA": null, "NE_ID": 1746745107, "BRK_A3": null, "FCLASS_TLC": null }, "geometry": { "type": "LineString", "coordinates": [ [ -90.293705, 35.001114 ], [ -90.31994, 34.899161 ], [ -90.53925, 34.72817 ], [ -90.635424, 34.413873 ], [ -90.762338, 34.356426 ], [ -90.90972, 34.188763 ], [ -90.914729, 34.048622 ], [ -91.060353, 33.989296 ], [ -91.052707, 33.827599 ], [ -91.207482, 33.675669 ], [ -91.172721, 33.616683 ], [ -91.214579, 33.583406 ], [ -91.141015, 33.438507 ], [ -91.163339, 33.294454 ], [ -91.106781, 33.217923 ], [ -91.149958, 33.015918 ] ] } },
{ "type": "Feature", "properties": { "FEATURECLA": "Admin-1 boundary", "NAME": null, "ADM0_A3": "USA", "ADM0_NAME": "United States of America", "MAPCOLOR9": 1, "MAPCOLOR13": 1, "SCALERANK": 2, "MIN_ZOOM": 2.0, "FCLASS_ISO": null, "FCLASS_US": null, "FCLASS_FR": null, "FCLASS_RU": null, "FCLASS_ES": null, "FCLASS_CN": null, "FCLASS_TW": null, "FCLASS_IN": null, "FCLASS_NP": null, "FCLASS_PK": null, "FCLASS_DE": null, "FCLASS_GB": null, "FCLASS_BR": null, "FCLASS_IL": null, "FCLASS_PS": null, "FCLASS_SA": null, "FCLASS_EG": null, "FCLASS_MA": null, "FCLASS_PT": null, "FCLASS_AR": null, "FCLASS_JP": null, "FCLASS_KO": null, "FCLASS_VN": null, "FCLASS_TR": null, "FCLASS_ID": null, "FCLASS_PL": null, "FCLASS_GR": null, "FCLASS_IT": null, "FCLASS_NL": null, "FCLASS_SE": null, "FCLASS_BD": null, "FCLASS_UA": null, "NE_ID": 1746714529, "BRK_A3": null, "FCLASS_TLC": null }, "geometry": { "type": "LineString", "coordinates": [ [ -103.000295, 36.501232 ], [ -103.042153, 36.500616 ], [ -103.065642, 32.002748 ], [ -106.668262, 32.000946 ], [ -106.566358, 31.819529 ], [ -106.445382, 31.768398 ] ] } },
{ "type": "Feature", "properties": { "FEATURECLA": "Admin-1 boundary", "NAME": null, "ADM0_A3": "USA", "ADM0_NAME": "United States of America", "MAPCOLOR9": 1, "MAPCOLOR13": 1, "SCALERANK": 2, "MIN_ZOOM": 2.0, "FCLASS_ISO": null, "FCLASS_US": null, "FCLASS_FR": null, "FCLASS_RU": null, "FCLASS_ES": null, "FCLASS_CN": null, "FCLASS_TW": null, "FCLASS_IN": null, "FCLASS_NP": null, "FCLASS_PK": null, "FCLASS_DE": null, "FCLASS_GB": null, "FCLASS_BR": null, "FCLASS_IL": null, "FCLASS_PS": null, "FCLASS_SA": null, "FCLASS_EG": null, "FCLASS_MA": null, "FCLASS_PT": null, "FCLASS_AR": null, "FCLASS_JP": null, "FCLASS_KO": null, "FCLASS_VN": null, "FCLASS_TR": null, "FCLASS_ID": null, "FCLASS_PL": null, "FCLASS_GR": null, "FCLASS_IT": null, "FCLASS_NL": null, "FCLASS_SE": null, "FCLASS_BD": null, "FCLASS_UA": null, "NE_ID": 1746714511, "BRK_A3": null, "FCLASS_TLC": null }, "geometry": { "type": "LineString", "coordinates": [ [ -109.04667, 37.000846 ], [ -109.047807, 31.327879 ] ] } },
{ "type": "Feature", "properties": { "FEATURECLA": "Admin-1 boundary", "NAME": null, "ADM0_A3": "USA", "ADM0_NAME": "United States of America", "MAPCOLOR9": 1, "MAPCOLOR13": 1, "SCALERANK": 2, "MIN_ZOOM": 2.0, "FCLASS_ISO": null, "FCLASS_US": null, "FCLASS_FR": null, "FCLASS_RU": null, "FCLASS_ES": null, "FCLASS_CN": null, "FCLASS_TW": null, "FCLASS_IN": null, "FCLASS_NP": null, "FCLASS_PK": null, "FCLASS_DE": null, "FCLASS_GB": null, "FCLASS_BR": null, "FCLASS_IL": null, "FCLASS_PS": null, "FCLASS_SA": null, "FCLASS_EG": null, "FCLASS_MA": null, "FCLASS_PT": null, "FCLASS_AR": null, "FCLASS_JP": null, "FCLASS_KO": null, "FCLASS_VN": null, "FCLASS_TR": null, "FCLASS_ID": null, "FCLASS_PL": null, "FCLASS_GR": null, "FCLASS_IT": null, "FCLASS_NL": null, "FCLASS_SE": null, "FCLASS_BD": null, "FCLASS_UA": null, "NE_ID": 1746745143, "BRK_A3": null, "FCLASS_TLC": null }, "geometry": { "type": "LineString", "coordinates": [ [ -94.61838, 36.500869 ], [ -94.439138, 35.387251 ], [ -94.484149, 33.648434 ] ] } },
{ "type": "Feature", "properties": { "FEATURECLA": "Admin-1 boundary", "NAME": null, "ADM0_A3": "USA", "ADM0_NAME": "United States of America", "MAPCOLOR9": 1, "MAPCOLOR13": 1, "SCALERANK": 2, "MIN_ZOOM": 2.0, "FCLASS_ISO": null, "FCLASS_US": null, "FCLASS_FR": null, "FCLASS_RU": null, "FCLASS_ES": null, "FCLASS_CN": null, "FCLASS_TW": null, "FCLASS_IN": null, "FCLASS_NP": null, "FCLASS_PK": null, "FCLASS_DE": null, "FCLASS_GB": null, "FCLASS_BR": null, "FCLASS_IL": null, "FCLASS_PS": null, "FCLASS_SA": null, "FCLASS_EG": null, "FCLASS_MA": null, "FCLASS_PT": null, "FCLASS_AR": null, "FCLASS_JP": null, "FCLASS_KO": null, "FCLASS_VN": null, "FCLASS_TR": null, "FCLASS_ID": null, "FCLASS_PL": null, "FCLASS_GR": null, "FCLASS_IT": null, "FCLASS_NL": null, "FCLASS_SE": null, "FCLASS_BD": null, "FCLASS_UA": null, "NE_ID": 1746714585, "BRK_A3": null, "FCLASS_TLC": null }, "geometry": { "type": "LineString", "coordinates": [ [ -94.484149, 33.648434 ], [ -94.709198, 33.699289 ], [ -95.21586, 33.959039 ], [ -95.373888, 33.874269 ], [ -95.523494, 33.886562 ], [ -95.594471, 33.945163 ], [ -95.783914, 33.864502 ], [ -95.941579, 33.882838 ], [ -96.315048, 33.711122 ], [ -96.59159, 33.849275 ], [ -96.606345, 33.905635 ], [ -96.746283, 33.854186 ], [ -96.934051, 33.95348 ], [ -97.145071, 33.737687 ], [ -97.201013, 33.808164 ], [ -97.194762, 33.890616 ], [ -97.398492, 33.831323 ], [ -97.640933, 33.991669 ], [ -97.842422, 33.875785 ], [ -97.92159, 33.878367 ], [ -97.951072, 33.971212 ], [ -98.069383, 34.040305 ], [ -98.098635, 34.145027 ], [ -98.355978, 34.141511 ], [ -98.453674, 34.078131 ], [ -98.608395, 34.161275 ], [ -99.157508, 34.223282 ], [ -99.252875, 34.388077 ], [ -99.360387, 34.456094 ], [ -99.404986, 34.392065 ], [ -99.685615, 34.415829 ], [ -99.999341, 34.586721 ], [ -100.002444, 36.500902 ], [ -103.000295, 36.501232 ] ] } },
{ "type": "Feature", "properties": { "FEATURECLA": "Admin-1 boundary", "NAME": null, "ADM0_A3": "USA", "ADM0_NAME": "United States of America", "MAPCOLOR9": 1, "MAPCOLOR13": 1, "SCALERANK": 2, "MIN_ZOOM": 2.0, "FCLASS_ISO": null, "FCLASS_US": null, "FCLASS_FR": null, "FCLASS_RU": null, "FCLASS_ES": null, "FCLASS_CN": null, "FCLASS_TW": null, "FCLASS_IN": null, "FCLASS_NP": null, "FCLASS_PK": null, "FCLASS_DE": null, "FCLASS_GB": null, "FCLASS_BR": null, "FCLASS_IL": null, "FCLASS_PS": null, "FCLASS_SA": null, "FCLASS_EG": null, "FCLASS_MA": null, "FCLASS_PT": null, "FCLASS_AR": null, "FCLASS_JP": null, "FCLASS_KO": null, "FCLASS_VN": null, "FCLASS_TR": null, "FCLASS_ID": null, "FCLASS_PL": null, "FCLASS_GR": null, "FCLASS_IT": null, "FCLASS_NL": null, "FCLASS_SE": null, "FCLASS_BD": null, "FCLASS_UA": null, "NE_ID": 1746745111, "BRK_A3": null, "FCLASS_TLC": null }, "geometry": { "type": "LineString", "coordinates": [ [ -89.704772, 36.001573 ], [ -89.688908, 35.920956 ], [ -89.943505, 35.679136 ], [ -89.92652, 35.591652 ], [ -90.066024, 35.414112 ], [ -90.14227, 35.114296 ], [ -90.293705, 35.001114 ] ] } },
{ "type": "Feature", "properties": { "FEATURECLA": "Admin-1 boundary", "NAME": null, "ADM0_A3": "USA", "ADM0_NAME": "United States of America", "MAPCOLOR9": 1, "MAPCOLOR13": 1, "SCALERANK": 2, "MIN_ZOOM": 2.0, "FCLASS_ISO": null, "FCLASS_US": null, "FCLASS_FR": null, "FCLASS_RU": null, "FCLASS_ES": null, "FCLASS_CN": null, "FCLASS_TW": null, "FCLASS_IN": null, "FCLASS_NP": null, "FCLASS_PK": null, "FCLASS_DE": null, "FCLASS_GB": null, "FCLASS_BR": null, "FCLASS_IL": null, "FCLASS_PS": null, "FCLASS_SA": null, "FCLASS_EG": null, "FCLASS_MA": null, "FCLASS_PT": null, "FCLASS_AR": null, "FCLASS_JP": null, "FCLASS_KO": null, "FCLASS_VN": null, "FCLASS_TR": null, "FCLASS_ID": null, "FCLASS_PL": null, "FCLASS_GR": null, "FCLASS_IT": null, "FCLASS_NL": null, "FCLASS_SE": null, "FCLASS_BD": null, "FCLASS_UA": null, "NE_ID": 1746745079, "BRK_A3": null, "FCLASS_TLC": null }, "geometry": { "type": "LineString", "coordinates": [ [ -114.610543, 34.991117 ], [ -114.590987, 35.352776 ], [ -114.662063, 35.545355 ], [ -114.687101, 35.917341 ], [ -114.741362, 36.013516 ], [ -114.669144, 36.12172 ], [ -114.505277, 36.156426 ], [ -114.183207, 36.030303 ], [ -114.042879, 36.181771 ], [ -114.04027, 37.004153 ] ] } },
{ "type": "Feature", "properties": { "FEATURECLA": "Admin-1 boundary", "NAME": null, "ADM0_A3": "USA", "ADM0_NAME": "United States of America", "MAPCOLOR9": 1, "MAPCOLOR13": 1, "SCALERANK": 2, "MIN_ZOOM": 2.0, "FCLASS_ISO": null, "FCLASS_US": null, "FCLASS_FR": null, "FCLASS_RU": null, "FCLASS_ES": null, "FCLASS_CN": null, "FCLASS_TW": null, "FCLASS_IN": null, "FCLASS_NP": null, "FCLASS_PK": null, "FCLASS_DE": null, "FCLASS_GB": null, "FCLASS_BR": null, "FCLASS_IL": null, "FCLASS_PS": null, "FCLASS_SA": null, "FCLASS_EG": null, "FCLASS_MA": null, "FCLASS_PT": null, "FCLASS_AR": null, "FCLASS_JP": null, "FCLASS_KO": null, "FCLASS_VN": null, "FCLASS_TR": null, "FCLASS_ID": null, "FCLASS_PL": null, "FCLASS_GR": null, "FCLASS_IT": null, "FCLASS_NL": null, "FCLASS_SE": null, "FCLASS_BD": null, "FCLASS_UA": null, "NE_ID": 1746745147, "BRK_A3": null, "FCLASS_TLC": null }, "geometry": { "type": "LineString", "coordinates": [ [ -94.61838, 36.500869 ], [ -90.162243, 36.500869 ], [ -90.074473, 36.371835 ], [ -90.075659, 36.296721 ], [ -90.381068, 35.99274 ], [ -89.704772, 36.001573 ] ] } },
{ "type": "Feature", "properties": { "FEATURECLA": "Admin-1 boundary", "NAME": null, "ADM0_A3": "USA", "ADM0_NAME": "United States of America", "MAPCOLOR9": 1, "MAPCOLOR13": 1, "SCALERANK": 2, "MIN_ZOOM": 2.0, "FCLASS_ISO": null, "FCLASS_US": null, "FCLASS_FR": null, "FCLASS_RU": null, "FCLASS_ES": null, "FCLASS_CN": null, "FCLASS_TW": null, "FCLASS_IN": null, "FCLASS_NP": null, "FCLASS_PK": null, "FCLASS_DE": null, "FCLASS_GB": null, "FCLASS_BR": null, "FCLASS_IL": null, "FCLASS_PS": null, "FCLASS_SA": null, "FCLASS_EG": null, "FCLASS_MA": null, "FCLASS_PT": null, "FCLASS_AR": null, "FCLASS_JP": null, "FCLASS_KO": null, "FCLASS_VN": null, "FCLASS_TR": null, "FCLASS_ID": null, "FCLASS_PL": null, "FCLASS_GR": null, "FCLASS_IT": null, "FCLASS_NL": null, "FCLASS_SE": null, "FCLASS_BD": null, "FCLASS_UA": null, "NE_ID": 1746745157, "BRK_A3": null, "FCLASS_TLC": null }, "geometry": { "type": "LineString", "coordinates": [ [ -89.557313, 36.501078 ], [ -89.55527, 36.372922 ], [ -89.611707, 36.321968 ], [ -89.583549, 36.272233 ], [ -89.674549, 36.220575 ], [ -89.641886, 36.104515 ], [ -89.704772, 36.001573 ] ] } },
{ "type": "Feature", "properties": { "FEATURECLA": "Admin-1 boundary", "NAME": null, "ADM0_A3": "USA", "ADM0_NAME": "United States of America", "MAPCOLOR9": 1, "MAPCOLOR13": 1, "SCALERANK": 2, "MIN_ZOOM": 2.0, "FCLASS_ISO": null, "FCLASS_US": null, "FCLASS_FR": null, "FCLASS_RU": null, "FCLASS_ES": null, "FCLASS_CN": null, "FCLASS_TW": null, "FCLASS_IN": null, "FCLASS_NP": null, "FCLASS_PK": null, "FCLASS_DE": null, "FCLASS_GB": null, "FCLASS_BR": null, "FCLASS_IL": null, "FCLASS_PS": null, "FCLASS_SA": null, "FCLASS_EG": null, "FCLASS_MA": null, "FCLASS_PT": null, "FCLASS_AR": null, "FCLASS_JP": null, "FCLASS_KO": null, "FCLASS_VN": null, "FCLASS_TR": null, "FCLASS_ID": null, "FCLASS_PL": null, "FCLASS_GR": null, "FCLASS_IT": null, "FCLASS_NL": null, "FCLASS_SE": null, "FCLASS_BD": null, "FCLASS_UA": null, "NE_ID": 1746745129, "BRK_A3": null, "FCLASS_TLC": null }, "geometry": { "type": "LineString", "coordinates": [ [ -94.618067, 37.000846 ], [ -94.61838, 36.500869 ] ] } },
{ "type": "Feature", "properties": { "FEATURECLA": "Admin-1 boundary", "NAME": null, "ADM0_A3": "USA", "ADM0_NAME": "United States of America", "MAPCOLOR9": 1, "MAPCOLOR13": 1, "SCALERANK": 2, "MIN_ZOOM": 2.0, "FCLASS_ISO": null, "FCLASS_US": null, "FCLASS_FR": null, "FCLASS_RU": null, "FCLASS_ES": null, "FCLASS_CN": null, "FCLASS_TW": null, "FCLASS_IN": null, "FCLASS_NP": null, "FCLASS_PK": null, "FCLASS_DE": null, "FCLASS_GB": null, "FCLASS_BR": null, "FCLASS_IL": null, "FCLASS_PS": null, "FCLASS_SA": null, "FCLASS_EG": null, "FCLASS_MA": null, "FCLASS_PT": null, "FCLASS_AR": null, "FCLASS_JP": null, "FCLASS_KO": null, "FCLASS_VN": null, "FCLASS_TR": null, "FCLASS_ID": null, "FCLASS_PL": null, "FCLASS_GR": null, "FCLASS_IT": null, "FCLASS_NL": null, "FCLASS_SE": null, "FCLASS_BD": null, "FCLASS_UA": null, "NE_ID": 1746714577, "BRK_A3": null, "FCLASS_TLC": null }, "geometry": { "type": "LineString", "coordinates": [ [ -103.000295, 36.501232 ], [ -103.000839, 37.000846 ] ] } },
{ "type": "Feature", "properties": { "FEATURECLA": "Admin-1 boundary", "NAME": null, "ADM0_A3": "USA", "ADM0_NAME": "United States of America", "MAPCOLOR9": 1, "MAPCOLOR13": 1, "SCALERANK": 2, "MIN_ZOOM": 2.0, "FCLASS_ISO": null, "FCLASS_US": null, "FCLASS_FR": null, "FCLASS_RU": null, "FCLASS_ES": null, "FCLASS_CN": null, "FCLASS_TW": null, "FCLASS_IN": null, "FCLASS_NP": null, "FCLASS_PK": null, "FCLASS_DE": null, "FCLASS_GB": null, "FCLASS_BR": null, "FCLASS_IL": null, "FCLASS_PS": null, "FCLASS_SA": null, "FCLASS_EG": null, "FCLASS_MA": null, "FCLASS_PT": null, "FCLASS_AR": null, "FCLASS_JP": null, "FCLASS_KO": null, "FCLASS_VN": null, "FCLASS_TR": null, "FCLASS_ID": null, "FCLASS_PL": null, "FCLASS_GR": null, "FCLASS_IT": null, "FCLASS_NL": null, "FCLASS_SE": null, "FCLASS_BD": null, "FCLASS_UA": null, "NE_ID": 1746714581, "BRK_A3": null, "FCLASS_TLC": null }, "geometry": { "type": "LineString", "coordinates": [ [ -102.012783, 37.000846 ], [ -103.000839, 37.000846 ] ] } },
{ "type": "Feature", "properties": { "FEATURECLA": "Admin-1 boundary", "NAME": null, "ADM0_A3": "USA", "ADM0_NAME": "United States of America", "MAPCOLOR9": 1, "MAPCOLOR13": 1, "SCALERANK": 2, "MIN_ZOOM": 2.0, "FCLASS_ISO": null, "FCLASS_US": null, "FCLASS_FR": null, "FCLASS_RU": null, "FCLASS_ES": null, "FCLASS_CN": null, "FCLASS_TW": null, "FCLASS_IN": null, "FCLASS_NP": null, "FCLASS_PK": null, "FCLASS_DE": null, "FCLASS_GB": null, "FCLASS_BR": null, "FCLASS_IL": null, "FCLASS_PS": null, "FCLASS_SA": null, "FCLASS_EG": null, "FCLASS_MA": null, "FCLASS_PT": null, "FCLASS_AR": null, "FCLASS_JP": null, "FCLASS_KO": null, "FCLASS_VN": null, "FCLASS_TR": null, "FCLASS_ID": null, "FCLASS_PL": null, "FCLASS_GR": null, "FCLASS_IT": null, "FCLASS_NL": null, "FCLASS_SE": null, "FCLASS_BD": null, "FCLASS_UA": null, "NE_ID": 1746745219, "BRK_A3": null, "FCLASS_TLC": null }, "geometry": { "type": "LineString", "coordinates": [ [ -84.32469, 34.988096 ], [ -85.623604, 35.000862 ] ] } },
{ "type": "Feature", "properties": { "FEATURECLA": "Admin-1 boundary", "NAME": null, "ADM0_A3": "USA", "ADM0_NAME": "United States of America", "MAPCOLOR9": 1, "MAPCOLOR13": 1, "SCALERANK": 2, "MIN_ZOOM": 2.0, "FCLASS_ISO": null, "FCLASS_US": null, "FCLASS_FR": null, "FCLASS_RU": null, "FCLASS_ES": null, "FCLASS_CN": null, "FCLASS_TW": null, "FCLASS_IN": null, "FCLASS_NP": null, "FCLASS_PK": null, "FCLASS_DE": null, "FCLASS_GB": null, "FCLASS_BR": null, "FCLASS_IL": null, "FCLASS_PS": null, "FCLASS_SA": null, "FCLASS_EG": null, "FCLASS_MA": null, "FCLASS_PT": null, "FCLASS_AR": null, "FCLASS_JP": null, "FCLASS_KO": null, "FCLASS_VN": null, "FCLASS_TR": null, "FCLASS_ID": null, "FCLASS_PL": null, "FCLASS_GR": null, "FCLASS_IT": null, "FCLASS_NL": null, "FCLASS_SE": null, "FCLASS_BD": null, "FCLASS_UA": null, "NE_ID": 1746745257, "BRK_A3": null, "FCLASS_TLC": null }, "geometry": { "type": "LineString", "coordinates": [ [ -83.114821, 35.001477 ], [ -84.32469, 34.988096 ] ] } },
{ "type": "Feature", "properties": { "FEATURECLA": "Admin-1 boundary", "NAME": null, "ADM0_A3": "USA", "ADM0_NAME": "United States of America", "MAPCOLOR9": 1, "MAPCOLOR13": 1, "SCALERANK": 2, "MIN_ZOOM": 2.0, "FCLASS_ISO": null, "FCLASS_US": null, "FCLASS_FR": null, "FCLASS_RU": null, "FCLASS_ES": null, "FCLASS_CN": null, "FCLASS_TW": null, "FCLASS_IN": null, "FCLASS_NP": null, "FCLASS_PK": null, "FCLASS_DE": null, "FCLASS_GB": null, "FCLASS_BR": null, "FCLASS_IL": null, "FCLASS_PS": null, "FCLASS_SA": null, "FCLASS_EG": null, "FCLASS_MA": null, "FCLASS_PT": null, "FCLASS_AR": null, "FCLASS_JP": null, "FCLASS_KO": null, "FCLASS_VN": null, "FCLASS_TR": null, "FCLASS_ID": null, "FCLASS_PL": null, "FCLASS_GR": null, "FCLASS_IT": null, "FCLASS_NL": null, "FCLASS_SE": null, "FCLASS_BD": null, "FCLASS_UA": null, "NE_ID": 1746745205, "BRK_A3": null, "FCLASS_TLC": null }, "geometry": { "type": "LineString", "coordinates": [ [ -90.293705, 35.001114 ], [ -88.173267, 34.999005 ] ] } },
{ "type": "Feature", "properties": { "FEATURECLA": "Admin-1 boundary", "NAME": null, "ADM0_A3": "USA", "ADM0_NAME": "United States of America", "MAPCOLOR9": 1, "MAPCOLOR13": 1, "SCALERANK": 2, "MIN_ZOOM": 2.0, "FCLASS_ISO": null, "FCLASS_US": null, "FCLASS_FR": null, "FCLASS_RU": null, "FCLASS_ES": null, "FCLASS_CN": null, "FCLASS_TW": null, "FCLASS_IN": null, "FCLASS_NP": null, "FCLASS_PK": null, "FCLASS_DE": null, "FCLASS_GB": null, "FCLASS_BR": null, "FCLASS_IL": null, "FCLASS_PS": null, "FCLASS_SA": null, "FCLASS_EG": null, "FCLASS_MA": null, "FCLASS_PT": null, "FCLASS_AR": null, "FCLASS_JP": null, "FCLASS_KO": null, "FCLASS_VN": null, "FCLASS_TR": null, "FCLASS_ID": null, "FCLASS_PL": null, "FCLASS_GR": null, "FCLASS_IT": null, "FCLASS_NL": null, "FCLASS_SE": null, "FCLASS_BD": null, "FCLASS_UA": null, "NE_ID": 1746745249, "BRK_A3": null, "FCLASS_TLC": null }, "geometry": { "type": "LineString", "coordinates": [ [ -83.09655, 35.001642 ], [ -83.096342, 35.001114 ] ] } },
{ "type": "Feature", "properties": { "FEATURECLA": "Admin-1 boundary", "NAME": null, "ADM0_A3": "USA", "ADM0_NAME": "United States of America", "MAPCOLOR9": 1, "MAPCOLOR13": 1, "SCALERANK": 2, "MIN_ZOOM": 2.0, "FCLASS_ISO": null, "FCLASS_US": null, "FCLASS_FR": null, "FCLASS_RU": null, "FCLASS_ES": null, "FCLASS_CN": null, "FCLASS_TW": null, "FCLASS_IN": null, "FCLASS_NP": null, "FCLASS_PK": null, "FCLASS_DE": null, "FCLASS_GB": null, "FCLASS_BR": null, "FCLASS_IL": null, "FCLASS_PS": null, "FCLASS_SA": null, "FCLASS_EG": null, "FCLASS_MA": null, "FCLASS_PT": null, "FCLASS_AR": null, "FCLASS_JP": null, "FCLASS_KO": null, "FCLASS_VN": null, "FCLASS_TR": null, "FCLASS_ID": null, "FCLASS_PL": null, "FCLASS_GR": null, "FCLASS_IT": null, "FCLASS_NL": null, "FCLASS_SE": null, "FCLASS_BD": null, "FCLASS_UA": null, "NE_ID": 1746745171, "BRK_A3": null, "FCLASS_TLC": null }, "geometry": { "type": "LineString", "coordinates": [ [ -85.623604, 35.000862 ], [ -88.203139, 35.024197 ], [ -88.173267, 34.999005 ] ] } },
{ "type": "Feature", "properties": { "FEATURECLA": "Admin-1 boundary", "NAME": null, "ADM0_A3": "USA", "ADM0_NAME": "United States of America", "MAPCOLOR9": 1, "MAPCOLOR13": 1, "SCALERANK": 2, "MIN_ZOOM": 2.0, "FCLASS_ISO": null, "FCLASS_US": null, "FCLASS_FR": null, "FCLASS_RU": null, "FCLASS_ES": null, "FCLASS_CN": null, "FCLASS_TW": null, "FCLASS_IN": null, "FCLASS_NP": null, "FCLASS_PK": null, "FCLASS_DE": null, "FCLASS_GB": null, "FCLASS_BR": null, "FCLASS_IL": null, "FCLASS_PS": null, "FCLASS_SA": null, "FCLASS_EG": null, "FCLASS_MA": null, "FCLASS_PT": null, "FCLASS_AR": null, "FCLASS_JP": null, "FCLASS_KO": null, "FCLASS_VN": null, "FCLASS_TR": null, "FCLASS_ID": null, "FCLASS_PL": null, "FCLASS_GR": null, "FCLASS_IT": null, "FCLASS_NL": null, "FCLASS_SE": null, "FCLASS_BD": null, "FCLASS_UA": null, "NE_ID": 1746745249, "BRK_A3": null, "FCLASS_TLC": null }, "geometry": { "type": "LineString", "coordinates": [ [ -82.777529, 35.086643 ], [ -83.114821, 35.001477 ] ] } },
{ "type": "Feature", "properties": { "FEATURECLA": "Admin-1 boundary", "NAME": null, "ADM0_A3": "USA", "ADM0_NAME": "United States of America", "MAPCOLOR9": 1, "MAPCOLOR13": 1, "SCALERANK": 2, "MIN_ZOOM": 2.0, "FCLASS_ISO": null, "FCLASS_US": null, "FCLASS_FR": null, "FCLASS_RU": null, "FCLASS_ES": null, "FCLASS_CN": null, "FCLASS_TW": null, "FCLASS_IN": null, "FCLASS_NP": null, "FCLASS_PK": null, "FCLASS_DE": null, "FCLASS_GB": null, "FCLASS_BR": null, "FCLASS_IL": null, "FCLASS_PS": null, "FCLASS_SA": null, "FCLASS_EG": null, "FCLASS_MA": null, "FCLASS_PT": null, "FCLASS_AR": null, "FCLASS_JP": null, "FCLASS_KO": null, "FCLASS_VN": null, "FCLASS_TR": null, "FCLASS_ID": null, "FCLASS_PL": null, "FCLASS_GR": null, "FCLASS_IT": null, "FCLASS_NL": null, "FCLASS_SE": null, "FCLASS_BD": null, "FCLASS_UA": null, "NE_ID": 1746745249, "BRK_A3": null, "FCLASS_TLC": null }, "geometry": { "type": "LineString", "coordinates": [ [ -81.087316, 35.155714 ], [ -81.045249, 35.065615 ] ] } },
{ "type": "Feature", "properties": { "FEATURECLA": "Admin-1 boundary", "NAME": null, "ADM0_A3": "USA", "ADM0_NAME": "United States of America", "MAPCOLOR9": 1, "MAPCOLOR13": 1, "SCALERANK": 2, "MIN_ZOOM": 2.0, "FCLASS_ISO": null, "FCLASS_US": null, "FCLASS_FR": null, "FCLASS_RU": null, "FCLASS_ES": null, "FCLASS_CN": null, "FCLASS_TW": null, "FCLASS_IN": null, "FCLASS_NP": null, "FCLASS_PK": null, "FCLASS_DE": null, "FCLASS_GB": null, "FCLASS_BR": null, "FCLASS_IL": null, "FCLASS_PS": null, "FCLASS_SA": null, "FCLASS_EG": null, "FCLASS_MA": null, "FCLASS_PT": null, "FCLASS_AR": null, "FCLASS_JP": null, "FCLASS_KO": null, "FCLASS_VN": null, "FCLASS_TR": null, "FCLASS_ID": null, "FCLASS_PL": null, "FCLASS_GR": null, "FCLASS_IT": null, "FCLASS_NL": null, "FCLASS_SE": null, "FCLASS_BD": null, "FCLASS_UA": null, "NE_ID": 1746745249, "BRK_A3": null, "FCLASS_TLC": null }, "geometry": { "type": "LineString", "coordinates": [ [ -82.777529, 35.086643 ], [ -82.356083, 35.201626 ] ] } },
{ "type": "Feature", "properties": { "FEATURECLA": "Admin-1 boundary", "NAME": null, "ADM0_A3": "USA", "ADM0_NAME": "United States of America", "MAPCOLOR9": 1, "MAPCOLOR13": 1, "SCALERANK": 2, "MIN_ZOOM": 2.0, "FCLASS_ISO": null, "FCLASS_US": null, "FCLASS_FR": null, "FCLASS_RU": null, "FCLASS_ES": null, "FCLASS_CN": null, "FCLASS_TW": null, "FCLASS_IN": null, "FCLASS_NP": null, "FCLASS_PK": null, "FCLASS_DE": null, "FCLASS_GB": null, "FCLASS_BR": null, "FCLASS_IL": null, "FCLASS_PS": null, "FCLASS_SA": null, "FCLASS_EG": null, "FCLASS_MA": null, "FCLASS_PT": null, "FCLASS_AR": null, "FCLASS_JP": null, "FCLASS_KO": null, "FCLASS_VN": null, "FCLASS_TR": null, "FCLASS_ID": null, "FCLASS_PL": null, "FCLASS_GR": null, "FCLASS_IT": null, "FCLASS_NL": null, "FCLASS_SE": null, "FCLASS_BD": null, "FCLASS_UA": null, "NE_ID": 1746745249, "BRK_A3": null, "FCLASS_TLC": null }, "geometry": { "type": "LineString", "coordinates": [ [ -82.356083, 35.201626 ], [ -81.087316, 35.155714 ] ] } },
{ "type": "Feature", "properties": { "FEATURECLA": "Admin-1 boundary", "NAME": null, "ADM0_A3": "USA", "ADM0_NAME": "United States of America", "MAPCOLOR9": 1, "MAPCOLOR13": 1, "SCALERANK": 2, "MIN_ZOOM": 2.0, "FCLASS_ISO": null, "FCLASS_US": null, "FCLASS_FR": null, "FCLASS_RU": null, "FCLASS_ES": null, "FCLASS_CN": null, "FCLASS_TW": null, "FCLASS_IN": null, "FCLASS_NP": null, "FCLASS_PK": null, "FCLASS_DE": null, "FCLASS_GB": null, "FCLASS_BR": null, "FCLASS_IL": null, "FCLASS_PS": null, "FCLASS_SA": null, "FCLASS_EG": null, "FCLASS_MA": null, "FCLASS_PT": null, "FCLASS_AR": null, "FCLASS_JP": null, "FCLASS_KO": null, "FCLASS_VN": null, "FCLASS_TR": null, "FCLASS_ID": null, "FCLASS_PL": null, "FCLASS_GR": null, "FCLASS_IT": null, "FCLASS_NL": null, "FCLASS_SE": null, "FCLASS_BD": null, "FCLASS_UA": null, "NE_ID": 1746745243, "BRK_A3": null, "FCLASS_TLC": null }, "geometry": { "type": "LineString", "coordinates": [ [ -84.32469, 34.988096 ], [ -84.261101, 35.249581 ], [ -84.062281, 35.286012 ], [ -84.003735, 35.414069 ], [ -83.871306, 35.51489 ], [ -83.511119, 35.584082 ], [ -82.990203, 35.800447 ], [ -82.887722, 35.951728 ], [ -82.812817, 35.947444 ], [ -82.700087, 36.029841 ], [ -82.611097, 36.047364 ], [ -82.553408, 35.970987 ], [ -82.294944, 36.13397 ], [ -82.051366, 36.122862 ], [ -81.908247, 36.306411 ], [ -81.734125, 36.355454 ], [ -81.65889, 36.610579 ] ] } },
{ "type": "Feature", "properties": { "FEATURECLA": "Admin-1 boundary", "NAME": null, "ADM0_A3": "USA", "ADM0_NAME": "United States of America", "MAPCOLOR9": 1, "MAPCOLOR13": 1, "SCALERANK": 2, "MIN_ZOOM": 2.0, "FCLASS_ISO": null, "FCLASS_US": null, "FCLASS_FR": null, "FCLASS_RU": null, "FCLASS_ES": null, "FCLASS_CN": null, "FCLASS_TW": null, "FCLASS_IN": null, "FCLASS_NP": null, "FCLASS_PK": null, "FCLASS_DE": null, "FCLASS_GB": null, "FCLASS_BR": null, "FCLASS_IL": null, "FCLASS_PS": null, "FCLASS_SA": null, "FCLASS_EG": null, "FCLASS_MA": null, "FCLASS_PT": null, "FCLASS_AR": null, "FCLASS_JP": null, "FCLASS_KO": null, "FCLASS_VN": null, "FCLASS_TR": null, "FCLASS_ID": null, "FCLASS_PL": null, "FCLASS_GR": null, "FCLASS_IT": null, "FCLASS_NL": null, "FCLASS_SE": null, "FCLASS_BD": null, "FCLASS_UA": null, "NE_ID": 1746745115, "BRK_A3": null, "FCLASS_TLC": null }, "geometry": { "type": "LineString", "coordinates": [ [ -89.450329, 36.500023 ], [ -89.487221, 36.503066 ] ] } },
{ "type": "Feature", "properties": { "FEATURECLA": "Admin-1 boundary", "NAME": null, "ADM0_A3": "USA", "ADM0_NAME": "United States of America", "MAPCOLOR9": 1, "MAPCOLOR13": 1, "SCALERANK": 2, "MIN_ZOOM": 2.0, "FCLASS_ISO": null, "FCLASS_US": null, "FCLASS_FR": null, "FCLASS_RU": null, "FCLASS_ES": null, "FCLASS_CN": null, "FCLASS_TW": null, "FCLASS_IN": null, "FCLASS_NP": null, "FCLASS_PK": null, "FCLASS_DE": null, "FCLASS_GB": null, "FCLASS_BR": null, "FCLASS_IL": null, "FCLASS_PS": null, "FCLASS_SA": null, "FCLASS_EG": null, "FCLASS_MA": null, "FCLASS_PT": null, "FCLASS_AR": null, "FCLASS_JP": null, "FCLASS_KO": null, "FCLASS_VN": null, "FCLASS_TR": null, "FCLASS_ID": null, "FCLASS_PL": null, "FCLASS_GR": null, "FCLASS_IT": null, "FCLASS_NL": null, "FCLASS_SE": null, "FCLASS_BD": null, "FCLASS_UA": null, "NE_ID": 1746745115, "BRK_A3": null, "FCLASS_TLC": null }, "geometry": { "type": "LineString", "coordinates": [ [ -89.487221, 36.503066 ], [ -89.557313, 36.501078 ] ] } },
{ "type": "Feature", "properties": { "FEATURECLA": "Admin-1 boundary", "NAME": null, "ADM0_A3": "USA", "ADM0_NAME": "United States of America", "MAPCOLOR9": 1, "MAPCOLOR13": 1, "SCALERANK": 2, "MIN_ZOOM": 2.0, "FCLASS_ISO": null, "FCLASS_US": null, "FCLASS_FR": null, "FCLASS_RU": null, "FCLASS_ES": null, "FCLASS_CN": null, "FCLASS_TW": null, "FCLASS_IN": null, "FCLASS_NP": null, "FCLASS_PK": null, "FCLASS_DE": null, "FCLASS_GB": null, "FCLASS_BR": null, "FCLASS_IL": null, "FCLASS_PS": null, "FCLASS_SA": null, "FCLASS_EG": null, "FCLASS_MA": null, "FCLASS_PT": null, "FCLASS_AR": null, "FCLASS_JP": null, "FCLASS_KO": null, "FCLASS_VN": null, "FCLASS_TR": null, "FCLASS_ID": null, "FCLASS_PL": null, "FCLASS_GR": null, "FCLASS_IT": null, "FCLASS_NL": null, "FCLASS_SE": null, "FCLASS_BD": null, "FCLASS_UA": null, "NE_ID": 1746745115, "BRK_A3": null, "FCLASS_TLC": null }, "geometry": { "type": "LineString", "coordinates": [ [ -89.487221, 36.503066 ], [ -89.535582, 36.555284 ], [ -89.557313, 36.501078 ] ] } },
{ "type": "Feature", "properties": { "FEATURECLA": "Admin-1 boundary", "NAME": null, "ADM0_A3": "USA", "ADM0_NAME": "United States of America", "MAPCOLOR9": 1, "MAPCOLOR13": 1, "SCALERANK": 2, "MIN_ZOOM": 2.0, "FCLASS_ISO": null, "FCLASS_US": null, "FCLASS_FR": null, "FCLASS_RU": null, "FCLASS_ES": null, "FCLASS_CN": null, "FCLASS_TW": null, "FCLASS_IN": null, "FCLASS_NP": null, "FCLASS_PK": null, "FCLASS_DE": null, "FCLASS_GB": null, "FCLASS_BR": null, "FCLASS_IL": null, "FCLASS_PS": null, "FCLASS_SA": null, "FCLASS_EG": null, "FCLASS_MA": null, "FCLASS_PT": null, "FCLASS_AR": null, "FCLASS_JP": null, "FCLASS_KO": null, "FCLASS_VN": null, "FCLASS_TR": null, "FCLASS_ID": null, "FCLASS_PL": null, "FCLASS_GR": null, "FCLASS_IT": null, "FCLASS_NL": null, "FCLASS_SE": null, "FCLASS_BD": null, "FCLASS_UA": null, "NE_ID": 1746745293, "BRK_A3": null, "FCLASS_TLC": null }, "geometry": { "type": "LineString", "coordinates": [ [ -75.857428, 36.550582 ], [ -81.65889, 36.610579 ] ] } },
{ "type": "Feature", "properties": { "FEATURECLA": "Admin-1 boundary", "NAME": null, "ADM0_A3": "USA", "ADM0_NAME": "United States of America", "MAPCOLOR9": 1, "MAPCOLOR13": 1, "SCALERANK": 2, "MIN_ZOOM": 2.0, "FCLASS_ISO": null, "FCLASS_US": null, "FCLASS_FR": null, "FCLASS_RU": null, "FCLASS_ES": null, "FCLASS_CN": null, "FCLASS_TW": null, "FCLASS_IN": null, "FCLASS_NP": null, "FCLASS_PK": null, "FCLASS_DE": null, "FCLASS_GB": null, "FCLASS_BR": null, "FCLASS_IL": null, "FCLASS_PS": null, "FCLASS_SA": null, "FCLASS_EG": null, "FCLASS_MA": null, "FCLASS_PT": null, "FCLASS_AR": null, "FCLASS_JP": null, "FCLASS_KO": null, "FCLASS_VN": null, "FCLASS_TR": null, "FCLASS_ID": null, "FCLASS_PL": null, "FCLASS_GR": null, "FCLASS_IT": null, "FCLASS_NL": null, "FCLASS_SE": null, "FCLASS_BD": null, "FCLASS_UA": null, "NE_ID": 1746745167, "BRK_A3": null, "FCLASS_TLC": null }, "geometry": { "type": "LineString", "coordinates": [ [ -83.667521, 36.60503 ], [ -86.507586, 36.66484 ], [ -87.839151, 36.643966 ], [ -88.096297, 36.693009 ], [ -88.059108, 36.499683 ], [ -89.450329, 36.500023 ] ] } },
{ "type": "Feature", "properties": { "FEATURECLA": "Admin-1 boundary", "NAME": null, "ADM0_A3": "USA", "ADM0_NAME": "United States of America", "MAPCOLOR9": 1, "MAPCOLOR13": 1, "SCALERANK": 2, "MIN_ZOOM": 2.0, "FCLASS_ISO": null, "FCLASS_US": null, "FCLASS_FR": null, "FCLASS_RU": null, "FCLASS_ES": null, "FCLASS_CN": null, "FCLASS_TW": null, "FCLASS_IN": null, "FCLASS_NP": null, "FCLASS_PK": null, "FCLASS_DE": null, "FCLASS_GB": null, "FCLASS_BR": null, "FCLASS_IL": null, "FCLASS_PS": null, "FCLASS_SA": null, "FCLASS_EG": null, "FCLASS_MA": null, "FCLASS_PT": null, "FCLASS_AR": null, "FCLASS_JP": null, "FCLASS_KO": null, "FCLASS_VN": null, "FCLASS_TR": null, "FCLASS_ID": null, "FCLASS_PL": null, "FCLASS_GR": null, "FCLASS_IT": null, "FCLASS_NL": null, "FCLASS_SE": null, "FCLASS_BD": null, "FCLASS_UA": null, "NE_ID": 1746745285, "BRK_A3": null, "FCLASS_TLC": null }, "geometry": { "type": "LineString", "coordinates": [ [ -81.65889, 36.610579 ], [ -83.667521, 36.60503 ] ] } },
{ "type": "Feature", "properties": { "FEATURECLA": "Admin-1 boundary", "NAME": null, "ADM0_A3": "USA", "ADM0_NAME": "United States of America", "MAPCOLOR9": 1, "MAPCOLOR13": 1, "SCALERANK": 2, "MIN_ZOOM": 2.0, "FCLASS_ISO": null, "FCLASS_US": null, "FCLASS_FR": null, "FCLASS_RU": null, "FCLASS_ES": null, "FCLASS_CN": null, "FCLASS_TW": null, "FCLASS_IN": null, "FCLASS_NP": null, "FCLASS_PK": null, "FCLASS_DE": null, "FCLASS_GB": null, "FCLASS_BR": null, "FCLASS_IL": null, "FCLASS_PS": null, "FCLASS_SA": null, "FCLASS_EG": null, "FCLASS_MA": null, "FCLASS_PT": null, "FCLASS_AR": null, "FCLASS_JP": null, "FCLASS_KO": null, "FCLASS_VN": null, "FCLASS_TR": null, "FCLASS_ID": null, "FCLASS_PL": null, "FCLASS_GR": null, "FCLASS_IT": null, "FCLASS_NL": null, "FCLASS_SE": null, "FCLASS_BD": null, "FCLASS_UA": null, "NE_ID": 1746745097, "BRK_A3": null, "FCLASS_TLC": null }, "geometry": { "type": "LineString", "coordinates": [ [ -89.154313, 36.992112 ], [ -89.129517, 36.811057 ], [ -89.203048, 36.62552 ], [ -89.397462, 36.587793 ], [ -89.450329, 36.500023 ] ] } },
{ "type": "Feature", "properties": { "FEATURECLA": "Admin-1 boundary", "NAME": null, "ADM0_A3": "USA", "ADM0_NAME": "United States of America", "MAPCOLOR9": 1, "MAPCOLOR13": 1, "SCALERANK": 2, "MIN_ZOOM": 2.0, "FCLASS_ISO": null, "FCLASS_US": null, "FCLASS_FR": null, "FCLASS_RU": null, "FCLASS_ES": null, "FCLASS_CN": null, "FCLASS_TW": null, "FCLASS_IN": null, "FCLASS_NP": null, "FCLASS_PK": null, "FCLASS_DE": null, "FCLASS_GB": null, "FCLASS_BR": null, "FCLASS_IL": null, "FCLASS_PS": null, "FCLASS_SA": null, "FCLASS_EG": null, "FCLASS_MA": null, "FCLASS_PT": null, "FCLASS_AR": null, "FCLASS_JP": null, "FCLASS_KO": null, "FCLASS_VN": null, "FCLASS_TR": null, "FCLASS_ID": null, "FCLASS_PL": null, "FCLASS_GR": null, "FCLASS_IT": null, "FCLASS_NL": null, "FCLASS_SE": null, "FCLASS_BD": null, "FCLASS_UA": null, "NE_ID": 1746745277, "BRK_A3": null, "FCLASS_TLC": null }, "geometry": { "type": "LineString", "coordinates": [ [ -81.965277, 37.539725 ], [ -82.681586, 37.13812 ], [ -82.894501, 36.906374 ], [ -83.150218, 36.762333 ], [ -83.667521, 36.60503 ] ] } },
{ "type": "Feature", "properties": { "FEATURECLA": "Admin-1 boundary", "NAME": null, "ADM0_A3": "USA", "ADM0_NAME": "United States of America", "MAPCOLOR9": 1, "MAPCOLOR13": 1, "SCALERANK": 2, "MIN_ZOOM": 2.0, "FCLASS_ISO": null, "FCLASS_US": null, "FCLASS_FR": null, "FCLASS_RU": null, "FCLASS_ES": null, "FCLASS_CN": null, "FCLASS_TW": null, "FCLASS_IN": null, "FCLASS_NP": null, "FCLASS_PK": null, "FCLASS_DE": null, "FCLASS_GB": null, "FCLASS_BR": null, "FCLASS_IL": null, "FCLASS_PS": null, "FCLASS_SA": null, "FCLASS_EG": null, "FCLASS_MA": null, "FCLASS_PT": null, "FCLASS_AR": null, "FCLASS_JP": null, "FCLASS_KO": null, "FCLASS_VN": null, "FCLASS_TR": null, "FCLASS_ID": null, "FCLASS_PL": null, "FCLASS_GR": null, "FCLASS_IT": null, "FCLASS_NL": null, "FCLASS_SE": null, "FCLASS_BD": null, "FCLASS_UA": null, "NE_ID": 1746745415, "BRK_A3": null, "FCLASS_TLC": null }, "geometry": { "type": "LineString", "coordinates": [ [ -88.041991, 37.788851 ], [ -88.128959, 37.69951 ], [ -88.107514, 37.534353 ], [ -88.190504, 37.464557 ], [ -88.494672, 37.364285 ], [ -88.471666, 37.088385 ], [ -88.872602, 37.185537 ], [ -89.046207, 37.182977 ], [ -89.134603, 37.102469 ], [ -89.154313, 36.992112 ] ] } },
{ "type": "Feature", "properties": { "FEATURECLA": "Admin-1 boundary", "NAME": null, "ADM0_A3": "USA", "ADM0_NAME": "United States of America", "MAPCOLOR9": 1, "MAPCOLOR13": 1, "SCALERANK": 2, "MIN_ZOOM": 2.0, "FCLASS_ISO": null, "FCLASS_US": null, "FCLASS_FR": null, "FCLASS_RU": null, "FCLASS_ES": null, "FCLASS_CN": null, "FCLASS_TW": null, "FCLASS_IN": null, "FCLASS_NP": null, "FCLASS_PK": null, "FCLASS_DE": null, "FCLASS_GB": null, "FCLASS_BR": null, "FCLASS_IL": null, "FCLASS_PS": null, "FCLASS_SA": null, "FCLASS_EG": null, "FCLASS_MA": null, "FCLASS_PT": null, "FCLASS_AR": null, "FCLASS_JP": null, "FCLASS_KO": null, "FCLASS_VN": null, "FCLASS_TR": null, "FCLASS_ID": null, "FCLASS_PL": null, "FCLASS_GR": null, "FCLASS_IT": null, "FCLASS_NL": null, "FCLASS_SE": null, "FCLASS_BD": null, "FCLASS_UA": null, "NE_ID": 1746745161, "BRK_A3": null, "FCLASS_TLC": null }, "geometry": { "type": "LineString", "coordinates": [ [ -81.965277, 37.539725 ], [ -82.103463, 37.570575 ], [ -82.280244, 37.687184 ], [ -82.588773, 38.099742 ], [ -82.619546, 38.182008 ], [ -82.589498, 38.420345 ] ] } },
{ "type": "Feature", "properties": { "FEATURECLA": "Admin-1 boundary", "NAME": null, "ADM0_A3": "USA", "ADM0_NAME": "United States of America", "MAPCOLOR9": 1, "MAPCOLOR13": 1, "SCALERANK": 2, "MIN_ZOOM": 2.0, "FCLASS_ISO": null, "FCLASS_US": null, "FCLASS_FR": null, "FCLASS_RU": null, "FCLASS_ES": null, "FCLASS_CN": null, "FCLASS_TW": null, "FCLASS_IN": null, "FCLASS_NP": null, "FCLASS_PK": null, "FCLASS_DE": null, "FCLASS_GB": null, "FCLASS_BR": null, "FCLASS_IL": null, "FCLASS_PS": null, "FCLASS_SA": null, "FCLASS_EG": null, "FCLASS_MA": null, "FCLASS_PT": null, "FCLASS_AR": null, "FCLASS_JP": null, "FCLASS_KO": null, "FCLASS_VN": null, "FCLASS_TR": null, "FCLASS_ID": null, "FCLASS_PL": null, "FCLASS_GR": null, "FCLASS_IT": null, "FCLASS_NL": null, "FCLASS_SE": null, "FCLASS_BD": null, "FCLASS_UA": null, "NE_ID": 1746709645, "BRK_A3": null, "FCLASS_TLC": null }, "geometry": { "type": "LineString", "coordinates": [ [ -75.659256, 37.953965 ], [ -75.620002, 37.999207 ], [ -75.22411, 38.040526 ] ] } },
{ "type": "Feature", "properties": { "FEATURECLA": "Admin-1 boundary", "NAME": null, "ADM0_A3": "USA", "ADM0_NAME": "United States of America", "MAPCOLOR9": 1, "MAPCOLOR13": 1, "SCALERANK": 2, "MIN_ZOOM": 2.0, "FCLASS_ISO": null, "FCLASS_US": null, "FCLASS_FR": null, "FCLASS_RU": null, "FCLASS_ES": null, "FCLASS_CN": null, "FCLASS_TW": null, "FCLASS_IN": null, "FCLASS_NP": null, "FCLASS_PK": null, "FCLASS_DE": null, "FCLASS_GB": null, "FCLASS_BR": null, "FCLASS_IL": null, "FCLASS_PS": null, "FCLASS_SA": null, "FCLASS_EG": null, "FCLASS_MA": null, "FCLASS_PT": null, "FCLASS_AR": null, "FCLASS_JP": null, "FCLASS_KO": null, "FCLASS_VN": null, "FCLASS_TR": null, "FCLASS_ID": null, "FCLASS_PL": null, "FCLASS_GR": null, "FCLASS_IT": null, "FCLASS_NL": null, "FCLASS_SE": null, "FCLASS_BD": null, "FCLASS_UA": null, "NE_ID": 1746745289, "BRK_A3": null, "FCLASS_TLC": null }, "geometry": { "type": "LineString", "coordinates": [ [ -81.965277, 37.539725 ], [ -81.971396, 37.47306 ], [ -81.87564, 37.329612 ], [ -81.589017, 37.20807 ], [ -81.350043, 37.333688 ], [ -81.178118, 37.263331 ], [ -80.915369, 37.311363 ], [ -80.843485, 37.421721 ], [ -80.719845, 37.401023 ], [ -80.507402, 37.469061 ], [ -80.464512, 37.432729 ], [ -80.316075, 37.5097 ], [ -80.245818, 37.620782 ], [ -80.285303, 37.677054 ], [ -80.245928, 37.751025 ], [ -79.971731, 38.046151 ], [ -79.639603, 38.572451 ], [ -79.395871, 38.454392 ], [ -79.240272, 38.476519 ], [ -79.041189, 38.789673 ], [ -78.868725, 38.817941 ], [ -78.581477, 38.999017 ], [ -78.435238, 39.160758 ], [ -78.322221, 39.451852 ], [ -77.835791, 39.145212 ], [ -77.726642, 39.346438 ] ] } },
{ "type": "Feature", "properties": { "FEATURECLA": "Admin-1 boundary", "NAME": null, "ADM0_A3": "USA", "ADM0_NAME": "United States of America", "MAPCOLOR9": 1, "MAPCOLOR13": 1, "SCALERANK": 2, "MIN_ZOOM": 2.0, "FCLASS_ISO": null, "FCLASS_US": null, "FCLASS_FR": null, "FCLASS_RU": null, "FCLASS_ES": null, "FCLASS_CN": null, "FCLASS_TW": null, "FCLASS_IN": null, "FCLASS_NP": null, "FCLASS_PK": null, "FCLASS_DE": null, "FCLASS_GB": null, "FCLASS_BR": null, "FCLASS_IL": null, "FCLASS_PS": null, "FCLASS_SA": null, "FCLASS_EG": null, "FCLASS_MA": null, "FCLASS_PT": null, "FCLASS_AR": null, "FCLASS_JP": null, "FCLASS_KO": null, "FCLASS_VN": null, "FCLASS_TR": null, "FCLASS_ID": null, "FCLASS_PL": null, "FCLASS_GR": null, "FCLASS_IT": null, "FCLASS_NL": null, "FCLASS_SE": null, "FCLASS_BD": null, "FCLASS_UA": null, "NE_ID": 1746745161, "BRK_A3": null, "FCLASS_TLC": null }, "geometry": { "type": "LineString", "coordinates": [ [ -82.589037, 38.419774 ], [ -82.599529, 38.432332 ] ] } },
{ "type": "Feature", "properties": { "FEATURECLA": "Admin-1 boundary", "NAME": null, "ADM0_A3": "USA", "ADM0_NAME": "United States of America", "MAPCOLOR9": 1, "MAPCOLOR13": 1, "SCALERANK": 2, "MIN_ZOOM": 2.0, "FCLASS_ISO": null, "FCLASS_US": null, "FCLASS_FR": null, "FCLASS_RU": null, "FCLASS_ES": null, "FCLASS_CN": null, "FCLASS_TW": null, "FCLASS_IN": null, "FCLASS_NP": null, "FCLASS_PK": null, "FCLASS_DE": null, "FCLASS_GB": null, "FCLASS_BR": null, "FCLASS_IL": null, "FCLASS_PS": null, "FCLASS_SA": null, "FCLASS_EG": null, "FCLASS_MA": null, "FCLASS_PT": null, "FCLASS_AR": null, "FCLASS_JP": null, "FCLASS_KO": null, "FCLASS_VN": null, "FCLASS_TR": null, "FCLASS_ID": null, "FCLASS_PL": null, "FCLASS_GR": null, "FCLASS_IT": null, "FCLASS_NL": null, "FCLASS_SE": null, "FCLASS_BD": null, "FCLASS_UA": null, "NE_ID": 1746745161, "BRK_A3": null, "FCLASS_TLC": null }, "geometry": { "type": "LineString", "coordinates": [ [ -82.612778, 38.448218 ], [ -82.589498, 38.420345 ] ] } },
{ "type": "Feature", "properties": { "FEATURECLA": "Admin-1 boundary", "NAME": null, "ADM0_A3": "USA", "ADM0_NAME": "United States of America", "MAPCOLOR9": 1, "MAPCOLOR13": 1, "SCALERANK": 2, "MIN_ZOOM": 2.0, "FCLASS_ISO": null, "FCLASS_US": null, "FCLASS_FR": null, "FCLASS_RU": null, "FCLASS_ES": null, "FCLASS_CN": null, "FCLASS_TW": null, "FCLASS_IN": null, "FCLASS_NP": null, "FCLASS_PK": null, "FCLASS_DE": null, "FCLASS_GB": null, "FCLASS_BR": null, "FCLASS_IL": null, "FCLASS_PS": null, "FCLASS_SA": null, "FCLASS_EG": null, "FCLASS_MA": null, "FCLASS_PT": null, "FCLASS_AR": null, "FCLASS_JP": null, "FCLASS_KO": null, "FCLASS_VN": null, "FCLASS_TR": null, "FCLASS_ID": null, "FCLASS_PL": null, "FCLASS_GR": null, "FCLASS_IT": null, "FCLASS_NL": null, "FCLASS_SE": null, "FCLASS_BD": null, "FCLASS_UA": null, "NE_ID": 1746745435, "BRK_A3": null, "FCLASS_TLC": null }, "geometry": { "type": "LineString", "coordinates": [ [ -84.821711, 39.091984 ], [ -84.863888, 38.933231 ], [ -84.78962, 38.868379 ], [ -84.800739, 38.819391 ], [ -85.16989, 38.690378 ], [ -85.405426, 38.729962 ], [ -85.458677, 38.530209 ], [ -85.706287, 38.301353 ], [ -85.788453, 38.285214 ], [ -86.021331, 37.984353 ], [ -86.207527, 38.036571 ], [ -86.361445, 38.178987 ], [ -86.457378, 38.120155 ], [ -86.599233, 37.874797 ], [ -86.86908, 37.976135 ], [ -87.141035, 37.805243 ], [ -87.372385, 37.923478 ], [ -87.587388, 37.95569 ], [ -87.643253, 37.833038 ], [ -87.714456, 37.899604 ], [ -87.874428, 37.915743 ], [ -87.938115, 37.793817 ], [ -88.041991, 37.788851 ] ] } },
{ "type": "Feature", "properties": { "FEATURECLA": "Admin-1 boundary", "NAME": null, "ADM0_A3": "USA", "ADM0_NAME": "United States of America", "MAPCOLOR9": 1, "MAPCOLOR13": 1, "SCALERANK": 2, "MIN_ZOOM": 2.0, "FCLASS_ISO": null, "FCLASS_US": null, "FCLASS_FR": null, "FCLASS_RU": null, "FCLASS_ES": null, "FCLASS_CN": null, "FCLASS_TW": null, "FCLASS_IN": null, "FCLASS_NP": null, "FCLASS_PK": null, "FCLASS_DE": null, "FCLASS_GB": null, "FCLASS_BR": null, "FCLASS_IL": null, "FCLASS_PS": null, "FCLASS_SA": null, "FCLASS_EG": null, "FCLASS_MA": null, "FCLASS_PT": null, "FCLASS_AR": null, "FCLASS_JP": null, "FCLASS_KO": null, "FCLASS_VN": null, "FCLASS_TR": null, "FCLASS_ID": null, "FCLASS_PL": null, "FCLASS_GR": null, "FCLASS_IT": null, "FCLASS_NL": null, "FCLASS_SE": null, "FCLASS_BD": null, "FCLASS_UA": null, "NE_ID": 1746745165, "BRK_A3": null, "FCLASS_TLC": null }, "geometry": { "type": "LineString", "coordinates": [ [ -82.612778, 38.448218 ], [ -82.758226, 38.541162 ], [ -82.880438, 38.710253 ], [ -83.203469, 38.638907 ], [ -83.35697, 38.627405 ], [ -83.538387, 38.69986 ], [ -83.689878, 38.649531 ], [ -84.227285, 38.865204 ], [ -84.43006, 39.090896 ], [ -84.706948, 39.128909 ], [ -84.821711, 39.091984 ] ] } },
{ "type": "Feature", "properties": { "FEATURECLA": "Admin-1 boundary", "NAME": null, "ADM0_A3": "USA", "ADM0_NAME": "United States of America", "MAPCOLOR9": 1, "MAPCOLOR13": 1, "SCALERANK": 2, "MIN_ZOOM": 2.0, "FCLASS_ISO": null, "FCLASS_US": null, "FCLASS_FR": null, "FCLASS_RU": null, "FCLASS_ES": null, "FCLASS_CN": null, "FCLASS_TW": null, "FCLASS_IN": null, "FCLASS_NP": null, "FCLASS_PK": null, "FCLASS_DE": null, "FCLASS_GB": null, "FCLASS_BR": null, "FCLASS_IL": null, "FCLASS_PS": null, "FCLASS_SA": null, "FCLASS_EG": null, "FCLASS_MA": null, "FCLASS_PT": null, "FCLASS_AR": null, "FCLASS_JP": null, "FCLASS_KO": null, "FCLASS_VN": null, "FCLASS_TR": null, "FCLASS_ID": null, "FCLASS_PL": null, "FCLASS_GR": null, "FCLASS_IT": null, "FCLASS_NL": null, "FCLASS_SE": null, "FCLASS_BD": null, "FCLASS_UA": null, "NE_ID": 1746745327, "BRK_A3": null, "FCLASS_TLC": null }, "geometry": { "type": "LineString", "coordinates": [ [ -77.122053, 38.943536 ], [ -77.030361, 38.889253 ], [ -77.019737, 38.806526 ] ] } },
{ "type": "Feature", "properties": { "FEATURECLA": "Admin-1 boundary", "NAME": null, "ADM0_A3": "USA", "ADM0_NAME": "United States of America", "MAPCOLOR9": 1, "MAPCOLOR13": 1, "SCALERANK": 2, "MIN_ZOOM": 2.0, "FCLASS_ISO": null, "FCLASS_US": null, "FCLASS_FR": null, "FCLASS_RU": null, "FCLASS_ES": null, "FCLASS_CN": null, "FCLASS_TW": null, "FCLASS_IN": null, "FCLASS_NP": null, "FCLASS_PK": null, "FCLASS_DE": null, "FCLASS_GB": null, "FCLASS_BR": null, "FCLASS_IL": null, "FCLASS_PS": null, "FCLASS_SA": null, "FCLASS_EG": null, "FCLASS_MA": null, "FCLASS_PT": null, "FCLASS_AR": null, "FCLASS_JP": null, "FCLASS_KO": null, "FCLASS_VN": null, "FCLASS_TR": null, "FCLASS_ID": null, "FCLASS_PL": null, "FCLASS_GR": null, "FCLASS_IT": null, "FCLASS_NL": null, "FCLASS_SE": null, "FCLASS_BD": null, "FCLASS_UA": null, "NE_ID": 1746745333, "BRK_A3": null, "FCLASS_TLC": null }, "geometry": { "type": "LineString", "coordinates": [ [ -77.019737, 38.806526 ], [ -76.931242, 38.88822 ], [ -77.042116, 39.011783 ], [ -77.122053, 38.943536 ] ] } },
{ "type": "Feature", "properties": { "FEATURECLA": "Admin-1 boundary", "NAME": null, "ADM0_A3": "USA", "ADM0_NAME": "United States of America", "MAPCOLOR9": 1, "MAPCOLOR13": 1, "SCALERANK": 2, "MIN_ZOOM": 2.0, "FCLASS_ISO": null, "FCLASS_US": null, "FCLASS_FR": null, "FCLASS_RU": null, "FCLASS_ES": null, "FCLASS_CN": null, "FCLASS_TW": null, "FCLASS_IN": null, "FCLASS_NP": null, "FCLASS_PK": null, "FCLASS_DE": null, "FCLASS_GB": null, "FCLASS_BR": null, "FCLASS_IL": null, "FCLASS_PS": null, "FCLASS_SA": null, "FCLASS_EG": null, "FCLASS_MA": null, "FCLASS_PT": null, "FCLASS_AR": null, "FCLASS_JP": null, "FCLASS_KO": null, "FCLASS_VN": null, "FCLASS_TR": null, "FCLASS_ID": null, "FCLASS_PL": null, "FCLASS_GR": null, "FCLASS_IT": null, "FCLASS_NL": null, "FCLASS_SE": null, "FCLASS_BD": null, "FCLASS_UA": null, "NE_ID": 1746745309, "BRK_A3": null, "FCLASS_TLC": null }, "geometry": { "type": "LineString", "coordinates": [ [ -75.78472, 39.722357 ], [ -75.707025, 38.455073 ], [ -75.037661, 38.45559 ] ] } },
{ "type": "Feature", "properties": { "FEATURECLA": "Admin-1 boundary", "NAME": null, "ADM0_A3": "USA", "ADM0_NAME": "United States of America", "MAPCOLOR9": 1, "MAPCOLOR13": 1, "SCALERANK": 2, "MIN_ZOOM": 2.0, "FCLASS_ISO": null, "FCLASS_US": null, "FCLASS_FR": null, "FCLASS_RU": null, "FCLASS_ES": null, "FCLASS_CN": null, "FCLASS_TW": null, "FCLASS_IN": null, "FCLASS_NP": null, "FCLASS_PK": null, "FCLASS_DE": null, "FCLASS_GB": null, "FCLASS_BR": null, "FCLASS_IL": null, "FCLASS_PS": null, "FCLASS_SA": null, "FCLASS_EG": null, "FCLASS_MA": null, "FCLASS_PT": null, "FCLASS_AR": null, "FCLASS_JP": null, "FCLASS_KO": null, "FCLASS_VN": null, "FCLASS_TR": null, "FCLASS_ID": null, "FCLASS_PL": null, "FCLASS_GR": null, "FCLASS_IT": null, "FCLASS_NL": null, "FCLASS_SE": null, "FCLASS_BD": null, "FCLASS_UA": null, "NE_ID": 1746745333, "BRK_A3": null, "FCLASS_TLC": null }, "geometry": { "type": "LineString", "coordinates": [ [ -77.726642, 39.346438 ], [ -77.478856, 39.220864 ], [ -77.480921, 39.112957 ], [ -77.122053, 38.943536 ] ] } },
{ "type": "Feature", "properties": { "FEATURECLA": "Admin-1 boundary", "NAME": null, "ADM0_A3": "USA", "ADM0_NAME": "United States of America", "MAPCOLOR9": 1, "MAPCOLOR13": 1, "SCALERANK": 2, "MIN_ZOOM": 2.0, "FCLASS_ISO": null, "FCLASS_US": null, "FCLASS_FR": null, "FCLASS_RU": null, "FCLASS_ES": null, "FCLASS_CN": null, "FCLASS_TW": null, "FCLASS_IN": null, "FCLASS_NP": null, "FCLASS_PK": null, "FCLASS_DE": null, "FCLASS_GB": null, "FCLASS_BR": null, "FCLASS_IL": null, "FCLASS_PS": null, "FCLASS_SA": null, "FCLASS_EG": null, "FCLASS_MA": null, "FCLASS_PT": null, "FCLASS_AR": null, "FCLASS_JP": null, "FCLASS_KO": null, "FCLASS_VN": null, "FCLASS_TR": null, "FCLASS_ID": null, "FCLASS_PL": null, "FCLASS_GR": null, "FCLASS_IT": null, "FCLASS_NL": null, "FCLASS_SE": null, "FCLASS_BD": null, "FCLASS_UA": null, "NE_ID": 1746714525, "BRK_A3": null, "FCLASS_TLC": null }, "geometry": { "type": "LineString", "coordinates": [ [ -103.000839, 37.000846 ], [ -109.04667, 37.000846 ] ] } },
{ "type": "Feature", "properties": { "FEATURECLA": "Admin-1 boundary", "NAME": null, "ADM0_A3": "USA", "ADM0_NAME": "United States of America", "MAPCOLOR9": 1, "MAPCOLOR13": 1, "SCALERANK": 2, "MIN_ZOOM": 2.0, "FCLASS_ISO": null, "FCLASS_US": null, "FCLASS_FR": null, "FCLASS_RU": null, "FCLASS_ES": null, "FCLASS_CN": null, "FCLASS_TW": null, "FCLASS_IN": null, "FCLASS_NP": null, "FCLASS_PK": null, "FCLASS_DE": null, "FCLASS_GB": null, "FCLASS_BR": null, "FCLASS_IL": null, "FCLASS_PS": null, "FCLASS_SA": null, "FCLASS_EG": null, "FCLASS_MA": null, "FCLASS_PT": null, "FCLASS_AR": null, "FCLASS_JP": null, "FCLASS_KO": null, "FCLASS_VN": null, "FCLASS_TR": null, "FCLASS_ID": null, "FCLASS_PL": null, "FCLASS_GR": null, "FCLASS_IT": null, "FCLASS_NL": null, "FCLASS_SE": null, "FCLASS_BD": null, "FCLASS_UA": null, "NE_ID": 1746714589, "BRK_A3": null, "FCLASS_TLC": null }, "geometry": { "type": "LineString", "coordinates": [ [ -94.618067, 37.000846 ], [ -102.012783, 37.000846 ] ] } },
{ "type": "Feature", "properties": { "FEATURECLA": "Admin-1 boundary", "NAME": null, "ADM0_A3": "USA", "ADM0_NAME": "United States of America", "MAPCOLOR9": 1, "MAPCOLOR13": 1, "SCALERANK": 2, "MIN_ZOOM": 2.0, "FCLASS_ISO": null, "FCLASS_US": null, "FCLASS_FR": null, "FCLASS_RU": null, "FCLASS_ES": null, "FCLASS_CN": null, "FCLASS_TW": null, "FCLASS_IN": null, "FCLASS_NP": null, "FCLASS_PK": null, "FCLASS_DE": null, "FCLASS_GB": null, "FCLASS_BR": null, "FCLASS_IL": null, "FCLASS_PS": null, "FCLASS_SA": null, "FCLASS_EG": null, "FCLASS_MA": null, "FCLASS_PT": null, "FCLASS_AR": null, "FCLASS_JP": null, "FCLASS_KO": null, "FCLASS_VN": null, "FCLASS_TR": null, "FCLASS_ID": null, "FCLASS_PL": null, "FCLASS_GR": null, "FCLASS_IT": null, "FCLASS_NL": null, "FCLASS_SE": null, "FCLASS_BD": null, "FCLASS_UA": null, "NE_ID": 1746714507, "BRK_A3": null, "FCLASS_TLC": null }, "geometry": { "type": "LineString", "coordinates": [ [ -114.04027, 37.004153 ], [ -109.04667, 37.000846 ] ] } },
{ "type": "Feature", "properties": { "FEATURECLA": "Admin-1 boundary", "NAME": null, "ADM0_A3": "USA", "ADM0_NAME": "United States of America", "MAPCOLOR9": 1, "MAPCOLOR13": 1, "SCALERANK": 2, "MIN_ZOOM": 2.0, "FCLASS_ISO": null, "FCLASS_US": null, "FCLASS_FR": null, "FCLASS_RU": null, "FCLASS_ES": null, "FCLASS_CN": null, "FCLASS_TW": null, "FCLASS_IN": null, "FCLASS_NP": null, "FCLASS_PK": null, "FCLASS_DE": null, "FCLASS_GB": null, "FCLASS_BR": null, "FCLASS_IL": null, "FCLASS_PS": null, "FCLASS_SA": null, "FCLASS_EG": null, "FCLASS_MA": null, "FCLASS_PT": null, "FCLASS_AR": null, "FCLASS_JP": null, "FCLASS_KO": null, "FCLASS_VN": null, "FCLASS_TR": null, "FCLASS_ID": null, "FCLASS_PL": null, "FCLASS_GR": null, "FCLASS_IT": null, "FCLASS_NL": null, "FCLASS_SE": null, "FCLASS_BD": null, "FCLASS_UA": null, "NE_ID": 1746745125, "BRK_A3": null, "FCLASS_TLC": null }, "geometry": { "type": "LineString", "coordinates": [ [ -94.624527, 39.086062 ], [ -94.618067, 37.000846 ] ] } },
{ "type": "Feature", "properties": { "FEATURECLA": "Admin-1 boundary", "NAME": null, "ADM0_A3": "USA", "ADM0_NAME": "United States of America", "MAPCOLOR9": 1, "MAPCOLOR13": 1, "SCALERANK": 2, "MIN_ZOOM": 2.0, "FCLASS_ISO": null, "FCLASS_US": null, "FCLASS_FR": null, "FCLASS_RU": null, "FCLASS_ES": null, "FCLASS_CN": null, "FCLASS_TW": null, "FCLASS_IN": null, "FCLASS_NP": null, "FCLASS_PK": null, "FCLASS_DE": null, "FCLASS_GB": null, "FCLASS_BR": null, "FCLASS_IL": null, "FCLASS_PS": null, "FCLASS_SA": null, "FCLASS_EG": null, "FCLASS_MA": null, "FCLASS_PT": null, "FCLASS_AR": null, "FCLASS_JP": null, "FCLASS_KO": null, "FCLASS_VN": null, "FCLASS_TR": null, "FCLASS_ID": null, "FCLASS_PL": null, "FCLASS_GR": null, "FCLASS_IT": null, "FCLASS_NL": null, "FCLASS_SE": null, "FCLASS_BD": null, "FCLASS_UA": null, "NE_ID": 1746745121, "BRK_A3": null, "FCLASS_TLC": null }, "geometry": { "type": "LineString", "coordinates": [ [ -114.610543, 34.991117 ], [ -118.126272, 37.69238 ], [ -120.000062, 39.000259 ], [ -120.000809, 42.000559 ] ] } },
{ "type": "Feature", "properties": { "FEATURECLA": "Admin-1 boundary", "NAME": null, "ADM0_A3": "USA", "ADM0_NAME": "United States of America", "MAPCOLOR9": 1, "MAPCOLOR13": 1, "SCALERANK": 2, "MIN_ZOOM": 2.0, "FCLASS_ISO": null, "FCLASS_US": null, "FCLASS_FR": null, "FCLASS_RU": null, "FCLASS_ES": null, "FCLASS_CN": null, "FCLASS_TW": null, "FCLASS_IN": null, "FCLASS_NP": null, "FCLASS_PK": null, "FCLASS_DE": null, "FCLASS_GB": null, "FCLASS_BR": null, "FCLASS_IL": null, "FCLASS_PS": null, "FCLASS_SA": null, "FCLASS_EG": null, "FCLASS_MA": null, "FCLASS_PT": null, "FCLASS_AR": null, "FCLASS_JP": null, "FCLASS_KO": null, "FCLASS_VN": null, "FCLASS_TR": null, "FCLASS_ID": null, "FCLASS_PL": null, "FCLASS_GR": null, "FCLASS_IT": null, "FCLASS_NL": null, "FCLASS_SE": null, "FCLASS_BD": null, "FCLASS_UA": null, "NE_ID": 1746714565, "BRK_A3": null, "FCLASS_TLC": null }, "geometry": { "type": "LineString", "coordinates": [ [ -102.012783, 37.000846 ], [ -102.024489, 40.001124 ] ] } },
{ "type": "Feature", "properties": { "FEATURECLA": "Admin-1 boundary", "NAME": null, "ADM0_A3": "USA", "ADM0_NAME": "United States of America", "MAPCOLOR9": 1, "MAPCOLOR13": 1, "SCALERANK": 2, "MIN_ZOOM": 2.0, "FCLASS_ISO": null, "FCLASS_US": null, "FCLASS_FR": null, "FCLASS_RU": null, "FCLASS_ES": null, "FCLASS_CN": null, "FCLASS_TW": null, "FCLASS_IN": null, "FCLASS_NP": null, "FCLASS_PK": null, "FCLASS_DE": null, "FCLASS_GB": null, "FCLASS_BR": null, "FCLASS_IL": null, "FCLASS_PS": null, "FCLASS_SA": null, "FCLASS_EG": null, "FCLASS_MA": null, "FCLASS_PT": null, "FCLASS_AR": null, "FCLASS_JP": null, "FCLASS_KO": null, "FCLASS_VN": null, "FCLASS_TR": null, "FCLASS_ID": null, "FCLASS_PL": null, "FCLASS_GR": null, "FCLASS_IT": null, "FCLASS_NL": null, "FCLASS_SE": null, "FCLASS_BD": null, "FCLASS_UA": null, "NE_ID": 1746745093, "BRK_A3": null, "FCLASS_TLC": null }, "geometry": { "type": "LineString", "coordinates": [ [ -91.441952, 40.37945 ], [ -91.501652, 40.097529 ], [ -91.378737, 39.749406 ], [ -90.919376, 39.386901 ], [ -90.577075, 38.909611 ], [ -90.477968, 38.948118 ], [ -90.134206, 38.84667 ], [ -90.365775, 38.254254 ], [ -90.173581, 38.069047 ], [ -89.822963, 37.884092 ], [ -89.523421, 37.644524 ], [ -89.461974, 37.434125 ], [ -89.486913, 37.212739 ], [ -89.35188, 37.035519 ], [ -89.290016, 37.012777 ], [ -89.272394, 37.07998 ], [ -89.154313, 36.992112 ] ] } },
{ "type": "Feature", "properties": { "FEATURECLA": "Admin-1 boundary", "NAME": null, "ADM0_A3": "USA", "ADM0_NAME": "United States of America", "MAPCOLOR9": 1, "MAPCOLOR13": 1, "SCALERANK": 2, "MIN_ZOOM": 2.0, "FCLASS_ISO": null, "FCLASS_US": null, "FCLASS_FR": null, "FCLASS_RU": null, "FCLASS_ES": null, "FCLASS_CN": null, "FCLASS_TW": null, "FCLASS_IN": null, "FCLASS_NP": null, "FCLASS_PK": null, "FCLASS_DE": null, "FCLASS_GB": null, "FCLASS_BR": null, "FCLASS_IL": null, "FCLASS_PS": null, "FCLASS_SA": null, "FCLASS_EG": null, "FCLASS_MA": null, "FCLASS_PT": null, "FCLASS_AR": null, "FCLASS_JP": null, "FCLASS_KO": null, "FCLASS_VN": null, "FCLASS_TR": null, "FCLASS_ID": null, "FCLASS_PL": null, "FCLASS_GR": null, "FCLASS_IT": null, "FCLASS_NL": null, "FCLASS_SE": null, "FCLASS_BD": null, "FCLASS_UA": null, "NE_ID": 1746714521, "BRK_A3": null, "FCLASS_TLC": null }, "geometry": { "type": "LineString", "coordinates": [ [ -109.04639, 41.000858 ], [ -109.04667, 37.000846 ] ] } },
{ "type": "Feature", "properties": { "FEATURECLA": "Admin-1 boundary", "NAME": null, "ADM0_A3": "USA", "ADM0_NAME": "United States of America", "MAPCOLOR9": 1, "MAPCOLOR13": 1, "SCALERANK": 2, "MIN_ZOOM": 2.0, "FCLASS_ISO": null, "FCLASS_US": null, "FCLASS_FR": null, "FCLASS_RU": null, "FCLASS_ES": null, "FCLASS_CN": null, "FCLASS_TW": null, "FCLASS_IN": null, "FCLASS_NP": null, "FCLASS_PK": null, "FCLASS_DE": null, "FCLASS_GB": null, "FCLASS_BR": null, "FCLASS_IL": null, "FCLASS_PS": null, "FCLASS_SA": null, "FCLASS_EG": null, "FCLASS_MA": null, "FCLASS_PT": null, "FCLASS_AR": null, "FCLASS_JP": null, "FCLASS_KO": null, "FCLASS_VN": null, "FCLASS_TR": null, "FCLASS_ID": null, "FCLASS_PL": null, "FCLASS_GR": null, "FCLASS_IT": null, "FCLASS_NL": null, "FCLASS_SE": null, "FCLASS_BD": null, "FCLASS_UA": null, "NE_ID": 1746745125, "BRK_A3": null, "FCLASS_TLC": null }, "geometry": { "type": "LineString", "coordinates": [ [ -94.622384, 39.124404 ], [ -94.624527, 39.086062 ] ] } },
{ "type": "Feature", "properties": { "FEATURECLA": "Admin-1 boundary", "NAME": null, "ADM0_A3": "USA", "ADM0_NAME": "United States of America", "MAPCOLOR9": 1, "MAPCOLOR13": 1, "SCALERANK": 2, "MIN_ZOOM": 2.0, "FCLASS_ISO": null, "FCLASS_US": null, "FCLASS_FR": null, "FCLASS_RU": null, "FCLASS_ES": null, "FCLASS_CN": null, "FCLASS_TW": null, "FCLASS_IN": null, "FCLASS_NP": null, "FCLASS_PK": null, "FCLASS_DE": null, "FCLASS_GB": null, "FCLASS_BR": null, "FCLASS_IL": null, "FCLASS_PS": null, "FCLASS_SA": null, "FCLASS_EG": null, "FCLASS_MA": null, "FCLASS_PT": null, "FCLASS_AR": null, "FCLASS_JP": null, "FCLASS_KO": null, "FCLASS_VN": null, "FCLASS_TR": null, "FCLASS_ID": null, "FCLASS_PL": null, "FCLASS_GR": null, "FCLASS_IT": null, "FCLASS_NL": null, "FCLASS_SE": null, "FCLASS_BD": null, "FCLASS_UA": null, "NE_ID": 1746714503, "BRK_A3": null, "FCLASS_TLC": null }, "geometry": { "type": "LineString", "coordinates": [ [ -114.042593, 42.001109 ], [ -114.04027, 37.004153 ] ] } },
{ "type": "Feature", "properties": { "FEATURECLA": "Admin-1 boundary", "NAME": null, "ADM0_A3": "USA", "ADM0_NAME": "United States of America", "MAPCOLOR9": 1, "MAPCOLOR13": 1, "SCALERANK": 2, "MIN_ZOOM": 2.0, "FCLASS_ISO": null, "FCLASS_US": null, "FCLASS_FR": null, "FCLASS_RU": null, "FCLASS_ES": null, "FCLASS_CN": null, "FCLASS_TW": null, "FCLASS_IN": null, "FCLASS_NP": null, "FCLASS_PK": null, "FCLASS_DE": null, "FCLASS_GB": null, "FCLASS_BR": null, "FCLASS_IL": null, "FCLASS_PS": null, "FCLASS_SA": null, "FCLASS_EG": null, "FCLASS_MA": null, "FCLASS_PT": null, "FCLASS_AR": null, "FCLASS_JP": null, "FCLASS_KO": null, "FCLASS_VN": null, "FCLASS_TR": null, "FCLASS_ID": null, "FCLASS_PL": null, "FCLASS_GR": null, "FCLASS_IT": null, "FCLASS_NL": null, "FCLASS_SE": null, "FCLASS_BD": null, "FCLASS_UA": null, "NE_ID": 1746745305, "BRK_A3": null, "FCLASS_TLC": null }, "geometry": { "type": "LineString", "coordinates": [ [ -79.487981, 39.210911 ], [ -79.075345, 39.475989 ], [ -78.971481, 39.453643 ], [ -78.77777, 39.626622 ], [ -78.677673, 39.54952 ], [ -78.495542, 39.533348 ], [ -78.406761, 39.627864 ], [ -78.181135, 39.68574 ], [ -77.855423, 39.599706 ], [ -77.726642, 39.346438 ] ] } },
{ "type": "Feature", "properties": { "FEATURECLA": "Admin-1 boundary", "NAME": null, "ADM0_A3": "USA", "ADM0_NAME": "United States of America", "MAPCOLOR9": 1, "MAPCOLOR13": 1, "SCALERANK": 2, "MIN_ZOOM": 2.0, "FCLASS_ISO": null, "FCLASS_US": null, "FCLASS_FR": null, "FCLASS_RU": null, "FCLASS_ES": null, "FCLASS_CN": null, "FCLASS_TW": null, "FCLASS_IN": null, "FCLASS_NP": null, "FCLASS_PK": null, "FCLASS_DE": null, "FCLASS_GB": null, "FCLASS_BR": null, "FCLASS_IL": null, "FCLASS_PS": null, "FCLASS_SA": null, "FCLASS_EG": null, "FCLASS_MA": null, "FCLASS_PT": null, "FCLASS_AR": null, "FCLASS_JP": null, "FCLASS_KO": null, "FCLASS_VN": null, "FCLASS_TR": null, "FCLASS_ID": null, "FCLASS_PL": null, "FCLASS_GR": null, "FCLASS_IT": null, "FCLASS_NL": null, "FCLASS_SE": null, "FCLASS_BD": null, "FCLASS_UA": null, "NE_ID": 1746745305, "BRK_A3": null, "FCLASS_TLC": null }, "geometry": { "type": "LineString", "coordinates": [ [ -79.4775, 39.722797 ], [ -79.487981, 39.210911 ] ] } },
{ "type": "Feature", "properties": { "FEATURECLA": "Admin-1 boundary", "NAME": null, "ADM0_A3": "USA", "ADM0_NAME": "United States of America", "MAPCOLOR9": 1, "MAPCOLOR13": 1, "SCALERANK": 2, "MIN_ZOOM": 2.0, "FCLASS_ISO": null, "FCLASS_US": null, "FCLASS_FR": null, "FCLASS_RU": null, "FCLASS_ES": null, "FCLASS_CN": null, "FCLASS_TW": null, "FCLASS_IN": null, "FCLASS_NP": null, "FCLASS_PK": null, "FCLASS_DE": null, "FCLASS_GB": null, "FCLASS_BR": null, "FCLASS_IL": null, "FCLASS_PS": null, "FCLASS_SA": null, "FCLASS_EG": null, "FCLASS_MA": null, "FCLASS_PT": null, "FCLASS_AR": null, "FCLASS_JP": null, "FCLASS_KO": null, "FCLASS_VN": null, "FCLASS_TR": null, "FCLASS_ID": null, "FCLASS_PL": null, "FCLASS_GR": null, "FCLASS_IT": null, "FCLASS_NL": null, "FCLASS_SE": null, "FCLASS_BD": null, "FCLASS_UA": null, "NE_ID": 1746745185, "BRK_A3": null, "FCLASS_TLC": null }, "geometry": { "type": "LineString", "coordinates": [ [ -80.519081, 40.646956 ], [ -80.659047, 40.562976 ], [ -80.601819, 40.363893 ], [ -80.874313, 39.664294 ], [ -81.262504, 39.386538 ], [ -81.439647, 39.392559 ], [ -81.657209, 39.271973 ], [ -81.802602, 39.086062 ], [ -81.780124, 38.946975 ], [ -81.896678, 38.893549 ], [ -82.001092, 39.011102 ], [ -82.072273, 38.962949 ], [ -82.203527, 38.768228 ], [ -82.180071, 38.637589 ], [ -82.318147, 38.479672 ], [ -82.497543, 38.414973 ], [ -82.612778, 38.448218 ] ] } },
{ "type": "Feature", "properties": { "FEATURECLA": "Admin-1 boundary", "NAME": null, "ADM0_A3": "USA", "ADM0_NAME": "United States of America", "MAPCOLOR9": 1, "MAPCOLOR13": 1, "SCALERANK": 2, "MIN_ZOOM": 2.0, "FCLASS_ISO": null, "FCLASS_US": null, "FCLASS_FR": null, "FCLASS_RU": null, "FCLASS_ES": null, "FCLASS_CN": null, "FCLASS_TW": null, "FCLASS_IN": null, "FCLASS_NP": null, "FCLASS_PK": null, "FCLASS_DE": null, "FCLASS_GB": null, "FCLASS_BR": null, "FCLASS_IL": null, "FCLASS_PS": null, "FCLASS_SA": null, "FCLASS_EG": null, "FCLASS_MA": null, "FCLASS_PT": null, "FCLASS_AR": null, "FCLASS_JP": null, "FCLASS_KO": null, "FCLASS_VN": null, "FCLASS_TR": null, "FCLASS_ID": null, "FCLASS_PL": null, "FCLASS_GR": null, "FCLASS_IT": null, "FCLASS_NL": null, "FCLASS_SE": null, "FCLASS_BD": null, "FCLASS_UA": null, "NE_ID": 1746745301, "BRK_A3": null, "FCLASS_TLC": null }, "geometry": { "type": "LineString", "coordinates": [ [ -79.4775, 39.722797 ], [ -75.78472, 39.722357 ] ] } },
{ "type": "Feature", "properties": { "FEATURECLA": "Admin-1 boundary", "NAME": null, "ADM0_A3": "USA", "ADM0_NAME": "United States of America", "MAPCOLOR9": 1, "MAPCOLOR13": 1, "SCALERANK": 2, "MIN_ZOOM": 2.0, "FCLASS_ISO": null, "FCLASS_US": null, "FCLASS_FR": null, "FCLASS_RU": null, "FCLASS_ES": null, "FCLASS_CN": null, "FCLASS_TW": null, "FCLASS_IN": null, "FCLASS_NP": null, "FCLASS_PK": null, "FCLASS_DE": null, "FCLASS_GB": null, "FCLASS_BR": null, "FCLASS_IL": null, "FCLASS_PS": null, "FCLASS_SA": null, "FCLASS_EG": null, "FCLASS_MA": null, "FCLASS_PT": null, "FCLASS_AR": null, "FCLASS_JP": null, "FCLASS_KO": null, "FCLASS_VN": null, "FCLASS_TR": null, "FCLASS_ID": null, "FCLASS_PL": null, "FCLASS_GR": null, "FCLASS_IT": null, "FCLASS_NL": null, "FCLASS_SE": null, "FCLASS_BD": null, "FCLASS_UA": null, "NE_ID": 1746745439, "BRK_A3": null, "FCLASS_TLC": null }, "geometry": { "type": "LineString", "coordinates": [ [ -88.041991, 37.788851 ], [ -88.095319, 37.875566 ], [ -87.958056, 38.144292 ], [ -87.980413, 38.249189 ], [ -87.872955, 38.295024 ], [ -87.680662, 38.487988 ], [ -87.529457, 38.742289 ], [ -87.530281, 38.908897 ], [ -87.647285, 39.168745 ], [ -87.532918, 39.37486 ], [ -87.521085, 41.760761 ], [ -87.221257, 41.760728 ] ] } },
{ "type": "Feature", "properties": { "FEATURECLA": "Admin-1 boundary", "NAME": null, "ADM0_A3": "USA", "ADM0_NAME": "United States of America", "MAPCOLOR9": 1, "MAPCOLOR13": 1, "SCALERANK": 2, "MIN_ZOOM": 2.0, "FCLASS_ISO": null, "FCLASS_US": null, "FCLASS_FR": null, "FCLASS_RU": null, "FCLASS_ES": null, "FCLASS_CN": null, "FCLASS_TW": null, "FCLASS_IN": null, "FCLASS_NP": null, "FCLASS_PK": null, "FCLASS_DE": null, "FCLASS_GB": null, "FCLASS_BR": null, "FCLASS_IL": null, "FCLASS_PS": null, "FCLASS_SA": null, "FCLASS_EG": null, "FCLASS_MA": null, "FCLASS_PT": null, "FCLASS_AR": null, "FCLASS_JP": null, "FCLASS_KO": null, "FCLASS_VN": null, "FCLASS_TR": null, "FCLASS_ID": null, "FCLASS_PL": null, "FCLASS_GR": null, "FCLASS_IT": null, "FCLASS_NL": null, "FCLASS_SE": null, "FCLASS_BD": null, "FCLASS_UA": null, "NE_ID": 1746745261, "BRK_A3": null, "FCLASS_TLC": null }, "geometry": { "type": "LineString", "coordinates": [ [ -75.421029, 39.815422 ], [ -75.634581, 39.839482 ], [ -75.78472, 39.722357 ] ] } },
{ "type": "Feature", "properties": { "FEATURECLA": "Admin-1 boundary", "NAME": null, "ADM0_A3": "USA", "ADM0_NAME": "United States of America", "MAPCOLOR9": 1, "MAPCOLOR13": 1, "SCALERANK": 2, "MIN_ZOOM": 2.0, "FCLASS_ISO": null, "FCLASS_US": null, "FCLASS_FR": null, "FCLASS_RU": null, "FCLASS_ES": null, "FCLASS_CN": null, "FCLASS_TW": null, "FCLASS_IN": null, "FCLASS_NP": null, "FCLASS_PK": null, "FCLASS_DE": null, "FCLASS_GB": null, "FCLASS_BR": null, "FCLASS_IL": null, "FCLASS_PS": null, "FCLASS_SA": null, "FCLASS_EG": null, "FCLASS_MA": null, "FCLASS_PT": null, "FCLASS_AR": null, "FCLASS_JP": null, "FCLASS_KO": null, "FCLASS_VN": null, "FCLASS_TR": null, "FCLASS_ID": null, "FCLASS_PL": null, "FCLASS_GR": null, "FCLASS_IT": null, "FCLASS_NL": null, "FCLASS_SE": null, "FCLASS_BD": null, "FCLASS_UA": null, "NE_ID": 1746745193, "BRK_A3": null, "FCLASS_TLC": null }, "geometry": { "type": "LineString", "coordinates": [ [ -79.4775, 39.722797 ], [ -80.519443, 39.722511 ], [ -80.519081, 40.646956 ] ] } },
{ "type": "Feature", "properties": { "FEATURECLA": "Admin-1 boundary", "NAME": null, "ADM0_A3": "USA", "ADM0_NAME": "United States of America", "MAPCOLOR9": 1, "MAPCOLOR13": 1, "SCALERANK": 2, "MIN_ZOOM": 2.0, "FCLASS_ISO": null, "FCLASS_US": null, "FCLASS_FR": null, "FCLASS_RU": null, "FCLASS_ES": null, "FCLASS_CN": null, "FCLASS_TW": null, "FCLASS_IN": null, "FCLASS_NP": null, "FCLASS_PK": null, "FCLASS_DE": null, "FCLASS_GB": null, "FCLASS_BR": null, "FCLASS_IL": null, "FCLASS_PS": null, "FCLASS_SA": null, "FCLASS_EG": null, "FCLASS_MA": null, "FCLASS_PT": null, "FCLASS_AR": null, "FCLASS_JP": null, "FCLASS_KO": null, "FCLASS_VN": null, "FCLASS_TR": null, "FCLASS_ID": null, "FCLASS_PL": null, "FCLASS_GR": null, "FCLASS_IT": null, "FCLASS_NL": null, "FCLASS_SE": null, "FCLASS_BD": null, "FCLASS_UA": null, "NE_ID": 1746745431, "BRK_A3": null, "FCLASS_TLC": null }, "geometry": { "type": "LineString", "coordinates": [ [ -84.821711, 39.091984 ], [ -84.796113, 41.701434 ] ] } },
{ "type": "Feature", "properties": { "FEATURECLA": "Admin-1 boundary", "NAME": null, "ADM0_A3": "USA", "ADM0_NAME": "United States of America", "MAPCOLOR9": 1, "MAPCOLOR13": 1, "SCALERANK": 2, "MIN_ZOOM": 2.0, "FCLASS_ISO": null, "FCLASS_US": null, "FCLASS_FR": null, "FCLASS_RU": null, "FCLASS_ES": null, "FCLASS_CN": null, "FCLASS_TW": null, "FCLASS_IN": null, "FCLASS_NP": null, "FCLASS_PK": null, "FCLASS_DE": null, "FCLASS_GB": null, "FCLASS_BR": null, "FCLASS_IL": null, "FCLASS_PS": null, "FCLASS_SA": null, "FCLASS_EG": null, "FCLASS_MA": null, "FCLASS_PT": null, "FCLASS_AR": null, "FCLASS_JP": null, "FCLASS_KO": null, "FCLASS_VN": null, "FCLASS_TR": null, "FCLASS_ID": null, "FCLASS_PL": null, "FCLASS_GR": null, "FCLASS_IT": null, "FCLASS_NL": null, "FCLASS_SE": null, "FCLASS_BD": null, "FCLASS_UA": null, "NE_ID": 1746745337, "BRK_A3": null, "FCLASS_TLC": null }, "geometry": { "type": "LineString", "coordinates": [ [ -74.699051, 41.357299 ], [ -74.812485, 41.30151 ], [ -74.912296, 41.155271 ], [ -75.123036, 40.999002 ], [ -75.075564, 40.856267 ], [ -75.174737, 40.775518 ], [ -75.189019, 40.595814 ], [ -74.734889, 40.154504 ], [ -75.074168, 39.98348 ] ] } },
{ "type": "Feature", "properties": { "FEATURECLA": "Admin-1 boundary", "NAME": null, "ADM0_A3": "USA", "ADM0_NAME": "United States of America", "MAPCOLOR9": 1, "MAPCOLOR13": 1, "SCALERANK": 2, "MIN_ZOOM": 2.0, "FCLASS_ISO": null, "FCLASS_US": null, "FCLASS_FR": null, "FCLASS_RU": null, "FCLASS_ES": null, "FCLASS_CN": null, "FCLASS_TW": null, "FCLASS_IN": null, "FCLASS_NP": null, "FCLASS_PK": null, "FCLASS_DE": null, "FCLASS_GB": null, "FCLASS_BR": null, "FCLASS_IL": null, "FCLASS_PS": null, "FCLASS_SA": null, "FCLASS_EG": null, "FCLASS_MA": null, "FCLASS_PT": null, "FCLASS_AR": null, "FCLASS_JP": null, "FCLASS_KO": null, "FCLASS_VN": null, "FCLASS_TR": null, "FCLASS_ID": null, "FCLASS_PL": null, "FCLASS_GR": null, "FCLASS_IT": null, "FCLASS_NL": null, "FCLASS_SE": null, "FCLASS_BD": null, "FCLASS_UA": null, "NE_ID": 1746745355, "BRK_A3": null, "FCLASS_TLC": null }, "geometry": { "type": "LineString", "coordinates": [ [ -74.699051, 41.357299 ], [ -73.910079, 40.992256 ] ] } },
{ "type": "Feature", "properties": { "FEATURECLA": "Admin-1 boundary", "NAME": null, "ADM0_A3": "USA", "ADM0_NAME": "United States of America", "MAPCOLOR9": 1, "MAPCOLOR13": 1, "SCALERANK": 2, "MIN_ZOOM": 2.0, "FCLASS_ISO": null, "FCLASS_US": null, "FCLASS_FR": null, "FCLASS_RU": null, "FCLASS_ES": null, "FCLASS_CN": null, "FCLASS_TW": null, "FCLASS_IN": null, "FCLASS_NP": null, "FCLASS_PK": null, "FCLASS_DE": null, "FCLASS_GB": null, "FCLASS_BR": null, "FCLASS_IL": null, "FCLASS_PS": null, "FCLASS_SA": null, "FCLASS_EG": null, "FCLASS_MA": null, "FCLASS_PT": null, "FCLASS_AR": null, "FCLASS_JP": null, "FCLASS_KO": null, "FCLASS_VN": null, "FCLASS_TR": null, "FCLASS_ID": null, "FCLASS_PL": null, "FCLASS_GR": null, "FCLASS_IT": null, "FCLASS_NL": null, "FCLASS_SE": null, "FCLASS_BD": null, "FCLASS_UA": null, "NE_ID": 1746745125, "BRK_A3": null, "FCLASS_TLC": null }, "geometry": { "type": "LineString", "coordinates": [ [ -95.34668, 40.001487 ], [ -95.116203, 39.87209 ], [ -94.929936, 39.861499 ], [ -94.898597, 39.741144 ], [ -95.075356, 39.597377 ], [ -95.057937, 39.508959 ], [ -94.777852, 39.193992 ], [ -94.622384, 39.124404 ] ] } },
{ "type": "Feature", "properties": { "FEATURECLA": "Admin-1 boundary", "NAME": null, "ADM0_A3": "USA", "ADM0_NAME": "United States of America", "MAPCOLOR9": 1, "MAPCOLOR13": 1, "SCALERANK": 2, "MIN_ZOOM": 2.0, "FCLASS_ISO": null, "FCLASS_US": null, "FCLASS_FR": null, "FCLASS_RU": null, "FCLASS_ES": null, "FCLASS_CN": null, "FCLASS_TW": null, "FCLASS_IN": null, "FCLASS_NP": null, "FCLASS_PK": null, "FCLASS_DE": null, "FCLASS_GB": null, "FCLASS_BR": null, "FCLASS_IL": null, "FCLASS_PS": null, "FCLASS_SA": null, "FCLASS_EG": null, "FCLASS_MA": null, "FCLASS_PT": null, "FCLASS_AR": null, "FCLASS_JP": null, "FCLASS_KO": null, "FCLASS_VN": null, "FCLASS_TR": null, "FCLASS_ID": null, "FCLASS_PL": null, "FCLASS_GR": null, "FCLASS_IT": null, "FCLASS_NL": null, "FCLASS_SE": null, "FCLASS_BD": null, "FCLASS_UA": null, "NE_ID": 1746714569, "BRK_A3": null, "FCLASS_TLC": null }, "geometry": { "type": "LineString", "coordinates": [ [ -95.34668, 40.001487 ], [ -102.024489, 40.001124 ] ] } },
{ "type": "Feature", "properties": { "FEATURECLA": "Admin-1 boundary", "NAME": null, "ADM0_A3": "USA", "ADM0_NAME": "United States of America", "MAPCOLOR9": 1, "MAPCOLOR13": 1, "SCALERANK": 2, "MIN_ZOOM": 2.0, "FCLASS_ISO": null, "FCLASS_US": null, "FCLASS_FR": null, "FCLASS_RU": null, "FCLASS_ES": null, "FCLASS_CN": null, "FCLASS_TW": null, "FCLASS_IN": null, "FCLASS_NP": null, "FCLASS_PK": null, "FCLASS_DE": null, "FCLASS_GB": null, "FCLASS_BR": null, "FCLASS_IL": null, "FCLASS_PS": null, "FCLASS_SA": null, "FCLASS_EG": null, "FCLASS_MA": null, "FCLASS_PT": null, "FCLASS_AR": null, "FCLASS_JP": null, "FCLASS_KO": null, "FCLASS_VN": null, "FCLASS_TR": null, "FCLASS_ID": null, "FCLASS_PL": null, "FCLASS_GR": null, "FCLASS_IT": null, "FCLASS_NL": null, "FCLASS_SE": null, "FCLASS_BD": null, "FCLASS_UA": null, "NE_ID": 1746714603, "BRK_A3": null, "FCLASS_TLC": null }, "geometry": { "type": "LineString", "coordinates": [ [ -95.765029, 40.601868 ], [ -95.66157, 40.362761 ], [ -95.52122, 40.264577 ], [ -95.34668, 40.001487 ] ] } },
{ "type": "Feature", "properties": { "FEATURECLA": "Admin-1 boundary", "NAME": null, "ADM0_A3": "USA", "ADM0_NAME": "United States of America", "MAPCOLOR9": 1, "MAPCOLOR13": 1, "SCALERANK": 2, "MIN_ZOOM": 2.0, "FCLASS_ISO": null, "FCLASS_US": null, "FCLASS_FR": null, "FCLASS_RU": null, "FCLASS_ES": null, "FCLASS_CN": null, "FCLASS_TW": null, "FCLASS_IN": null, "FCLASS_NP": null, "FCLASS_PK": null, "FCLASS_DE": null, "FCLASS_GB": null, "FCLASS_BR": null, "FCLASS_IL": null, "FCLASS_PS": null, "FCLASS_SA": null, "FCLASS_EG": null, "FCLASS_MA": null, "FCLASS_PT": null, "FCLASS_AR": null, "FCLASS_JP": null, "FCLASS_KO": null, "FCLASS_VN": null, "FCLASS_TR": null, "FCLASS_ID": null, "FCLASS_PL": null, "FCLASS_GR": null, "FCLASS_IT": null, "FCLASS_NL": null, "FCLASS_SE": null, "FCLASS_BD": null, "FCLASS_UA": null, "NE_ID": 1746714559, "BRK_A3": null, "FCLASS_TLC": null }, "geometry": { "type": "LineString", "coordinates": [ [ -102.024489, 40.001124 ], [ -102.025006, 41.000628 ], [ -104.021655, 41.000858 ] ] } },
{ "type": "Feature", "properties": { "FEATURECLA": "Admin-1 boundary", "NAME": null, "ADM0_A3": "USA", "ADM0_NAME": "United States of America", "MAPCOLOR9": 1, "MAPCOLOR13": 1, "SCALERANK": 2, "MIN_ZOOM": 2.0, "FCLASS_ISO": null, "FCLASS_US": null, "FCLASS_FR": null, "FCLASS_RU": null, "FCLASS_ES": null, "FCLASS_CN": null, "FCLASS_TW": null, "FCLASS_IN": null, "FCLASS_NP": null, "FCLASS_PK": null, "FCLASS_DE": null, "FCLASS_GB": null, "FCLASS_BR": null, "FCLASS_IL": null, "FCLASS_PS": null, "FCLASS_SA": null, "FCLASS_EG": null, "FCLASS_MA": null, "FCLASS_PT": null, "FCLASS_AR": null, "FCLASS_JP": null, "FCLASS_KO": null, "FCLASS_VN": null, "FCLASS_TR": null, "FCLASS_ID": null, "FCLASS_PL": null, "FCLASS_GR": null, "FCLASS_IT": null, "FCLASS_NL": null, "FCLASS_SE": null, "FCLASS_BD": null, "FCLASS_UA": null, "NE_ID": 1746745133, "BRK_A3": null, "FCLASS_TLC": null }, "geometry": { "type": "LineString", "coordinates": [ [ -95.765029, 40.601868 ], [ -91.73153, 40.624653 ], [ -91.441952, 40.37945 ] ] } },
{ "type": "Feature", "properties": { "FEATURECLA": "Admin-1 boundary", "NAME": null, "ADM0_A3": "USA", "ADM0_NAME": "United States of America", "MAPCOLOR9": 1, "MAPCOLOR13": 1, "SCALERANK": 2, "MIN_ZOOM": 2.0, "FCLASS_ISO": null, "FCLASS_US": null, "FCLASS_FR": null, "FCLASS_RU": null, "FCLASS_ES": null, "FCLASS_CN": null, "FCLASS_TW": null, "FCLASS_IN": null, "FCLASS_NP": null, "FCLASS_PK": null, "FCLASS_DE": null, "FCLASS_GB": null, "FCLASS_BR": null, "FCLASS_IL": null, "FCLASS_PS": null, "FCLASS_SA": null, "FCLASS_EG": null, "FCLASS_MA": null, "FCLASS_PT": null, "FCLASS_AR": null, "FCLASS_JP": null, "FCLASS_KO": null, "FCLASS_VN": null, "FCLASS_TR": null, "FCLASS_ID": null, "FCLASS_PL": null, "FCLASS_GR": null, "FCLASS_IT": null, "FCLASS_NL": null, "FCLASS_SE": null, "FCLASS_BD": null, "FCLASS_UA": null, "NE_ID": 1746714515, "BRK_A3": null, "FCLASS_TLC": null }, "geometry": { "type": "LineString", "coordinates": [ [ -109.04639, 41.000858 ], [ -104.021655, 41.000858 ] ] } },
{ "type": "Feature", "properties": { "FEATURECLA": "Admin-1 boundary", "NAME": null, "ADM0_A3": "USA", "ADM0_NAME": "United States of America", "MAPCOLOR9": 1, "MAPCOLOR13": 1, "SCALERANK": 2, "MIN_ZOOM": 2.0, "FCLASS_ISO": null, "FCLASS_US": null, "FCLASS_FR": null, "FCLASS_RU": null, "FCLASS_ES": null, "FCLASS_CN": null, "FCLASS_TW": null, "FCLASS_IN": null, "FCLASS_NP": null, "FCLASS_PK": null, "FCLASS_DE": null, "FCLASS_GB": null, "FCLASS_BR": null, "FCLASS_IL": null, "FCLASS_PS": null, "FCLASS_SA": null, "FCLASS_EG": null, "FCLASS_MA": null, "FCLASS_PT": null, "FCLASS_AR": null, "FCLASS_JP": null, "FCLASS_KO": null, "FCLASS_VN": null, "FCLASS_TR": null, "FCLASS_ID": null, "FCLASS_PL": null, "FCLASS_GR": null, "FCLASS_IT": null, "FCLASS_NL": null, "FCLASS_SE": null, "FCLASS_BD": null, "FCLASS_UA": null, "NE_ID": 1746745411, "BRK_A3": null, "FCLASS_TLC": null }, "geometry": { "type": "LineString", "coordinates": [ [ -90.650585, 42.512984 ], [ -90.167516, 42.100304 ], [ -90.176613, 41.883643 ], [ -90.43667, 41.560359 ], [ -91.048114, 41.369098 ], [ -91.066505, 41.205907 ], [ -90.954005, 41.01558 ], [ -91.102134, 40.749788 ], [ -91.394184, 40.536653 ], [ -91.390778, 40.397127 ], [ -91.441952, 40.37945 ] ] } },
{ "type": "Feature", "properties": { "FEATURECLA": "Admin-1 boundary", "NAME": null, "ADM0_A3": "USA", "ADM0_NAME": "United States of America", "MAPCOLOR9": 1, "MAPCOLOR13": 1, "SCALERANK": 2, "MIN_ZOOM": 2.0, "FCLASS_ISO": null, "FCLASS_US": null, "FCLASS_FR": null, "FCLASS_RU": null, "FCLASS_ES": null, "FCLASS_CN": null, "FCLASS_TW": null, "FCLASS_IN": null, "FCLASS_NP": null, "FCLASS_PK": null, "FCLASS_DE": null, "FCLASS_GB": null, "FCLASS_BR": null, "FCLASS_IL": null, "FCLASS_PS": null, "FCLASS_SA": null, "FCLASS_EG": null, "FCLASS_MA": null, "FCLASS_PT": null, "FCLASS_AR": null, "FCLASS_JP": null, "FCLASS_KO": null, "FCLASS_VN": null, "FCLASS_TR": null, "FCLASS_ID": null, "FCLASS_PL": null, "FCLASS_GR": null, "FCLASS_IT": null, "FCLASS_NL": null, "FCLASS_SE": null, "FCLASS_BD": null, "FCLASS_UA": null, "NE_ID": 1746714497, "BRK_A3": null, "FCLASS_TLC": null }, "geometry": { "type": "LineString", "coordinates": [ [ -111.050296, 42.000878 ], [ -111.049989, 41.000858 ], [ -109.04639, 41.000858 ] ] } },
{ "type": "Feature", "properties": { "FEATURECLA": "Admin-1 boundary", "NAME": null, "ADM0_A3": "USA", "ADM0_NAME": "United States of America", "MAPCOLOR9": 1, "MAPCOLOR13": 1, "SCALERANK": 2, "MIN_ZOOM": 2.0, "FCLASS_ISO": null, "FCLASS_US": null, "FCLASS_FR": null, "FCLASS_RU": null, "FCLASS_ES": null, "FCLASS_CN": null, "FCLASS_TW": null, "FCLASS_IN": null, "FCLASS_NP": null, "FCLASS_PK": null, "FCLASS_DE": null, "FCLASS_GB": null, "FCLASS_BR": null, "FCLASS_IL": null, "FCLASS_PS": null, "FCLASS_SA": null, "FCLASS_EG": null, "FCLASS_MA": null, "FCLASS_PT": null, "FCLASS_AR": null, "FCLASS_JP": null, "FCLASS_KO": null, "FCLASS_VN": null, "FCLASS_TR": null, "FCLASS_ID": null, "FCLASS_PL": null, "FCLASS_GR": null, "FCLASS_IT": null, "FCLASS_NL": null, "FCLASS_SE": null, "FCLASS_BD": null, "FCLASS_UA": null, "NE_ID": 1746714599, "BRK_A3": null, "FCLASS_TLC": null }, "geometry": { "type": "LineString", "coordinates": [ [ -96.480953, 42.511259 ], [ -96.383751, 42.417776 ], [ -96.295333, 42.132912 ], [ -96.086637, 41.821372 ], [ -96.058627, 41.54578 ], [ -95.943567, 41.460933 ], [ -95.846597, 41.080333 ], [ -95.859, 40.745108 ], [ -95.765029, 40.601868 ] ] } },
{ "type": "Feature", "properties": { "FEATURECLA": "Admin-1 boundary", "NAME": null, "ADM0_A3": "USA", "ADM0_NAME": "United States of America", "MAPCOLOR9": 1, "MAPCOLOR13": 1, "SCALERANK": 2, "MIN_ZOOM": 2.0, "FCLASS_ISO": null, "FCLASS_US": null, "FCLASS_FR": null, "FCLASS_RU": null, "FCLASS_ES": null, "FCLASS_CN": null, "FCLASS_TW": null, "FCLASS_IN": null, "FCLASS_NP": null, "FCLASS_PK": null, "FCLASS_DE": null, "FCLASS_GB": null, "FCLASS_BR": null, "FCLASS_IL": null, "FCLASS_PS": null, "FCLASS_SA": null, "FCLASS_EG": null, "FCLASS_MA": null, "FCLASS_PT": null, "FCLASS_AR": null, "FCLASS_JP": null, "FCLASS_KO": null, "FCLASS_VN": null, "FCLASS_TR": null, "FCLASS_ID": null, "FCLASS_PL": null, "FCLASS_GR": null, "FCLASS_IT": null, "FCLASS_NL": null, "FCLASS_SE": null, "FCLASS_BD": null, "FCLASS_UA": null, "NE_ID": 1746745061, "BRK_A3": null, "FCLASS_TLC": null }, "geometry": { "type": "LineString", "coordinates": [ [ -117.016675, 42.000559 ], [ -120.000809, 42.000559 ] ] } },
{ "type": "Feature", "properties": { "FEATURECLA": "Admin-1 boundary", "NAME": null, "ADM0_A3": "USA", "ADM0_NAME": "United States of America", "MAPCOLOR9": 1, "MAPCOLOR13": 1, "SCALERANK": 2, "MIN_ZOOM": 2.0, "FCLASS_ISO": null, "FCLASS_US": null, "FCLASS_FR": null, "FCLASS_RU": null, "FCLASS_ES": null, "FCLASS_CN": null, "FCLASS_TW": null, "FCLASS_IN": null, "FCLASS_NP": null, "FCLASS_PK": null, "FCLASS_DE": null, "FCLASS_GB": null, "FCLASS_BR": null, "FCLASS_IL": null, "FCLASS_PS": null, "FCLASS_SA": null, "FCLASS_EG": null, "FCLASS_MA": null, "FCLASS_PT": null, "FCLASS_AR": null, "FCLASS_JP": null, "FCLASS_KO": null, "FCLASS_VN": null, "FCLASS_TR": null, "FCLASS_ID": null, "FCLASS_PL": null, "FCLASS_GR": null, "FCLASS_IT": null, "FCLASS_NL": null, "FCLASS_SE": null, "FCLASS_BD": null, "FCLASS_UA": null, "NE_ID": 1746745177, "BRK_A3": null, "FCLASS_TLC": null }, "geometry": { "type": "LineString", "coordinates": [ [ -80.519081, 40.646956 ], [ -80.520762, 42.324392 ] ] } },
{ "type": "Feature", "properties": { "FEATURECLA": "Admin-1 boundary", "NAME": null, "ADM0_A3": "USA", "ADM0_NAME": "United States of America", "MAPCOLOR9": 1, "MAPCOLOR13": 1, "SCALERANK": 2, "MIN_ZOOM": 2.0, "FCLASS_ISO": null, "FCLASS_US": null, "FCLASS_FR": null, "FCLASS_RU": null, "FCLASS_ES": null, "FCLASS_CN": null, "FCLASS_TW": null, "FCLASS_IN": null, "FCLASS_NP": null, "FCLASS_PK": null, "FCLASS_DE": null, "FCLASS_GB": null, "FCLASS_BR": null, "FCLASS_IL": null, "FCLASS_PS": null, "FCLASS_SA": null, "FCLASS_EG": null, "FCLASS_MA": null, "FCLASS_PT": null, "FCLASS_AR": null, "FCLASS_JP": null, "FCLASS_KO": null, "FCLASS_VN": null, "FCLASS_TR": null, "FCLASS_ID": null, "FCLASS_PL": null, "FCLASS_GR": null, "FCLASS_IT": null, "FCLASS_NL": null, "FCLASS_SE": null, "FCLASS_BD": null, "FCLASS_UA": null, "NE_ID": 1746745351, "BRK_A3": null, "FCLASS_TLC": null }, "geometry": { "type": "LineString", "coordinates": [ [ -73.480568, 42.055568 ], [ -73.544729, 41.295951 ], [ -73.484139, 41.218959 ], [ -73.723015, 41.104514 ], [ -73.630466, 40.99186 ] ] } },
{ "type": "Feature", "properties": { "FEATURECLA": "Admin-1 boundary", "NAME": null, "ADM0_A3": "USA", "ADM0_NAME": "United States of America", "MAPCOLOR9": 1, "MAPCOLOR13": 1, "SCALERANK": 2, "MIN_ZOOM": 2.0, "FCLASS_ISO": null, "FCLASS_US": null, "FCLASS_FR": null, "FCLASS_RU": null, "FCLASS_ES": null, "FCLASS_CN": null, "FCLASS_TW": null, "FCLASS_IN": null, "FCLASS_NP": null, "FCLASS_PK": null, "FCLASS_DE": null, "FCLASS_GB": null, "FCLASS_BR": null, "FCLASS_IL": null, "FCLASS_PS": null, "FCLASS_SA": null, "FCLASS_EG": null, "FCLASS_MA": null, "FCLASS_PT": null, "FCLASS_AR": null, "FCLASS_JP": null, "FCLASS_KO": null, "FCLASS_VN": null, "FCLASS_TR": null, "FCLASS_ID": null, "FCLASS_PL": null, "FCLASS_GR": null, "FCLASS_IT": null, "FCLASS_NL": null, "FCLASS_SE": null, "FCLASS_BD": null, "FCLASS_UA": null, "NE_ID": 1746745275, "BRK_A3": null, "FCLASS_TLC": null }, "geometry": { "type": "LineString", "coordinates": [ [ -71.800836, 42.011963 ], [ -71.795793, 41.519951 ], [ -71.842353, 41.335513 ] ] } },
{ "type": "Feature", "properties": { "FEATURECLA": "Admin-1 boundary", "NAME": null, "ADM0_A3": "USA", "ADM0_NAME": "United States of America", "MAPCOLOR9": 1, "MAPCOLOR13": 1, "SCALERANK": 2, "MIN_ZOOM": 2.0, "FCLASS_ISO": null, "FCLASS_US": null, "FCLASS_FR": null, "FCLASS_RU": null, "FCLASS_ES": null, "FCLASS_CN": null, "FCLASS_TW": null, "FCLASS_IN": null, "FCLASS_NP": null, "FCLASS_PK": null, "FCLASS_DE": null, "FCLASS_GB": null, "FCLASS_BR": null, "FCLASS_IL": null, "FCLASS_PS": null, "FCLASS_SA": null, "FCLASS_EG": null, "FCLASS_MA": null, "FCLASS_PT": null, "FCLASS_AR": null, "FCLASS_JP": null, "FCLASS_KO": null, "FCLASS_VN": null, "FCLASS_TR": null, "FCLASS_ID": null, "FCLASS_PL": null, "FCLASS_GR": null, "FCLASS_IT": null, "FCLASS_NL": null, "FCLASS_SE": null, "FCLASS_BD": null, "FCLASS_UA": null, "NE_ID": 1746745447, "BRK_A3": null, "FCLASS_TLC": null }, "geometry": { "type": "LineString", "coordinates": [ [ -87.221257, 41.760728 ], [ -84.796399, 41.759728 ], [ -84.796113, 41.701434 ] ] } },
{ "type": "Feature", "properties": { "FEATURECLA": "Admin-1 boundary", "NAME": null, "ADM0_A3": "USA", "ADM0_NAME": "United States of America", "MAPCOLOR9": 1, "MAPCOLOR13": 1, "SCALERANK": 2, "MIN_ZOOM": 2.0, "FCLASS_ISO": null, "FCLASS_US": null, "FCLASS_FR": null, "FCLASS_RU": null, "FCLASS_ES": null, "FCLASS_CN": null, "FCLASS_TW": null, "FCLASS_IN": null, "FCLASS_NP": null, "FCLASS_PK": null, "FCLASS_DE": null, "FCLASS_GB": null, "FCLASS_BR": null, "FCLASS_IL": null, "FCLASS_PS": null, "FCLASS_SA": null, "FCLASS_EG": null, "FCLASS_MA": null, "FCLASS_PT": null, "FCLASS_AR": null, "FCLASS_JP": null, "FCLASS_KO": null, "FCLASS_VN": null, "FCLASS_TR": null, "FCLASS_ID": null, "FCLASS_PL": null, "FCLASS_GR": null, "FCLASS_IT": null, "FCLASS_NL": null, "FCLASS_SE": null, "FCLASS_BD": null, "FCLASS_UA": null, "NE_ID": 1746745395, "BRK_A3": null, "FCLASS_TLC": null }, "geometry": { "type": "LineString", "coordinates": [ [ -84.796113, 41.701434 ], [ -83.464197, 41.739447 ], [ -83.121665, 41.95 ] ] } },
{ "type": "Feature", "properties": { "FEATURECLA": "Admin-1 boundary", "NAME": null, "ADM0_A3": "USA", "ADM0_NAME": "United States of America", "MAPCOLOR9": 1, "MAPCOLOR13": 1, "SCALERANK": 2, "MIN_ZOOM": 2.0, "FCLASS_ISO": null, "FCLASS_US": null, "FCLASS_FR": null, "FCLASS_RU": null, "FCLASS_ES": null, "FCLASS_CN": null, "FCLASS_TW": null, "FCLASS_IN": null, "FCLASS_NP": null, "FCLASS_PK": null, "FCLASS_DE": null, "FCLASS_GB": null, "FCLASS_BR": null, "FCLASS_IL": null, "FCLASS_PS": null, "FCLASS_SA": null, "FCLASS_EG": null, "FCLASS_MA": null, "FCLASS_PT": null, "FCLASS_AR": null, "FCLASS_JP": null, "FCLASS_KO": null, "FCLASS_VN": null, "FCLASS_TR": null, "FCLASS_ID": null, "FCLASS_PL": null, "FCLASS_GR": null, "FCLASS_IT": null, "FCLASS_NL": null, "FCLASS_SE": null, "FCLASS_BD": null, "FCLASS_UA": null, "NE_ID": 1746745265, "BRK_A3": null, "FCLASS_TLC": null }, "geometry": { "type": "LineString", "coordinates": [ [ -71.800836, 42.011963 ], [ -71.387135, 42.016863 ], [ -71.340728, 41.797916 ], [ -71.233765, 41.706554 ] ] } },
{ "type": "Feature", "properties": { "FEATURECLA": "Admin-1 boundary", "NAME": null, "ADM0_A3": "USA", "ADM0_NAME": "United States of America", "MAPCOLOR9": 1, "MAPCOLOR13": 1, "SCALERANK": 2, "MIN_ZOOM": 2.0, "FCLASS_ISO": null, "FCLASS_US": null, "FCLASS_FR": null, "FCLASS_RU": null, "FCLASS_ES": null, "FCLASS_CN": null, "FCLASS_TW": null, "FCLASS_IN": null, "FCLASS_NP": null, "FCLASS_PK": null, "FCLASS_DE": null, "FCLASS_GB": null, "FCLASS_BR": null, "FCLASS_IL": null, "FCLASS_PS": null, "FCLASS_SA": null, "FCLASS_EG": null, "FCLASS_MA": null, "FCLASS_PT": null, "FCLASS_AR": null, "FCLASS_JP": null, "FCLASS_KO": null, "FCLASS_VN": null, "FCLASS_TR": null, "FCLASS_ID": null, "FCLASS_PL": null, "FCLASS_GR": null, "FCLASS_IT": null, "FCLASS_NL": null, "FCLASS_SE": null, "FCLASS_BD": null, "FCLASS_UA": null, "NE_ID": 1746745341, "BRK_A3": null, "FCLASS_TLC": null }, "geometry": { "type": "LineString", "coordinates": [ [ -74.699051, 41.357299 ], [ -74.75662, 41.423909 ], [ -74.981257, 41.507702 ], [ -75.051361, 41.608369 ], [ -75.095537, 41.83171 ], [ -75.351342, 41.998417 ], [ -79.762958, 42.0009 ], [ -79.762024, 42.538977 ] ] } },
{ "type": "Feature", "properties": { "FEATURECLA": "Admin-1 boundary", "NAME": null, "ADM0_A3": "USA", "ADM0_NAME": "United States of America", "MAPCOLOR9": 1, "MAPCOLOR13": 1, "SCALERANK": 2, "MIN_ZOOM": 2.0, "FCLASS_ISO": null, "FCLASS_US": null, "FCLASS_FR": null, "FCLASS_RU": null, "FCLASS_ES": null, "FCLASS_CN": null, "FCLASS_TW": null, "FCLASS_IN": null, "FCLASS_NP": null, "FCLASS_PK": null, "FCLASS_DE": null, "FCLASS_GB": null, "FCLASS_BR": null, "FCLASS_IL": null, "FCLASS_PS": null, "FCLASS_SA": null, "FCLASS_EG": null, "FCLASS_MA": null, "FCLASS_PT": null, "FCLASS_AR": null, "FCLASS_JP": null, "FCLASS_KO": null, "FCLASS_VN": null, "FCLASS_TR": null, "FCLASS_ID": null, "FCLASS_PL": null, "FCLASS_GR": null, "FCLASS_IT": null, "FCLASS_NL": null, "FCLASS_SE": null, "FCLASS_BD": null, "FCLASS_UA": null, "NE_ID": 1746745269, "BRK_A3": null, "FCLASS_TLC": null }, "geometry": { "type": "LineString", "coordinates": [ [ -73.480568, 42.055568 ], [ -72.806458, 42.00803 ], [ -71.800836, 42.011963 ] ] } },
{ "type": "Feature", "properties": { "FEATURECLA": "Admin-1 boundary", "NAME": null, "ADM0_A3": "USA", "ADM0_NAME": "United States of America", "MAPCOLOR9": 1, "MAPCOLOR13": 1, "SCALERANK": 2, "MIN_ZOOM": 2.0, "FCLASS_ISO": null, "FCLASS_US": null, "FCLASS_FR": null, "FCLASS_RU": null, "FCLASS_ES": null, "FCLASS_CN": null, "FCLASS_TW": null, "FCLASS_IN": null, "FCLASS_NP": null, "FCLASS_PK": null, "FCLASS_DE": null, "FCLASS_GB": null, "FCLASS_BR": null, "FCLASS_IL": null, "FCLASS_PS": null, "FCLASS_SA": null, "FCLASS_EG": null, "FCLASS_MA": null, "FCLASS_PT": null, "FCLASS_AR": null, "FCLASS_JP": null, "FCLASS_KO": null, "FCLASS_VN": null, "FCLASS_TR": null, "FCLASS_ID": null, "FCLASS_PL": null, "FCLASS_GR": null, "FCLASS_IT": null, "FCLASS_NL": null, "FCLASS_SE": null, "FCLASS_BD": null, "FCLASS_UA": null, "NE_ID": 1746745419, "BRK_A3": null, "FCLASS_TLC": null }, "geometry": { "type": "LineString", "coordinates": [ [ -87.221257, 41.760728 ], [ -87.039126, 42.492802 ] ] } },
{ "type": "Feature", "properties": { "FEATURECLA": "Admin-1 boundary", "NAME": null, "ADM0_A3": "USA", "ADM0_NAME": "United States of America", "MAPCOLOR9": 1, "MAPCOLOR13": 1, "SCALERANK": 2, "MIN_ZOOM": 2.0, "FCLASS_ISO": null, "FCLASS_US": null, "FCLASS_FR": null, "FCLASS_RU": null, "FCLASS_ES": null, "FCLASS_CN": null, "FCLASS_TW": null, "FCLASS_IN": null, "FCLASS_NP": null, "FCLASS_PK": null, "FCLASS_DE": null, "FCLASS_GB": null, "FCLASS_BR": null, "FCLASS_IL": null, "FCLASS_PS": null, "FCLASS_SA": null, "FCLASS_EG": null, "FCLASS_MA": null, "FCLASS_PT": null, "FCLASS_AR": null, "FCLASS_JP": null, "FCLASS_KO": null, "FCLASS_VN": null, "FCLASS_TR": null, "FCLASS_ID": null, "FCLASS_PL": null, "FCLASS_GR": null, "FCLASS_IT": null, "FCLASS_NL": null, "FCLASS_SE": null, "FCLASS_BD": null, "FCLASS_UA": null, "NE_ID": 1746745347, "BRK_A3": null, "FCLASS_TLC": null }, "geometry": { "type": "LineString", "coordinates": [ [ -73.253327, 42.752222 ], [ -73.507287, 42.080012 ], [ -73.480568, 42.055568 ] ] } },
{ "type": "Feature", "properties": { "FEATURECLA": "Admin-1 boundary", "NAME": null, "ADM0_A3": "USA", "ADM0_NAME": "United States of America", "MAPCOLOR9": 1, "MAPCOLOR13": 1, "SCALERANK": 2, "MIN_ZOOM": 2.0, "FCLASS_ISO": null, "FCLASS_US": null, "FCLASS_FR": null, "FCLASS_RU": null, "FCLASS_ES": null, "FCLASS_CN": null, "FCLASS_TW": null, "FCLASS_IN": null, "FCLASS_NP": null, "FCLASS_PK": null, "FCLASS_DE": null, "FCLASS_GB": null, "FCLASS_BR": null, "FCLASS_IL": null, "FCLASS_PS": null, "FCLASS_SA": null, "FCLASS_EG": null, "FCLASS_MA": null, "FCLASS_PT": null, "FCLASS_AR": null, "FCLASS_JP": null, "FCLASS_KO": null, "FCLASS_VN": null, "FCLASS_TR": null, "FCLASS_ID": null, "FCLASS_PL": null, "FCLASS_GR": null, "FCLASS_IT": null, "FCLASS_NL": null, "FCLASS_SE": null, "FCLASS_BD": null, "FCLASS_UA": null, "NE_ID": 1746745037, "BRK_A3": null, "FCLASS_TLC": null }, "geometry": { "type": "LineString", "coordinates": [ [ -120.000809, 42.000559 ], [ -124.228409, 42.000768 ] ] } },
{ "type": "Feature", "properties": { "FEATURECLA": "Admin-1 boundary", "NAME": null, "ADM0_A3": "USA", "ADM0_NAME": "United States of America", "MAPCOLOR9": 1, "MAPCOLOR13": 1, "SCALERANK": 2, "MIN_ZOOM": 2.0, "FCLASS_ISO": null, "FCLASS_US": null, "FCLASS_FR": null, "FCLASS_RU": null, "FCLASS_ES": null, "FCLASS_CN": null, "FCLASS_TW": null, "FCLASS_IN": null, "FCLASS_NP": null, "FCLASS_PK": null, "FCLASS_DE": null, "FCLASS_GB": null, "FCLASS_BR": null, "FCLASS_IL": null, "FCLASS_PS": null, "FCLASS_SA": null, "FCLASS_EG": null, "FCLASS_MA": null, "FCLASS_PT": null, "FCLASS_AR": null, "FCLASS_JP": null, "FCLASS_KO": null, "FCLASS_VN": null, "FCLASS_TR": null, "FCLASS_ID": null, "FCLASS_PL": null, "FCLASS_GR": null, "FCLASS_IT": null, "FCLASS_NL": null, "FCLASS_SE": null, "FCLASS_BD": null, "FCLASS_UA": null, "NE_ID": 1746745063, "BRK_A3": null, "FCLASS_TLC": null }, "geometry": { "type": "LineString", "coordinates": [ [ -117.016675, 42.000559 ], [ -114.042593, 42.001109 ] ] } },
{ "type": "Feature", "properties": { "FEATURECLA": "Admin-1 boundary", "NAME": null, "ADM0_A3": "USA", "ADM0_NAME": "United States of America", "MAPCOLOR9": 1, "MAPCOLOR13": 1, "SCALERANK": 2, "MIN_ZOOM": 2.0, "FCLASS_ISO": null, "FCLASS_US": null, "FCLASS_FR": null, "FCLASS_RU": null, "FCLASS_ES": null, "FCLASS_CN": null, "FCLASS_TW": null, "FCLASS_IN": null, "FCLASS_NP": null, "FCLASS_PK": null, "FCLASS_DE": null, "FCLASS_GB": null, "FCLASS_BR": null, "FCLASS_IL": null, "FCLASS_PS": null, "FCLASS_SA": null, "FCLASS_EG": null, "FCLASS_MA": null, "FCLASS_PT": null, "FCLASS_AR": null, "FCLASS_JP": null, "FCLASS_KO": null, "FCLASS_VN": null, "FCLASS_TR": null, "FCLASS_ID": null, "FCLASS_PL": null, "FCLASS_GR": null, "FCLASS_IT": null, "FCLASS_NL": null, "FCLASS_SE": null, "FCLASS_BD": null, "FCLASS_UA": null, "NE_ID": 1746745085, "BRK_A3": null, "FCLASS_TLC": null }, "geometry": { "type": "LineString", "coordinates": [ [ -111.050296, 42.000878 ], [ -114.042593, 42.001109 ] ] } },
{ "type": "Feature", "properties": { "FEATURECLA": "Admin-1 boundary", "NAME": null, "ADM0_A3": "USA", "ADM0_NAME": "United States of America", "MAPCOLOR9": 1, "MAPCOLOR13": 1, "SCALERANK": 2, "MIN_ZOOM": 2.0, "FCLASS_ISO": null, "FCLASS_US": null, "FCLASS_FR": null, "FCLASS_RU": null, "FCLASS_ES": null, "FCLASS_CN": null, "FCLASS_TW": null, "FCLASS_IN": null, "FCLASS_NP": null, "FCLASS_PK": null, "FCLASS_DE": null, "FCLASS_GB": null, "FCLASS_BR": null, "FCLASS_IL": null, "FCLASS_PS": null, "FCLASS_SA": null, "FCLASS_EG": null, "FCLASS_MA": null, "FCLASS_PT": null, "FCLASS_AR": null, "FCLASS_JP": null, "FCLASS_KO": null, "FCLASS_VN": null, "FCLASS_TR": null, "FCLASS_ID": null, "FCLASS_PL": null, "FCLASS_GR": null, "FCLASS_IT": null, "FCLASS_NL": null, "FCLASS_SE": null, "FCLASS_BD": null, "FCLASS_UA": null, "NE_ID": 1746714551, "BRK_A3": null, "FCLASS_TLC": null }, "geometry": { "type": "LineString", "coordinates": [ [ -104.021655, 41.000858 ], [ -104.028862, 43.001403 ] ] } },
{ "type": "Feature", "properties": { "FEATURECLA": "Admin-1 boundary", "NAME": null, "ADM0_A3": "USA", "ADM0_NAME": "United States of America", "MAPCOLOR9": 1, "MAPCOLOR13": 1, "SCALERANK": 2, "MIN_ZOOM": 2.0, "FCLASS_ISO": null, "FCLASS_US": null, "FCLASS_FR": null, "FCLASS_RU": null, "FCLASS_ES": null, "FCLASS_CN": null, "FCLASS_TW": null, "FCLASS_IN": null, "FCLASS_NP": null, "FCLASS_PK": null, "FCLASS_DE": null, "FCLASS_GB": null, "FCLASS_BR": null, "FCLASS_IL": null, "FCLASS_PS": null, "FCLASS_SA": null, "FCLASS_EG": null, "FCLASS_MA": null, "FCLASS_PT": null, "FCLASS_AR": null, "FCLASS_JP": null, "FCLASS_KO": null, "FCLASS_VN": null, "FCLASS_TR": null, "FCLASS_ID": null, "FCLASS_PL": null, "FCLASS_GR": null, "FCLASS_IT": null, "FCLASS_NL": null, "FCLASS_SE": null, "FCLASS_BD": null, "FCLASS_UA": null, "NE_ID": 1746714563, "BRK_A3": null, "FCLASS_TLC": null }, "geometry": { "type": "LineString", "coordinates": [ [ -96.480953, 42.511259 ], [ -96.804527, 42.701421 ], [ -97.23879, 42.860536 ], [ -97.698139, 42.874643 ], [ -97.964947, 42.805868 ], [ -98.441765, 43.001095 ], [ -104.028862, 43.001403 ] ] } },
{ "type": "Feature", "properties": { "FEATURECLA": "Admin-1 boundary", "NAME": null, "ADM0_A3": "USA", "ADM0_NAME": "United States of America", "MAPCOLOR9": 1, "MAPCOLOR13": 1, "SCALERANK": 2, "MIN_ZOOM": 2.0, "FCLASS_ISO": null, "FCLASS_US": null, "FCLASS_FR": null, "FCLASS_RU": null, "FCLASS_ES": null, "FCLASS_CN": null, "FCLASS_TW": null, "FCLASS_IN": null, "FCLASS_NP": null, "FCLASS_PK": null, "FCLASS_DE": null, "FCLASS_GB": null, "FCLASS_BR": null, "FCLASS_IL": null, "FCLASS_PS": null, "FCLASS_SA": null, "FCLASS_EG": null, "FCLASS_MA": null, "FCLASS_PT": null, "FCLASS_AR": null, "FCLASS_JP": null, "FCLASS_KO": null, "FCLASS_VN": null, "FCLASS_TR": null, "FCLASS_ID": null, "FCLASS_PL": null, "FCLASS_GR": null, "FCLASS_IT": null, "FCLASS_NL": null, "FCLASS_SE": null, "FCLASS_BD": null, "FCLASS_UA": null, "NE_ID": 1746714593, "BRK_A3": null, "FCLASS_TLC": null }, "geometry": { "type": "LineString", "coordinates": [ [ -96.453619, 43.501171 ], [ -96.598622, 43.497501 ], [ -96.534956, 43.338057 ], [ -96.563454, 43.242685 ], [ -96.461293, 43.129767 ], [ -96.626835, 42.757001 ], [ -96.480953, 42.511259 ] ] } },
{ "type": "Feature", "properties": { "FEATURECLA": "Admin-1 boundary", "NAME": null, "ADM0_A3": "USA", "ADM0_NAME": "United States of America", "MAPCOLOR9": 1, "MAPCOLOR13": 1, "SCALERANK": 2, "MIN_ZOOM": 2.0, "FCLASS_ISO": null, "FCLASS_US": null, "FCLASS_FR": null, "FCLASS_RU": null, "FCLASS_ES": null, "FCLASS_CN": null, "FCLASS_TW": null, "FCLASS_IN": null, "FCLASS_NP": null, "FCLASS_PK": null, "FCLASS_DE": null, "FCLASS_GB": null, "FCLASS_BR": null, "FCLASS_IL": null, "FCLASS_PS": null, "FCLASS_SA": null, "FCLASS_EG": null, "FCLASS_MA": null, "FCLASS_PT": null, "FCLASS_AR": null, "FCLASS_JP": null, "FCLASS_KO": null, "FCLASS_VN": null, "FCLASS_TR": null, "FCLASS_ID": null, "FCLASS_PL": null, "FCLASS_GR": null, "FCLASS_IT": null, "FCLASS_NL": null, "FCLASS_SE": null, "FCLASS_BD": null, "FCLASS_UA": null, "NE_ID": 1746745401, "BRK_A3": null, "FCLASS_TLC": null }, "geometry": { "type": "LineString", "coordinates": [ [ -91.245253, 43.502412 ], [ -91.218688, 43.395285 ], [ -91.117196, 43.331157 ], [ -91.161328, 43.102334 ], [ -91.069582, 42.788554 ], [ -90.788749, 42.676933 ], [ -90.687873, 42.610322 ], [ -90.650585, 42.512984 ] ] } },
{ "type": "Feature", "properties": { "FEATURECLA": "Admin-1 boundary", "NAME": null, "ADM0_A3": "USA", "ADM0_NAME": "United States of America", "MAPCOLOR9": 1, "MAPCOLOR13": 1, "SCALERANK": 2, "MIN_ZOOM": 2.0, "FCLASS_ISO": null, "FCLASS_US": null, "FCLASS_FR": null, "FCLASS_RU": null, "FCLASS_ES": null, "FCLASS_CN": null, "FCLASS_TW": null, "FCLASS_IN": null, "FCLASS_NP": null, "FCLASS_PK": null, "FCLASS_DE": null, "FCLASS_GB": null, "FCLASS_BR": null, "FCLASS_IL": null, "FCLASS_PS": null, "FCLASS_SA": null, "FCLASS_EG": null, "FCLASS_MA": null, "FCLASS_PT": null, "FCLASS_AR": null, "FCLASS_JP": null, "FCLASS_KO": null, "FCLASS_VN": null, "FCLASS_TR": null, "FCLASS_ID": null, "FCLASS_PL": null, "FCLASS_GR": null, "FCLASS_IT": null, "FCLASS_NL": null, "FCLASS_SE": null, "FCLASS_BD": null, "FCLASS_UA": null, "NE_ID": 1746745053, "BRK_A3": null, "FCLASS_TLC": null }, "geometry": { "type": "LineString", "coordinates": [ [ -111.051434, 44.498883 ], [ -111.050296, 42.000878 ] ] } },
{ "type": "Feature", "properties": { "FEATURECLA": "Admin-1 boundary", "NAME": null, "ADM0_A3": "USA", "ADM0_NAME": "United States of America", "MAPCOLOR9": 1, "MAPCOLOR13": 1, "SCALERANK": 2, "MIN_ZOOM": 2.0, "FCLASS_ISO": null, "FCLASS_US": null, "FCLASS_FR": null, "FCLASS_RU": null, "FCLASS_ES": null, "FCLASS_CN": null, "FCLASS_TW": null, "FCLASS_IN": null, "FCLASS_NP": null, "FCLASS_PK": null, "FCLASS_DE": null, "FCLASS_GB": null, "FCLASS_BR": null, "FCLASS_IL": null, "FCLASS_PS": null, "FCLASS_SA": null, "FCLASS_EG": null, "FCLASS_MA": null, "FCLASS_PT": null, "FCLASS_AR": null, "FCLASS_JP": null, "FCLASS_KO": null, "FCLASS_VN": null, "FCLASS_TR": null, "FCLASS_ID": null, "FCLASS_PL": null, "FCLASS_GR": null, "FCLASS_IT": null, "FCLASS_NL": null, "FCLASS_SE": null, "FCLASS_BD": null, "FCLASS_UA": null, "NE_ID": 1746745391, "BRK_A3": null, "FCLASS_TLC": null }, "geometry": { "type": "LineString", "coordinates": [ [ -91.245253, 43.502412 ], [ -96.453619, 43.501171 ] ] } },
{ "type": "Feature", "properties": { "FEATURECLA": "Admin-1 boundary", "NAME": null, "ADM0_A3": "USA", "ADM0_NAME": "United States of America", "MAPCOLOR9": 1, "MAPCOLOR13": 1, "SCALERANK": 2, "MIN_ZOOM": 2.0, "FCLASS_ISO": null, "FCLASS_US": null, "FCLASS_FR": null, "FCLASS_RU": null, "FCLASS_ES": null, "FCLASS_CN": null, "FCLASS_TW": null, "FCLASS_IN": null, "FCLASS_NP": null, "FCLASS_PK": null, "FCLASS_DE": null, "FCLASS_GB": null, "FCLASS_BR": null, "FCLASS_IL": null, "FCLASS_PS": null, "FCLASS_SA": null, "FCLASS_EG": null, "FCLASS_MA": null, "FCLASS_PT": null, "FCLASS_AR": null, "FCLASS_JP": null, "FCLASS_KO": null, "FCLASS_VN": null, "FCLASS_TR": null, "FCLASS_ID": null, "FCLASS_PL": null, "FCLASS_GR": null, "FCLASS_IT": null, "FCLASS_NL": null, "FCLASS_SE": null, "FCLASS_BD": null, "FCLASS_UA": null, "NE_ID": 1746714543, "BRK_A3": null, "FCLASS_TLC": null }, "geometry": { "type": "LineString", "coordinates": [ [ -104.028862, 43.001403 ], [ -104.037212, 45.001134 ] ] } },
{ "type": "Feature", "properties": { "FEATURECLA": "Admin-1 boundary", "NAME": null, "ADM0_A3": "USA", "ADM0_NAME": "United States of America", "MAPCOLOR9": 1, "MAPCOLOR13": 1, "SCALERANK": 2, "MIN_ZOOM": 2.0, "FCLASS_ISO": null, "FCLASS_US": null, "FCLASS_FR": null, "FCLASS_RU": null, "FCLASS_ES": null, "FCLASS_CN": null, "FCLASS_TW": null, "FCLASS_IN": null, "FCLASS_NP": null, "FCLASS_PK": null, "FCLASS_DE": null, "FCLASS_GB": null, "FCLASS_BR": null, "FCLASS_IL": null, "FCLASS_PS": null, "FCLASS_SA": null, "FCLASS_EG": null, "FCLASS_MA": null, "FCLASS_PT": null, "FCLASS_AR": null, "FCLASS_JP": null, "FCLASS_KO": null, "FCLASS_VN": null, "FCLASS_TR": null, "FCLASS_ID": null, "FCLASS_PL": null, "FCLASS_GR": null, "FCLASS_IT": null, "FCLASS_NL": null, "FCLASS_SE": null, "FCLASS_BD": null, "FCLASS_UA": null, "NE_ID": 1746745427, "BRK_A3": null, "FCLASS_TLC": null }, "geometry": { "type": "LineString", "coordinates": [ [ -90.650585, 42.512984 ], [ -87.039126, 42.492802 ] ] } },
{ "type": "Feature", "properties": { "FEATURECLA": "Admin-1 boundary", "NAME": null, "ADM0_A3": "USA", "ADM0_NAME": "United States of America", "MAPCOLOR9": 1, "MAPCOLOR13": 1, "SCALERANK": 2, "MIN_ZOOM": 2.0, "FCLASS_ISO": null, "FCLASS_US": null, "FCLASS_FR": null, "FCLASS_RU": null, "FCLASS_ES": null, "FCLASS_CN": null, "FCLASS_TW": null, "FCLASS_IN": null, "FCLASS_NP": null, "FCLASS_PK": null, "FCLASS_DE": null, "FCLASS_GB": null, "FCLASS_BR": null, "FCLASS_IL": null, "FCLASS_PS": null, "FCLASS_SA": null, "FCLASS_EG": null, "FCLASS_MA": null, "FCLASS_PT": null, "FCLASS_AR": null, "FCLASS_JP": null, "FCLASS_KO": null, "FCLASS_VN": null, "FCLASS_TR": null, "FCLASS_ID": null, "FCLASS_PL": null, "FCLASS_GR": null, "FCLASS_IT": null, "FCLASS_NL": null, "FCLASS_SE": null, "FCLASS_BD": null, "FCLASS_UA": null, "NE_ID": 1746745359, "BRK_A3": null, "FCLASS_TLC": null }, "geometry": { "type": "LineString", "coordinates": [ [ -72.46686, 42.730315 ], [ -73.253327, 42.752222 ] ] } },
{ "type": "Feature", "properties": { "FEATURECLA": "Admin-1 boundary", "NAME": null, "ADM0_A3": "USA", "ADM0_NAME": "United States of America", "MAPCOLOR9": 1, "MAPCOLOR13": 1, "SCALERANK": 2, "MIN_ZOOM": 2.0, "FCLASS_ISO": null, "FCLASS_US": null, "FCLASS_FR": null, "FCLASS_RU": null, "FCLASS_ES": null, "FCLASS_CN": null, "FCLASS_TW": null, "FCLASS_IN": null, "FCLASS_NP": null, "FCLASS_PK": null, "FCLASS_DE": null, "FCLASS_GB": null, "FCLASS_BR": null, "FCLASS_IL": null, "FCLASS_PS": null, "FCLASS_SA": null, "FCLASS_EG": null, "FCLASS_MA": null, "FCLASS_PT": null, "FCLASS_AR": null, "FCLASS_JP": null, "FCLASS_KO": null, "FCLASS_VN": null, "FCLASS_TR": null, "FCLASS_ID": null, "FCLASS_PL": null, "FCLASS_GR": null, "FCLASS_IT": null, "FCLASS_NL": null, "FCLASS_SE": null, "FCLASS_BD": null, "FCLASS_UA": null, "NE_ID": 1746745367, "BRK_A3": null, "FCLASS_TLC": null }, "geometry": { "type": "LineString", "coordinates": [ [ -70.806112, 42.876763 ], [ -70.974082, 42.871676 ], [ -71.329621, 42.702487 ], [ -72.46686, 42.730315 ] ] } },
{ "type": "Feature", "properties": { "FEATURECLA": "Admin-1 boundary", "NAME": null, "ADM0_A3": "USA", "ADM0_NAME": "United States of America", "MAPCOLOR9": 1, "MAPCOLOR13": 1, "SCALERANK": 2, "MIN_ZOOM": 2.0, "FCLASS_ISO": null, "FCLASS_US": null, "FCLASS_FR": null, "FCLASS_RU": null, "FCLASS_ES": null, "FCLASS_CN": null, "FCLASS_TW": null, "FCLASS_IN": null, "FCLASS_NP": null, "FCLASS_PK": null, "FCLASS_DE": null, "FCLASS_GB": null, "FCLASS_BR": null, "FCLASS_IL": null, "FCLASS_PS": null, "FCLASS_SA": null, "FCLASS_EG": null, "FCLASS_MA": null, "FCLASS_PT": null, "FCLASS_AR": null, "FCLASS_JP": null, "FCLASS_KO": null, "FCLASS_VN": null, "FCLASS_TR": null, "FCLASS_ID": null, "FCLASS_PL": null, "FCLASS_GR": null, "FCLASS_IT": null, "FCLASS_NL": null, "FCLASS_SE": null, "FCLASS_BD": null, "FCLASS_UA": null, "NE_ID": 1746745375, "BRK_A3": null, "FCLASS_TLC": null }, "geometry": { "type": "LineString", "coordinates": [ [ -71.51752, 45.007561 ], [ -71.510225, 44.908344 ], [ -71.62066, 44.771894 ], [ -71.568442, 44.607637 ], [ -71.609289, 44.514055 ], [ -72.031208, 44.300734 ], [ -72.114924, 43.965431 ], [ -72.362369, 43.586645 ], [ -72.473715, 43.038537 ], [ -72.549807, 42.886684 ], [ -72.46686, 42.730315 ] ] } },
{ "type": "Feature", "properties": { "FEATURECLA": "Admin-1 boundary", "NAME": null, "ADM0_A3": "USA", "ADM0_NAME": "United States of America", "MAPCOLOR9": 1, "MAPCOLOR13": 1, "SCALERANK": 2, "MIN_ZOOM": 2.0, "FCLASS_ISO": null, "FCLASS_US": null, "FCLASS_FR": null, "FCLASS_RU": null, "FCLASS_ES": null, "FCLASS_CN": null, "FCLASS_TW": null, "FCLASS_IN": null, "FCLASS_NP": null, "FCLASS_PK": null, "FCLASS_DE": null, "FCLASS_GB": null, "FCLASS_BR": null, "FCLASS_IL": null, "FCLASS_PS": null, "FCLASS_SA": null, "FCLASS_EG": null, "FCLASS_MA": null, "FCLASS_PT": null, "FCLASS_AR": null, "FCLASS_JP": null, "FCLASS_KO": null, "FCLASS_VN": null, "FCLASS_TR": null, "FCLASS_ID": null, "FCLASS_PL": null, "FCLASS_GR": null, "FCLASS_IT": null, "FCLASS_NL": null, "FCLASS_SE": null, "FCLASS_BD": null, "FCLASS_UA": null, "NE_ID": 1746745363, "BRK_A3": null, "FCLASS_TLC": null }, "geometry": { "type": "LineString", "coordinates": [ [ -73.253327, 42.752222 ], [ -73.247098, 43.553048 ], [ -73.330484, 43.62669 ], [ -73.415925, 43.589644 ], [ -73.374968, 43.804152 ], [ -73.426131, 44.074855 ], [ -73.320915, 44.268874 ], [ -73.309753, 44.45964 ], [ -73.372078, 44.597332 ], [ -73.352182, 45.005419 ] ] } },
{ "type": "Feature", "properties": { "FEATURECLA": "Admin-1 boundary", "NAME": null, "ADM0_A3": "USA", "ADM0_NAME": "United States of America", "MAPCOLOR9": 1, "MAPCOLOR13": 1, "SCALERANK": 2, "MIN_ZOOM": 2.0, "FCLASS_ISO": null, "FCLASS_US": null, "FCLASS_FR": null, "FCLASS_RU": null, "FCLASS_ES": null, "FCLASS_CN": null, "FCLASS_TW": null, "FCLASS_IN": null, "FCLASS_NP": null, "FCLASS_PK": null, "FCLASS_DE": null, "FCLASS_GB": null, "FCLASS_BR": null, "FCLASS_IL": null, "FCLASS_PS": null, "FCLASS_SA": null, "FCLASS_EG": null, "FCLASS_MA": null, "FCLASS_PT": null, "FCLASS_AR": null, "FCLASS_JP": null, "FCLASS_KO": null, "FCLASS_VN": null, "FCLASS_TR": null, "FCLASS_ID": null, "FCLASS_PL": null, "FCLASS_GR": null, "FCLASS_IT": null, "FCLASS_NL": null, "FCLASS_SE": null, "FCLASS_BD": null, "FCLASS_UA": null, "NE_ID": 1746745379, "BRK_A3": null, "FCLASS_TLC": null }, "geometry": { "type": "LineString", "coordinates": [ [ -70.733096, 43.070034 ], [ -70.967545, 43.458148 ], [ -71.084549, 45.294008 ] ] } },
{ "type": "Feature", "properties": { "FEATURECLA": "Admin-1 boundary", "NAME": null, "ADM0_A3": "USA", "ADM0_NAME": "United States of America", "MAPCOLOR9": 1, "MAPCOLOR13": 1, "SCALERANK": 2, "MIN_ZOOM": 2.0, "FCLASS_ISO": null, "FCLASS_US": null, "FCLASS_FR": null, "FCLASS_RU": null, "FCLASS_ES": null, "FCLASS_CN": null, "FCLASS_TW": null, "FCLASS_IN": null, "FCLASS_NP": null, "FCLASS_PK": null, "FCLASS_DE": null, "FCLASS_GB": null, "FCLASS_BR": null, "FCLASS_IL": null, "FCLASS_PS": null, "FCLASS_SA": null, "FCLASS_EG": null, "FCLASS_MA": null, "FCLASS_PT": null, "FCLASS_AR": null, "FCLASS_JP": null, "FCLASS_KO": null, "FCLASS_VN": null, "FCLASS_TR": null, "FCLASS_ID": null, "FCLASS_PL": null, "FCLASS_GR": null, "FCLASS_IT": null, "FCLASS_NL": null, "FCLASS_SE": null, "FCLASS_BD": null, "FCLASS_UA": null, "NE_ID": 1746745089, "BRK_A3": null, "FCLASS_TLC": null }, "geometry": { "type": "LineString", "coordinates": [ [ -87.039126, 42.492802 ], [ -87.15501, 43.326763 ], [ -87.141727, 43.657803 ], [ -87.03249, 44.091466 ], [ -86.7147, 44.846205 ], [ -86.535952, 45.041487 ], [ -86.264524, 45.226903 ], [ -86.77429, 45.452365 ], [ -87.115272, 45.452365 ], [ -87.244384, 45.289789 ], [ -87.419802, 45.183859 ], [ -87.45954, 45.067997 ], [ -87.653613, 45.121797 ], [ -87.720916, 45.242768 ], [ -87.664226, 45.371286 ], [ -87.874911, 45.385392 ], [ -87.794557, 45.596033 ], [ -87.809081, 45.686044 ], [ -88.116116, 45.815804 ], [ -88.096483, 45.878415 ], [ -88.151745, 45.945409 ], [ -88.837335, 46.036618 ], [ -89.119289, 46.149195 ], [ -90.11855, 46.341664 ], [ -90.23038, 46.509766 ], [ -90.412588, 46.585275 ], [ -89.957677, 47.287137 ] ] } },
{ "type": "Feature", "properties": { "FEATURECLA": "Admin-1 boundary", "NAME": null, "ADM0_A3": "CAN", "ADM0_NAME": "Canada", "MAPCOLOR9": 2, "MAPCOLOR13": 2, "SCALERANK": 2, "MIN_ZOOM": 2.0, "FCLASS_ISO": null, "FCLASS_US": null, "FCLASS_FR": null, "FCLASS_RU": null, "FCLASS_ES": null, "FCLASS_CN": null, "FCLASS_TW": null, "FCLASS_IN": null, "FCLASS_NP": null, "FCLASS_PK": null, "FCLASS_DE": null, "FCLASS_GB": null, "FCLASS_BR": null, "FCLASS_IL": null, "FCLASS_PS": null, "FCLASS_SA": null, "FCLASS_EG": null, "FCLASS_MA": null, "FCLASS_PT": null, "FCLASS_AR": null, "FCLASS_JP": null, "FCLASS_KO": null, "FCLASS_VN": null, "FCLASS_TR": null, "FCLASS_ID": null, "FCLASS_PL": null, "FCLASS_GR": null, "FCLASS_IT": null, "FCLASS_NL": null, "FCLASS_SE": null, "FCLASS_BD": null, "FCLASS_UA": null, "NE_ID": 1746729569, "BRK_A3": null, "FCLASS_TLC": null }, "geometry": { "type": "LineString", "coordinates": [ [ -64.030942, 46.012668 ], [ -64.314653, 45.835678 ] ] } },
{ "type": "Feature", "properties": { "FEATURECLA": "Admin-1 boundary", "NAME": null, "ADM0_A3": "CAN", "ADM0_NAME": "Canada", "MAPCOLOR9": 2, "MAPCOLOR13": 2, "SCALERANK": 2, "MIN_ZOOM": 2.0, "FCLASS_ISO": null, "FCLASS_US": null, "FCLASS_FR": null, "FCLASS_RU": null, "FCLASS_ES": null, "FCLASS_CN": null, "FCLASS_TW": null, "FCLASS_IN": null, "FCLASS_NP": null, "FCLASS_PK": null, "FCLASS_DE": null, "FCLASS_GB": null, "FCLASS_BR": null, "FCLASS_IL": null, "FCLASS_PS": null, "FCLASS_SA": null, "FCLASS_EG": null, "FCLASS_MA": null, "FCLASS_PT": null, "FCLASS_AR": null, "FCLASS_JP": null, "FCLASS_KO": null, "FCLASS_VN": null, "FCLASS_TR": null, "FCLASS_ID": null, "FCLASS_PL": null, "FCLASS_GR": null, "FCLASS_IT": null, "FCLASS_NL": null, "FCLASS_SE": null, "FCLASS_BD": null, "FCLASS_UA": null, "NE_ID": 1746729547, "BRK_A3": null, "FCLASS_TLC": null }, "geometry": { "type": "LineString", "coordinates": [ [ -68.37921, 47.588986 ], [ -68.628467, 47.420697 ], [ -69.05366, 47.294585 ] ] } },
{ "type": "Feature", "properties": { "FEATURECLA": "Admin-1 boundary", "NAME": null, "ADM0_A3": "CAN", "ADM0_NAME": "Canada", "MAPCOLOR9": 2, "MAPCOLOR13": 2, "SCALERANK": 2, "MIN_ZOOM": 2.0, "FCLASS_ISO": null, "FCLASS_US": null, "FCLASS_FR": null, "FCLASS_RU": null, "FCLASS_ES": null, "FCLASS_CN": null, "FCLASS_TW": null, "FCLASS_IN": null, "FCLASS_NP": null, "FCLASS_PK": null, "FCLASS_DE": null, "FCLASS_GB": null, "FCLASS_BR": null, "FCLASS_IL": null, "FCLASS_PS": null, "FCLASS_SA": null, "FCLASS_EG": null, "FCLASS_MA": null, "FCLASS_PT": null, "FCLASS_AR": null, "FCLASS_JP": null, "FCLASS_KO": null, "FCLASS_VN": null, "FCLASS_TR": null, "FCLASS_ID": null, "FCLASS_PL": null, "FCLASS_GR": null, "FCLASS_IT": null, "FCLASS_NL": null, "FCLASS_SE": null, "FCLASS_BD": null, "FCLASS_UA": null, "NE_ID": 1746729547, "BRK_A3": null, "FCLASS_TLC": null }, "geometry": { "type": "LineString", "coordinates": [ [ -67.612891, 47.998567 ], [ -68.113516, 47.998567 ], [ -68.113516, 47.929375 ], [ -68.377913, 47.929375 ], [ -68.37921, 47.588986 ] ] } },
{ "type": "Feature", "properties": { "FEATURECLA": "Admin-1 boundary", "NAME": null, "ADM0_A3": "USA", "ADM0_NAME": "United States of America", "MAPCOLOR9": 1, "MAPCOLOR13": 1, "SCALERANK": 2, "MIN_ZOOM": 2.0, "FCLASS_ISO": null, "FCLASS_US": null, "FCLASS_FR": null, "FCLASS_RU": null, "FCLASS_ES": null, "FCLASS_CN": null, "FCLASS_TW": null, "FCLASS_IN": null, "FCLASS_NP": null, "FCLASS_PK": null, "FCLASS_DE": null, "FCLASS_GB": null, "FCLASS_BR": null, "FCLASS_IL": null, "FCLASS_PS": null, "FCLASS_SA": null, "FCLASS_EG": null, "FCLASS_MA": null, "FCLASS_PT": null, "FCLASS_AR": null, "FCLASS_JP": null, "FCLASS_KO": null, "FCLASS_VN": null, "FCLASS_TR": null, "FCLASS_ID": null, "FCLASS_PL": null, "FCLASS_GR": null, "FCLASS_IT": null, "FCLASS_NL": null, "FCLASS_SE": null, "FCLASS_BD": null, "FCLASS_UA": null, "NE_ID": 1746745045, "BRK_A3": null, "FCLASS_TLC": null }, "geometry": { "type": "LineString", "coordinates": [ [ -117.016675, 42.000559 ], [ -117.020498, 43.813194 ], [ -116.91242, 44.199473 ], [ -117.139744, 44.290264 ], [ -117.197312, 44.3438 ], [ -117.201701, 44.436206 ], [ -116.855857, 44.90574 ], [ -116.477043, 45.641088 ], [ -116.520917, 45.721914 ], [ -116.896479, 46.002099 ] ] } },
{ "type": "Feature", "properties": { "FEATURECLA": "Admin-1 boundary", "NAME": null, "ADM0_A3": "USA", "ADM0_NAME": "United States of America", "MAPCOLOR9": 1, "MAPCOLOR13": 1, "SCALERANK": 2, "MIN_ZOOM": 2.0, "FCLASS_ISO": null, "FCLASS_US": null, "FCLASS_FR": null, "FCLASS_RU": null, "FCLASS_ES": null, "FCLASS_CN": null, "FCLASS_TW": null, "FCLASS_IN": null, "FCLASS_NP": null, "FCLASS_PK": null, "FCLASS_DE": null, "FCLASS_GB": null, "FCLASS_BR": null, "FCLASS_IL": null, "FCLASS_PS": null, "FCLASS_SA": null, "FCLASS_EG": null, "FCLASS_MA": null, "FCLASS_PT": null, "FCLASS_AR": null, "FCLASS_JP": null, "FCLASS_KO": null, "FCLASS_VN": null, "FCLASS_TR": null, "FCLASS_ID": null, "FCLASS_PL": null, "FCLASS_GR": null, "FCLASS_IT": null, "FCLASS_NL": null, "FCLASS_SE": null, "FCLASS_BD": null, "FCLASS_UA": null, "NE_ID": 1746745387, "BRK_A3": null, "FCLASS_TLC": null }, "geometry": { "type": "LineString", "coordinates": [ [ -96.453619, 43.501171 ], [ -96.453668, 45.297337 ], [ -96.696109, 45.431776 ], [ -96.85106, 45.626004 ], [ -96.614689, 45.799972 ], [ -96.556401, 45.942773 ] ] } },
{ "type": "Feature", "properties": { "FEATURECLA": "Admin-1 boundary", "NAME": null, "ADM0_A3": "USA", "ADM0_NAME": "United States of America", "MAPCOLOR9": 1, "MAPCOLOR13": 1, "SCALERANK": 2, "MIN_ZOOM": 2.0, "FCLASS_ISO": null, "FCLASS_US": null, "FCLASS_FR": null, "FCLASS_RU": null, "FCLASS_ES": null, "FCLASS_CN": null, "FCLASS_TW": null, "FCLASS_IN": null, "FCLASS_NP": null, "FCLASS_PK": null, "FCLASS_DE": null, "FCLASS_GB": null, "FCLASS_BR": null, "FCLASS_IL": null, "FCLASS_PS": null, "FCLASS_SA": null, "FCLASS_EG": null, "FCLASS_MA": null, "FCLASS_PT": null, "FCLASS_AR": null, "FCLASS_JP": null, "FCLASS_KO": null, "FCLASS_VN": null, "FCLASS_TR": null, "FCLASS_ID": null, "FCLASS_PL": null, "FCLASS_GR": null, "FCLASS_IT": null, "FCLASS_NL": null, "FCLASS_SE": null, "FCLASS_BD": null, "FCLASS_UA": null, "NE_ID": 1746745057, "BRK_A3": null, "FCLASS_TLC": null }, "geometry": { "type": "LineString", "coordinates": [ [ -111.051434, 44.498883 ], [ -111.050862, 45.001057 ], [ -104.037212, 45.001134 ] ] } },
{ "type": "Feature", "properties": { "FEATURECLA": "Admin-1 boundary", "NAME": null, "ADM0_A3": "USA", "ADM0_NAME": "United States of America", "MAPCOLOR9": 1, "MAPCOLOR13": 1, "SCALERANK": 2, "MIN_ZOOM": 2.0, "FCLASS_ISO": null, "FCLASS_US": null, "FCLASS_FR": null, "FCLASS_RU": null, "FCLASS_ES": null, "FCLASS_CN": null, "FCLASS_TW": null, "FCLASS_IN": null, "FCLASS_NP": null, "FCLASS_PK": null, "FCLASS_DE": null, "FCLASS_GB": null, "FCLASS_BR": null, "FCLASS_IL": null, "FCLASS_PS": null, "FCLASS_SA": null, "FCLASS_EG": null, "FCLASS_MA": null, "FCLASS_PT": null, "FCLASS_AR": null, "FCLASS_JP": null, "FCLASS_KO": null, "FCLASS_VN": null, "FCLASS_TR": null, "FCLASS_ID": null, "FCLASS_PL": null, "FCLASS_GR": null, "FCLASS_IT": null, "FCLASS_NL": null, "FCLASS_SE": null, "FCLASS_BD": null, "FCLASS_UA": null, "NE_ID": 1746745405, "BRK_A3": null, "FCLASS_TLC": null }, "geometry": { "type": "LineString", "coordinates": [ [ -91.245253, 43.502412 ], [ -91.278432, 43.797428 ], [ -91.382692, 43.990799 ], [ -91.840976, 44.194156 ], [ -92.055121, 44.39982 ], [ -92.769809, 44.72585 ], [ -92.79304, 45.071359 ], [ -92.682605, 45.433095 ], [ -92.757461, 45.543244 ], [ -92.892488, 45.594759 ], [ -92.89652, 45.658578 ], [ -92.693949, 45.909012 ], [ -92.292629, 46.084375 ], [ -92.291646, 46.660718 ], [ -92.125346, 46.763012 ], [ -91.964923, 46.729778 ], [ -90.654024, 47.309098 ], [ -89.957677, 47.287137 ] ] } },
{ "type": "Feature", "properties": { "FEATURECLA": "Admin-1 boundary", "NAME": null, "ADM0_A3": "USA", "ADM0_NAME": "United States of America", "MAPCOLOR9": 1, "MAPCOLOR13": 1, "SCALERANK": 2, "MIN_ZOOM": 2.0, "FCLASS_ISO": null, "FCLASS_US": null, "FCLASS_FR": null, "FCLASS_RU": null, "FCLASS_ES": null, "FCLASS_CN": null, "FCLASS_TW": null, "FCLASS_IN": null, "FCLASS_NP": null, "FCLASS_PK": null, "FCLASS_DE": null, "FCLASS_GB": null, "FCLASS_BR": null, "FCLASS_IL": null, "FCLASS_PS": null, "FCLASS_SA": null, "FCLASS_EG": null, "FCLASS_MA": null, "FCLASS_PT": null, "FCLASS_AR": null, "FCLASS_JP": null, "FCLASS_KO": null, "FCLASS_VN": null, "FCLASS_TR": null, "FCLASS_ID": null, "FCLASS_PL": null, "FCLASS_GR": null, "FCLASS_IT": null, "FCLASS_NL": null, "FCLASS_SE": null, "FCLASS_BD": null, "FCLASS_UA": null, "NE_ID": 1746714539, "BRK_A3": null, "FCLASS_TLC": null }, "geometry": { "type": "LineString", "coordinates": [ [ -104.037212, 45.001134 ], [ -104.00478, 45.013483 ], [ -104.011087, 45.943058 ] ] } },
{ "type": "Feature", "properties": { "FEATURECLA": "Admin-1 boundary", "NAME": null, "ADM0_A3": "USA", "ADM0_NAME": "United States of America", "MAPCOLOR9": 1, "MAPCOLOR13": 1, "SCALERANK": 2, "MIN_ZOOM": 2.0, "FCLASS_ISO": null, "FCLASS_US": null, "FCLASS_FR": null, "FCLASS_RU": null, "FCLASS_ES": null, "FCLASS_CN": null, "FCLASS_TW": null, "FCLASS_IN": null, "FCLASS_NP": null, "FCLASS_PK": null, "FCLASS_DE": null, "FCLASS_GB": null, "FCLASS_BR": null, "FCLASS_IL": null, "FCLASS_PS": null, "FCLASS_SA": null, "FCLASS_EG": null, "FCLASS_MA": null, "FCLASS_PT": null, "FCLASS_AR": null, "FCLASS_JP": null, "FCLASS_KO": null, "FCLASS_VN": null, "FCLASS_TR": null, "FCLASS_ID": null, "FCLASS_PL": null, "FCLASS_GR": null, "FCLASS_IT": null, "FCLASS_NL": null, "FCLASS_SE": null, "FCLASS_BD": null, "FCLASS_UA": null, "NE_ID": 1746745033, "BRK_A3": null, "FCLASS_TLC": null }, "geometry": { "type": "LineString", "coordinates": [ [ -116.896479, 46.002099 ], [ -119.01968, 46.000341 ], [ -120.351432, 45.725166 ], [ -121.045241, 45.639044 ], [ -121.662519, 45.718135 ], [ -122.202535, 45.591067 ], [ -122.649849, 45.627443 ], [ -122.725913, 45.67375 ], [ -122.941997, 46.114862 ], [ -123.120904, 46.178781 ], [ -123.220589, 46.153622 ] ] } },
{ "type": "Feature", "properties": { "FEATURECLA": "Admin-1 boundary", "NAME": null, "ADM0_A3": "USA", "ADM0_NAME": "United States of America", "MAPCOLOR9": 1, "MAPCOLOR13": 1, "SCALERANK": 2, "MIN_ZOOM": 2.0, "FCLASS_ISO": null, "FCLASS_US": null, "FCLASS_FR": null, "FCLASS_RU": null, "FCLASS_ES": null, "FCLASS_CN": null, "FCLASS_TW": null, "FCLASS_IN": null, "FCLASS_NP": null, "FCLASS_PK": null, "FCLASS_DE": null, "FCLASS_GB": null, "FCLASS_BR": null, "FCLASS_IL": null, "FCLASS_PS": null, "FCLASS_SA": null, "FCLASS_EG": null, "FCLASS_MA": null, "FCLASS_PT": null, "FCLASS_AR": null, "FCLASS_JP": null, "FCLASS_KO": null, "FCLASS_VN": null, "FCLASS_TR": null, "FCLASS_ID": null, "FCLASS_PL": null, "FCLASS_GR": null, "FCLASS_IT": null, "FCLASS_NL": null, "FCLASS_SE": null, "FCLASS_BD": null, "FCLASS_UA": null, "NE_ID": 1746714547, "BRK_A3": null, "FCLASS_TLC": null }, "geometry": { "type": "LineString", "coordinates": [ [ -96.556401, 45.942773 ], [ -104.011087, 45.943058 ] ] } },
{ "type": "Feature", "properties": { "FEATURECLA": "Admin-1 boundary", "NAME": null, "ADM0_A3": "USA", "ADM0_NAME": "United States of America", "MAPCOLOR9": 1, "MAPCOLOR13": 1, "SCALERANK": 2, "MIN_ZOOM": 2.0, "FCLASS_ISO": null, "FCLASS_US": null, "FCLASS_FR": null, "FCLASS_RU": null, "FCLASS_ES": null, "FCLASS_CN": null, "FCLASS_TW": null, "FCLASS_IN": null, "FCLASS_NP": null, "FCLASS_PK": null, "FCLASS_DE": null, "FCLASS_GB": null, "FCLASS_BR": null, "FCLASS_IL": null, "FCLASS_PS": null, "FCLASS_SA": null, "FCLASS_EG": null, "FCLASS_MA": null, "FCLASS_PT": null, "FCLASS_AR": null, "FCLASS_JP": null, "FCLASS_KO": null, "FCLASS_VN": null, "FCLASS_TR": null, "FCLASS_ID": null, "FCLASS_PL": null, "FCLASS_GR": null, "FCLASS_IT": null, "FCLASS_NL": null, "FCLASS_SE": null, "FCLASS_BD": null, "FCLASS_UA": null, "NE_ID": 1746745049, "BRK_A3": null, "FCLASS_TLC": null }, "geometry": { "type": "LineString", "coordinates": [ [ -111.051434, 44.498883 ], [ -111.372525, 44.74624 ], [ -111.4481, 44.711117 ], [ -111.499857, 44.54485 ], [ -112.23131, 44.560692 ], [ -112.375385, 44.470022 ], [ -112.715928, 44.498037 ], [ -112.853856, 44.398325 ], [ -112.999689, 44.48036 ], [ -113.140709, 44.765489 ], [ -113.338891, 44.808072 ], [ -113.460796, 44.90362 ], [ -113.447129, 45.029084 ], [ -113.697112, 45.304983 ], [ -113.802273, 45.601098 ], [ -113.991924, 45.69302 ], [ -114.297641, 45.487565 ], [ -114.529233, 45.575719 ], [ -114.495796, 45.685846 ], [ -114.522537, 45.815133 ], [ -114.396787, 45.89095 ], [ -114.478306, 46.035585 ], [ -114.485359, 46.158214 ], [ -114.336868, 46.659224 ], [ -114.562999, 46.650435 ], [ -114.661623, 46.745544 ], [ -114.753689, 46.734568 ], [ -115.306675, 47.231172 ], [ -115.713317, 47.446746 ], [ -115.66968, 47.497854 ], [ -115.718382, 47.68148 ], [ -116.04901, 48.00472 ], [ -116.048494, 48.993083 ] ] } },
{ "type": "Feature", "properties": { "FEATURECLA": "Admin-1 boundary", "NAME": null, "ADM0_A3": "USA", "ADM0_NAME": "United States of America", "MAPCOLOR9": 1, "MAPCOLOR13": 1, "SCALERANK": 2, "MIN_ZOOM": 2.0, "FCLASS_ISO": null, "FCLASS_US": null, "FCLASS_FR": null, "FCLASS_RU": null, "FCLASS_ES": null, "FCLASS_CN": null, "FCLASS_TW": null, "FCLASS_IN": null, "FCLASS_NP": null, "FCLASS_PK": null, "FCLASS_DE": null, "FCLASS_GB": null, "FCLASS_BR": null, "FCLASS_IL": null, "FCLASS_PS": null, "FCLASS_SA": null, "FCLASS_EG": null, "FCLASS_MA": null, "FCLASS_PT": null, "FCLASS_AR": null, "FCLASS_JP": null, "FCLASS_KO": null, "FCLASS_VN": null, "FCLASS_TR": null, "FCLASS_ID": null, "FCLASS_PL": null, "FCLASS_GR": null, "FCLASS_IT": null, "FCLASS_NL": null, "FCLASS_SE": null, "FCLASS_BD": null, "FCLASS_UA": null, "NE_ID": 1746714533, "BRK_A3": null, "FCLASS_TLC": null }, "geometry": { "type": "LineString", "coordinates": [ [ -104.011087, 45.943058 ], [ -104.033927, 48.993138 ] ] } },
{ "type": "Feature", "properties": { "FEATURECLA": "Admin-1 boundary", "NAME": null, "ADM0_A3": "USA", "ADM0_NAME": "United States of America", "MAPCOLOR9": 1, "MAPCOLOR13": 1, "SCALERANK": 2, "MIN_ZOOM": 2.0, "FCLASS_ISO": null, "FCLASS_US": null, "FCLASS_FR": null, "FCLASS_RU": null, "FCLASS_ES": null, "FCLASS_CN": null, "FCLASS_TW": null, "FCLASS_IN": null, "FCLASS_NP": null, "FCLASS_PK": null, "FCLASS_DE": null, "FCLASS_GB": null, "FCLASS_BR": null, "FCLASS_IL": null, "FCLASS_PS": null, "FCLASS_SA": null, "FCLASS_EG": null, "FCLASS_MA": null, "FCLASS_PT": null, "FCLASS_AR": null, "FCLASS_JP": null, "FCLASS_KO": null, "FCLASS_VN": null, "FCLASS_TR": null, "FCLASS_ID": null, "FCLASS_PL": null, "FCLASS_GR": null, "FCLASS_IT": null, "FCLASS_NL": null, "FCLASS_SE": null, "FCLASS_BD": null, "FCLASS_UA": null, "NE_ID": 1746745383, "BRK_A3": null, "FCLASS_TLC": null }, "geometry": { "type": "LineString", "coordinates": [ [ -96.556401, 45.942773 ], [ -96.598567, 46.271857 ], [ -96.786647, 46.648216 ], [ -96.770135, 46.919666 ], [ -96.825325, 47.018861 ], [ -96.858707, 47.588338 ], [ -97.125927, 48.173393 ], [ -97.128047, 48.681115 ], [ -97.226023, 48.994093 ] ] } },
{ "type": "Feature", "properties": { "FEATURECLA": "Admin-1 boundary", "NAME": null, "ADM0_A3": "CAN", "ADM0_NAME": "Canada", "MAPCOLOR9": 2, "MAPCOLOR13": 2, "SCALERANK": 2, "MIN_ZOOM": 2.0, "FCLASS_ISO": null, "FCLASS_US": null, "FCLASS_FR": null, "FCLASS_RU": null, "FCLASS_ES": null, "FCLASS_CN": null, "FCLASS_TW": null, "FCLASS_IN": null, "FCLASS_NP": null, "FCLASS_PK": null, "FCLASS_DE": null, "FCLASS_GB": null, "FCLASS_BR": null, "FCLASS_IL": null, "FCLASS_PS": null, "FCLASS_SA": null, "FCLASS_EG": null, "FCLASS_MA": null, "FCLASS_PT": null, "FCLASS_AR": null, "FCLASS_JP": null, "FCLASS_KO": null, "FCLASS_VN": null, "FCLASS_TR": null, "FCLASS_ID": null, "FCLASS_PL": null, "FCLASS_GR": null, "FCLASS_IT": null, "FCLASS_NL": null, "FCLASS_SE": null, "FCLASS_BD": null, "FCLASS_UA": null, "NE_ID": 1746729547, "BRK_A3": null, "FCLASS_TLC": null }, "geometry": { "type": "LineString", "coordinates": [ [ -67.612891, 47.998567 ], [ -67.579042, 47.939505 ], [ -67.364853, 47.8548 ], [ -67.057576, 47.918576 ], [ -66.951822, 47.899449 ], [ -66.925026, 47.96351 ], [ -66.704377, 48.022441 ] ] } },
{ "type": "Feature", "properties": { "FEATURECLA": "Admin-1 boundary", "NAME": null, "ADM0_A3": "CAN", "ADM0_NAME": "Canada", "MAPCOLOR9": 2, "MAPCOLOR13": 2, "SCALERANK": 2, "MIN_ZOOM": 2.0, "FCLASS_ISO": null, "FCLASS_US": null, "FCLASS_FR": null, "FCLASS_RU": null, "FCLASS_ES": null, "FCLASS_CN": null, "FCLASS_TW": null, "FCLASS_IN": null, "FCLASS_NP": null, "FCLASS_PK": null, "FCLASS_DE": null, "FCLASS_GB": null, "FCLASS_BR": null, "FCLASS_IL": null, "FCLASS_PS": null, "FCLASS_SA": null, "FCLASS_EG": null, "FCLASS_MA": null, "FCLASS_PT": null, "FCLASS_AR": null, "FCLASS_JP": null, "FCLASS_KO": null, "FCLASS_VN": null, "FCLASS_TR": null, "FCLASS_ID": null, "FCLASS_PL": null, "FCLASS_GR": null, "FCLASS_IT": null, "FCLASS_NL": null, "FCLASS_SE": null, "FCLASS_BD": null, "FCLASS_UA": null, "NE_ID": 1746729557, "BRK_A3": null, "FCLASS_TLC": null }, "geometry": { "type": "LineString", "coordinates": [ [ -79.521346, 51.544712 ], [ -79.512975, 47.556422 ], [ -79.559293, 47.483045 ], [ -79.364945, 47.02196 ], [ -78.781, 46.393443 ], [ -77.682652, 46.186669 ], [ -77.371344, 46.062853 ], [ -77.233235, 45.903584 ], [ -77.030844, 45.807465 ], [ -76.940932, 45.800972 ], [ -76.912895, 45.8758 ], [ -76.823708, 45.879678 ], [ -76.553126, 45.542079 ], [ -76.413446, 45.496343 ], [ -76.000623, 45.483632 ], [ -75.903966, 45.42023 ], [ -74.864187, 45.642176 ], [ -74.577224, 45.6322 ], [ -74.396565, 45.56771 ], [ -74.478061, 45.317903 ], [ -74.340446, 45.214445 ] ] } },
{ "type": "Feature", "properties": { "FEATURECLA": "Admin-1 boundary", "NAME": null, "ADM0_A3": "CAN", "ADM0_NAME": "Canada", "MAPCOLOR9": 2, "MAPCOLOR13": 2, "SCALERANK": 2, "MIN_ZOOM": 2.0, "FCLASS_ISO": null, "FCLASS_US": null, "FCLASS_FR": null, "FCLASS_RU": null, "FCLASS_ES": null, "FCLASS_CN": null, "FCLASS_TW": null, "FCLASS_IN": null, "FCLASS_NP": null, "FCLASS_PK": null, "FCLASS_DE": null, "FCLASS_GB": null, "FCLASS_BR": null, "FCLASS_IL": null, "FCLASS_PS": null, "FCLASS_SA": null, "FCLASS_EG": null, "FCLASS_MA": null, "FCLASS_PT": null, "FCLASS_AR": null, "FCLASS_JP": null, "FCLASS_KO": null, "FCLASS_VN": null, "FCLASS_TR": null, "FCLASS_ID": null, "FCLASS_PL": null, "FCLASS_GR": null, "FCLASS_IT": null, "FCLASS_NL": null, "FCLASS_SE": null, "FCLASS_BD": null, "FCLASS_UA": null, "NE_ID": 1746722227, "BRK_A3": null, "FCLASS_TLC": null }, "geometry": { "type": "LineString", "coordinates": [ [ -64.614272, 60.30598 ], [ -64.846688, 60.250763 ], [ -64.622303, 60.141317 ], [ -64.887271, 60.035409 ], [ -64.661469, 59.921513 ], [ -64.790822, 59.815572 ], [ -64.818024, 59.540244 ], [ -64.714621, 59.466295 ], [ -64.385295, 59.514766 ], [ -64.37867, 59.475073 ], [ -64.503134, 59.398652 ], [ -64.519493, 59.225793 ], [ -64.477811, 59.116182 ], [ -64.324364, 59.019964 ], [ -64.770256, 59.048693 ], [ -64.832834, 59.020019 ], [ -64.848313, 58.949223 ], [ -64.294075, 58.865991 ], [ -64.191781, 58.76874 ], [ -63.727137, 58.861684 ], [ -63.496709, 58.753447 ], [ -64.070811, 58.641694 ], [ -64.062494, 58.554825 ], [ -63.882374, 58.55521 ], [ -63.848008, 58.459738 ], [ -64.09776, 58.35918 ], [ -64.394589, 58.144332 ], [ -64.386998, 58.098881 ], [ -64.226586, 58.01755 ], [ -64.045466, 57.785255 ], [ -63.96131, 57.80169 ], [ -63.793494, 57.705966 ], [ -63.601255, 57.723061 ], [ -63.758503, 57.552927 ], [ -63.7421, 57.395778 ], [ -63.799899, 57.31872 ], [ -63.757854, 57.227666 ], [ -63.903302, 56.889342 ], [ -64.115591, 56.707397 ], [ -63.925572, 56.475366 ], [ -64.136103, 56.394572 ], [ -64.12148, 56.299409 ], [ -63.899325, 56.212331 ], [ -64.004146, 56.097458 ], [ -63.578305, 56.025574 ], [ -63.558464, 55.992495 ], [ -63.698407, 55.92338 ], [ -63.700572, 55.860911 ], [ -63.415169, 55.596009 ], [ -63.154353, 55.51359 ], [ -63.111825, 55.33983 ], [ -63.534019, 55.140351 ], [ -63.551158, 55.086254 ], [ -63.476044, 54.961867 ], [ -63.698825, 54.615194 ], [ -64.341053, 54.72632 ], [ -65.675804, 54.744931 ], [ -65.883643, 54.907188 ], [ -66.156631, 54.967756 ], [ -66.773986, 55.32825 ], [ -66.79731, 55.29383 ], [ -66.725064, 55.21319 ], [ -66.747443, 55.129145 ], [ -66.650785, 54.798566 ], [ -66.724449, 54.747974 ], [ -67.166725, 54.937477 ], [ -67.301747, 55.063721 ], [ -67.40815, 55.071785 ], [ -67.415775, 54.983774 ], [ -67.15018, 54.616666 ], [ -67.285521, 54.518558 ], [ -67.601421, 54.552791 ], [ -67.609716, 54.45164 ], [ -67.511323, 54.236176 ], [ -67.76147, 54.060735 ], [ -67.470992, 53.796459 ], [ -67.47353, 53.613317 ], [ -67.164913, 53.543038 ], [ -67.076055, 53.417409 ], [ -66.944439, 53.355139 ], [ -66.970301, 53.072988 ], [ -67.053654, 52.920025 ], [ -67.068024, 52.754922 ], [ -66.814778, 52.6865 ], [ -66.688348, 52.726885 ], [ -66.615278, 52.93155 ], [ -66.428038, 53.010816 ], [ -66.300212, 52.896877 ], [ -66.426093, 52.660868 ], [ -66.394233, 52.417829 ], [ -66.462216, 52.294529 ], [ -66.407438, 52.183688 ], [ -66.345453, 52.154849 ], [ -66.279535, 52.300814 ], [ -66.096965, 52.209528 ], [ -66.035782, 52.109245 ], [ -65.882929, 52.054214 ], [ -65.780558, 52.103895 ], [ -65.589144, 52.073364 ], [ -65.4521, 52.202914 ], [ -65.137133, 52.154695 ], [ -64.626719, 51.825314 ], [ -64.702327, 51.745422 ], [ -64.598012, 51.600369 ], [ -64.290516, 51.728777 ], [ -64.334571, 51.841904 ], [ -64.270828, 52.083229 ], [ -64.130676, 52.186688 ], [ -64.103188, 52.378487 ], [ -64.183465, 52.554158 ], [ -64.178477, 52.815325 ], [ -63.973373, 52.895064 ], [ -63.90506, 53.076921 ], [ -63.722544, 53.109188 ], [ -63.554585, 52.964311 ], [ -63.550246, 52.774149 ], [ -63.409687, 52.688719 ], [ -63.898545, 52.589249 ], [ -64.059418, 52.48512 ], [ -63.765589, 52.297529 ], [ -63.664295, 52.060125 ], [ -63.785507, 52.050776 ], [ -63.756899, 52.010522 ], [ -57.101029, 52.001117 ], [ -57.100128, 51.443342 ] ] } },
{ "type": "Feature", "properties": { "FEATURECLA": "Admin-1 boundary", "NAME": null, "ADM0_A3": "USA", "ADM0_NAME": "United States of America", "MAPCOLOR9": 1, "MAPCOLOR13": 1, "SCALERANK": 2, "MIN_ZOOM": 2.0, "FCLASS_ISO": null, "FCLASS_US": null, "FCLASS_FR": null, "FCLASS_RU": null, "FCLASS_ES": null, "FCLASS_CN": null, "FCLASS_TW": null, "FCLASS_IN": null, "FCLASS_NP": null, "FCLASS_PK": null, "FCLASS_DE": null, "FCLASS_GB": null, "FCLASS_BR": null, "FCLASS_IL": null, "FCLASS_PS": null, "FCLASS_SA": null, "FCLASS_EG": null, "FCLASS_MA": null, "FCLASS_PT": null, "FCLASS_AR": null, "FCLASS_JP": null, "FCLASS_KO": null, "FCLASS_VN": null, "FCLASS_TR": null, "FCLASS_ID": null, "FCLASS_PL": null, "FCLASS_GR": null, "FCLASS_IT": null, "FCLASS_NL": null, "FCLASS_SE": null, "FCLASS_BD": null, "FCLASS_UA": null, "NE_ID": 1746745041, "BRK_A3": null, "FCLASS_TLC": null }, "geometry": { "type": "LineString", "coordinates": [ [ -116.896479, 46.002099 ], [ -116.942962, 46.232108 ], [ -117.038999, 46.396552 ], [ -117.039054, 48.993083 ] ] } },
{ "type": "Feature", "properties": { "FEATURECLA": "Admin-1 boundary", "NAME": null, "ADM0_A3": "USA", "ADM0_NAME": "United States of America", "MAPCOLOR9": 1, "MAPCOLOR13": 1, "SCALERANK": 2, "MIN_ZOOM": 2.0, "FCLASS_ISO": null, "FCLASS_US": null, "FCLASS_FR": null, "FCLASS_RU": null, "FCLASS_ES": null, "FCLASS_CN": null, "FCLASS_TW": null, "FCLASS_IN": null, "FCLASS_NP": null, "FCLASS_PK": null, "FCLASS_DE": null, "FCLASS_GB": null, "FCLASS_BR": null, "FCLASS_IL": null, "FCLASS_PS": null, "FCLASS_SA": null, "FCLASS_EG": null, "FCLASS_MA": null, "FCLASS_PT": null, "FCLASS_AR": null, "FCLASS_JP": null, "FCLASS_KO": null, "FCLASS_VN": null, "FCLASS_TR": null, "FCLASS_ID": null, "FCLASS_PL": null, "FCLASS_GR": null, "FCLASS_IT": null, "FCLASS_NL": null, "FCLASS_SE": null, "FCLASS_BD": null, "FCLASS_UA": null, "NE_ID": 1746745397, "BRK_A3": null, "FCLASS_TLC": null }, "geometry": { "type": "LineString", "coordinates": [ [ -89.957677, 47.287137 ], [ -89.498383, 47.997897 ] ] } },
{ "type": "Feature", "properties": { "FEATURECLA": "Admin-1 boundary", "NAME": null, "ADM0_A3": "CAN", "ADM0_NAME": "Canada", "MAPCOLOR9": 2, "MAPCOLOR13": 2, "SCALERANK": 2, "MIN_ZOOM": 2.0, "FCLASS_ISO": null, "FCLASS_US": null, "FCLASS_FR": null, "FCLASS_RU": null, "FCLASS_ES": null, "FCLASS_CN": null, "FCLASS_TW": null, "FCLASS_IN": null, "FCLASS_NP": null, "FCLASS_PK": null, "FCLASS_DE": null, "FCLASS_GB": null, "FCLASS_BR": null, "FCLASS_IL": null, "FCLASS_PS": null, "FCLASS_SA": null, "FCLASS_EG": null, "FCLASS_MA": null, "FCLASS_PT": null, "FCLASS_AR": null, "FCLASS_JP": null, "FCLASS_KO": null, "FCLASS_VN": null, "FCLASS_TR": null, "FCLASS_ID": null, "FCLASS_PL": null, "FCLASS_GR": null, "FCLASS_IT": null, "FCLASS_NL": null, "FCLASS_SE": null, "FCLASS_BD": null, "FCLASS_UA": null, "NE_ID": 1746729595, "BRK_A3": null, "FCLASS_TLC": null }, "geometry": { "type": "LineString", "coordinates": [ [ -88.948495, 56.851307 ], [ -91.378451, 55.317011 ], [ -93.620223, 53.747933 ], [ -95.153826, 52.822357 ], [ -95.155298, 49.369672 ] ] } },
{ "type": "Feature", "properties": { "FEATURECLA": "Admin-1 boundary", "NAME": null, "ADM0_A3": "CAN", "ADM0_NAME": "Canada", "MAPCOLOR9": 2, "MAPCOLOR13": 2, "SCALERANK": 2, "MIN_ZOOM": 2.0, "FCLASS_ISO": null, "FCLASS_US": null, "FCLASS_FR": null, "FCLASS_RU": null, "FCLASS_ES": null, "FCLASS_CN": null, "FCLASS_TW": null, "FCLASS_IN": null, "FCLASS_NP": null, "FCLASS_PK": null, "FCLASS_DE": null, "FCLASS_GB": null, "FCLASS_BR": null, "FCLASS_IL": null, "FCLASS_PS": null, "FCLASS_SA": null, "FCLASS_EG": null, "FCLASS_MA": null, "FCLASS_PT": null, "FCLASS_AR": null, "FCLASS_JP": null, "FCLASS_KO": null, "FCLASS_VN": null, "FCLASS_TR": null, "FCLASS_ID": null, "FCLASS_PL": null, "FCLASS_GR": null, "FCLASS_IT": null, "FCLASS_NL": null, "FCLASS_SE": null, "FCLASS_BD": null, "FCLASS_UA": null, "NE_ID": 1746729591, "BRK_A3": null, "FCLASS_TLC": null }, "geometry": { "type": "LineString", "coordinates": [ [ -110.000025, 60.001087 ], [ -109.999432, 48.993083 ] ] } },
{ "type": "Feature", "properties": { "FEATURECLA": "Admin-1 boundary", "NAME": null, "ADM0_A3": "CAN", "ADM0_NAME": "Canada", "MAPCOLOR9": 2, "MAPCOLOR13": 2, "SCALERANK": 2, "MIN_ZOOM": 2.0, "FCLASS_ISO": null, "FCLASS_US": null, "FCLASS_FR": null, "FCLASS_RU": null, "FCLASS_ES": null, "FCLASS_CN": null, "FCLASS_TW": null, "FCLASS_IN": null, "FCLASS_NP": null, "FCLASS_PK": null, "FCLASS_DE": null, "FCLASS_GB": null, "FCLASS_BR": null, "FCLASS_IL": null, "FCLASS_PS": null, "FCLASS_SA": null, "FCLASS_EG": null, "FCLASS_MA": null, "FCLASS_PT": null, "FCLASS_AR": null, "FCLASS_JP": null, "FCLASS_KO": null, "FCLASS_VN": null, "FCLASS_TR": null, "FCLASS_ID": null, "FCLASS_PL": null, "FCLASS_GR": null, "FCLASS_IT": null, "FCLASS_NL": null, "FCLASS_SE": null, "FCLASS_BD": null, "FCLASS_UA": null, "NE_ID": 1746729581, "BRK_A3": null, "FCLASS_TLC": null }, "geometry": { "type": "LineString", "coordinates": [ [ -120.0, 60.001087 ], [ -120.001018, 53.843788 ], [ -119.904431, 53.723005 ], [ -119.73483, 53.633653 ], [ -119.91823, 53.61223 ], [ -119.89384, 53.51555 ], [ -119.680107, 53.37064 ], [ -119.399763, 53.352502 ], [ -119.261061, 53.209493 ], [ -119.022108, 53.139444 ], [ -118.99255, 53.235585 ], [ -118.803673, 53.153397 ], [ -118.630709, 52.909434 ], [ -118.476923, 52.878508 ], [ -118.330211, 52.708824 ], [ -118.350261, 52.62346 ], [ -118.225028, 52.482692 ], [ -118.221024, 52.3861 ], [ -118.060101, 52.41272 ], [ -118.001989, 52.485889 ], [ -117.757615, 52.394637 ], [ -117.734642, 52.35257 ], [ -117.821819, 52.272161 ], [ -117.787767, 52.232523 ], [ -117.587316, 52.141731 ], [ -117.320145, 52.155959 ], [ -116.912783, 51.713847 ], [ -116.674033, 51.790685 ], [ -116.309952, 51.447769 ], [ -116.250313, 51.322657 ], [ -116.04188, 51.229998 ], [ -115.997643, 51.129539 ], [ -115.618934, 50.962316 ], [ -115.588002, 50.909197 ], [ -115.633892, 50.855243 ], [ -115.346522, 50.728945 ], [ -115.205958, 50.553658 ], [ -115.091189, 50.584815 ], [ -114.992795, 50.545033 ], [ -114.789136, 50.359145 ], [ -114.651961, 50.019612 ], [ -114.684931, 49.93427 ], [ -114.642842, 49.730298 ], [ -114.734023, 49.587201 ], [ -114.577474, 49.543619 ], [ -114.565224, 49.393886 ], [ -114.354847, 49.210689 ], [ -114.189794, 49.168062 ], [ -114.057474, 49.037962 ], [ -114.062517, 48.993083 ] ] } },
{ "type": "Feature", "properties": { "FEATURECLA": "Admin-1 boundary", "NAME": null, "ADM0_A3": "CAN", "ADM0_NAME": "Canada", "MAPCOLOR9": 2, "MAPCOLOR13": 2, "SCALERANK": 2, "MIN_ZOOM": 2.0, "FCLASS_ISO": null, "FCLASS_US": null, "FCLASS_FR": null, "FCLASS_RU": null, "FCLASS_ES": null, "FCLASS_CN": null, "FCLASS_TW": null, "FCLASS_IN": null, "FCLASS_NP": null, "FCLASS_PK": null, "FCLASS_DE": null, "FCLASS_GB": null, "FCLASS_BR": null, "FCLASS_IL": null, "FCLASS_PS": null, "FCLASS_SA": null, "FCLASS_EG": null, "FCLASS_MA": null, "FCLASS_PT": null, "FCLASS_AR": null, "FCLASS_JP": null, "FCLASS_KO": null, "FCLASS_VN": null, "FCLASS_TR": null, "FCLASS_ID": null, "FCLASS_PL": null, "FCLASS_GR": null, "FCLASS_IT": null, "FCLASS_NL": null, "FCLASS_SE": null, "FCLASS_BD": null, "FCLASS_UA": null, "NE_ID": 1746729607, "BRK_A3": null, "FCLASS_TLC": null }, "geometry": { "type": "LineString", "coordinates": [ [ -102.001649, 60.001087 ], [ -102.001105, 55.817526 ], [ -101.367271, 48.993138 ] ] } },
{ "type": "Feature", "properties": { "FEATURECLA": "Admin-1 boundary", "NAME": null, "ADM0_A3": "CAN", "ADM0_NAME": "Canada", "MAPCOLOR9": 2, "MAPCOLOR13": 2, "SCALERANK": 2, "MIN_ZOOM": 2.0, "FCLASS_ISO": null, "FCLASS_US": null, "FCLASS_FR": null, "FCLASS_RU": null, "FCLASS_ES": null, "FCLASS_CN": null, "FCLASS_TW": null, "FCLASS_IN": null, "FCLASS_NP": null, "FCLASS_PK": null, "FCLASS_DE": null, "FCLASS_GB": null, "FCLASS_BR": null, "FCLASS_IL": null, "FCLASS_PS": null, "FCLASS_SA": null, "FCLASS_EG": null, "FCLASS_MA": null, "FCLASS_PT": null, "FCLASS_AR": null, "FCLASS_JP": null, "FCLASS_KO": null, "FCLASS_VN": null, "FCLASS_TR": null, "FCLASS_ID": null, "FCLASS_PL": null, "FCLASS_GR": null, "FCLASS_IT": null, "FCLASS_NL": null, "FCLASS_SE": null, "FCLASS_BD": null, "FCLASS_UA": null, "NE_ID": 1746729565, "BRK_A3": null, "FCLASS_TLC": null }, "geometry": { "type": "LineString", "coordinates": [ [ -120.0, 60.001087 ], [ -123.819157, 60.001087 ] ] } },
{ "type": "Feature", "properties": { "FEATURECLA": "Admin-1 boundary", "NAME": null, "ADM0_A3": "CAN", "ADM0_NAME": "Canada", "MAPCOLOR9": 2, "MAPCOLOR13": 2, "SCALERANK": 2, "MIN_ZOOM": 2.0, "FCLASS_ISO": null, "FCLASS_US": null, "FCLASS_FR": null, "FCLASS_RU": null, "FCLASS_ES": null, "FCLASS_CN": null, "FCLASS_TW": null, "FCLASS_IN": null, "FCLASS_NP": null, "FCLASS_PK": null, "FCLASS_DE": null, "FCLASS_GB": null, "FCLASS_BR": null, "FCLASS_IL": null, "FCLASS_PS": null, "FCLASS_SA": null, "FCLASS_EG": null, "FCLASS_MA": null, "FCLASS_PT": null, "FCLASS_AR": null, "FCLASS_JP": null, "FCLASS_KO": null, "FCLASS_VN": null, "FCLASS_TR": null, "FCLASS_ID": null, "FCLASS_PL": null, "FCLASS_GR": null, "FCLASS_IT": null, "FCLASS_NL": null, "FCLASS_SE": null, "FCLASS_BD": null, "FCLASS_UA": null, "NE_ID": 1746729577, "BRK_A3": null, "FCLASS_TLC": null }, "geometry": { "type": "LineString", "coordinates": [ [ -102.001649, 60.001087 ], [ -110.000025, 60.001087 ] ] } },
{ "type": "Feature", "properties": { "FEATURECLA": "Admin-1 boundary", "NAME": null, "ADM0_A3": "CAN", "ADM0_NAME": "Canada", "MAPCOLOR9": 2, "MAPCOLOR13": 2, "SCALERANK": 2, "MIN_ZOOM": 2.0, "FCLASS_ISO": null, "FCLASS_US": null, "FCLASS_FR": null, "FCLASS_RU": null, "FCLASS_ES": null, "FCLASS_CN": null, "FCLASS_TW": null, "FCLASS_IN": null, "FCLASS_NP": null, "FCLASS_PK": null, "FCLASS_DE": null, "FCLASS_GB": null, "FCLASS_BR": null, "FCLASS_IL": null, "FCLASS_PS": null, "FCLASS_SA": null, "FCLASS_EG": null, "FCLASS_MA": null, "FCLASS_PT": null, "FCLASS_AR": null, "FCLASS_JP": null, "FCLASS_KO": null, "FCLASS_VN": null, "FCLASS_TR": null, "FCLASS_ID": null, "FCLASS_PL": null, "FCLASS_GR": null, "FCLASS_IT": null, "FCLASS_NL": null, "FCLASS_SE": null, "FCLASS_BD": null, "FCLASS_UA": null, "NE_ID": 1746729587, "BRK_A3": null, "FCLASS_TLC": null }, "geometry": { "type": "LineString", "coordinates": [ [ -120.0, 60.001087 ], [ -110.000025, 60.001087 ] ] } },
{ "type": "Feature", "properties": { "FEATURECLA": "Admin-1 boundary", "NAME": null, "ADM0_A3": "CAN", "ADM0_NAME": "Canada", "MAPCOLOR9": 2, "MAPCOLOR13": 2, "SCALERANK": 2, "MIN_ZOOM": 2.0, "FCLASS_ISO": null, "FCLASS_US": null, "FCLASS_FR": null, "FCLASS_RU": null, "FCLASS_ES": null, "FCLASS_CN": null, "FCLASS_TW": null, "FCLASS_IN": null, "FCLASS_NP": null, "FCLASS_PK": null, "FCLASS_DE": null, "FCLASS_GB": null, "FCLASS_BR": null, "FCLASS_IL": null, "FCLASS_PS": null, "FCLASS_SA": null, "FCLASS_EG": null, "FCLASS_MA": null, "FCLASS_PT": null, "FCLASS_AR": null, "FCLASS_JP": null, "FCLASS_KO": null, "FCLASS_VN": null, "FCLASS_TR": null, "FCLASS_ID": null, "FCLASS_PL": null, "FCLASS_GR": null, "FCLASS_IT": null, "FCLASS_NL": null, "FCLASS_SE": null, "FCLASS_BD": null, "FCLASS_UA": null, "NE_ID": 1746729553, "BRK_A3": null, "FCLASS_TLC": null }, "geometry": { "type": "LineString", "coordinates": [ [ -123.819157, 60.001087 ], [ -139.056519, 60.001582 ] ] } },
{ "type": "Feature", "properties": { "FEATURECLA": "Admin-1 boundary", "NAME": null, "ADM0_A3": "CAN", "ADM0_NAME": "Canada", "MAPCOLOR9": 2, "MAPCOLOR13": 2, "SCALERANK": 2, "MIN_ZOOM": 2.0, "FCLASS_ISO": null, "FCLASS_US": null, "FCLASS_FR": null, "FCLASS_RU": null, "FCLASS_ES": null, "FCLASS_CN": null, "FCLASS_TW": null, "FCLASS_IN": null, "FCLASS_NP": null, "FCLASS_PK": null, "FCLASS_DE": null, "FCLASS_GB": null, "FCLASS_BR": null, "FCLASS_IL": null, "FCLASS_PS": null, "FCLASS_SA": null, "FCLASS_EG": null, "FCLASS_MA": null, "FCLASS_PT": null, "FCLASS_AR": null, "FCLASS_JP": null, "FCLASS_KO": null, "FCLASS_VN": null, "FCLASS_TR": null, "FCLASS_ID": null, "FCLASS_PL": null, "FCLASS_GR": null, "FCLASS_IT": null, "FCLASS_NL": null, "FCLASS_SE": null, "FCLASS_BD": null, "FCLASS_UA": null, "NE_ID": 1746729599, "BRK_A3": null, "FCLASS_TLC": null }, "geometry": { "type": "LineString", "coordinates": [ [ -102.001649, 60.001087 ], [ -94.771886, 60.001768 ] ] } },
{ "type": "Feature", "properties": { "FEATURECLA": "Admin-1 boundary", "NAME": null, "ADM0_A3": "CAN", "ADM0_NAME": "Canada", "MAPCOLOR9": 2, "MAPCOLOR13": 2, "SCALERANK": 2, "MIN_ZOOM": 2.0, "FCLASS_ISO": null, "FCLASS_US": null, "FCLASS_FR": null, "FCLASS_RU": null, "FCLASS_ES": null, "FCLASS_CN": null, "FCLASS_TW": null, "FCLASS_IN": null, "FCLASS_NP": null, "FCLASS_PK": null, "FCLASS_DE": null, "FCLASS_GB": null, "FCLASS_BR": null, "FCLASS_IL": null, "FCLASS_PS": null, "FCLASS_SA": null, "FCLASS_EG": null, "FCLASS_MA": null, "FCLASS_PT": null, "FCLASS_AR": null, "FCLASS_JP": null, "FCLASS_KO": null, "FCLASS_VN": null, "FCLASS_TR": null, "FCLASS_ID": null, "FCLASS_PL": null, "FCLASS_GR": null, "FCLASS_IT": null, "FCLASS_NL": null, "FCLASS_SE": null, "FCLASS_BD": null, "FCLASS_UA": null, "NE_ID": 1746729561, "BRK_A3": null, "FCLASS_TLC": null }, "geometry": { "type": "LineString", "coordinates": [ [ -123.819157, 60.001087 ], [ -124.010824, 60.046131 ], [ -123.997361, 60.126562 ], [ -124.184688, 60.320965 ], [ -124.225486, 60.452768 ], [ -124.402838, 60.494088 ], [ -124.599444, 60.662135 ], [ -124.611227, 60.701202 ], [ -124.505028, 60.788488 ], [ -124.582597, 60.952822 ], [ -124.806509, 60.961062 ], [ -124.880486, 60.860317 ], [ -125.322499, 60.792389 ], [ -125.89916, 60.890233 ], [ -126.003184, 60.808791 ], [ -126.161519, 60.865876 ], [ -126.296887, 60.784511 ], [ -126.859277, 60.769416 ], [ -126.944212, 61.052446 ], [ -127.092907, 61.070507 ], [ -127.026764, 61.126472 ], [ -127.02126, 61.236753 ], [ -127.166598, 61.464521 ], [ -127.608666, 61.532856 ], [ -127.807233, 61.618747 ], [ -127.993577, 61.711219 ], [ -128.04657, 61.813381 ], [ -128.206327, 61.865269 ], [ -128.560829, 62.116911 ], [ -128.81386, 62.063814 ], [ -128.90737, 62.118999 ], [ -129.254714, 62.152771 ], [ -129.232829, 62.21982 ], [ -129.29337, 62.294231 ], [ -129.239289, 62.373244 ], [ -129.296314, 62.425287 ], [ -129.18945, 62.490293 ], [ -129.490256, 62.598717 ], [ -129.718667, 62.831671 ], [ -129.713937, 62.930603 ], [ -129.611775, 63.058681 ], [ -129.827497, 63.091761 ], [ -129.905682, 63.187408 ], [ -130.133604, 63.276452 ], [ -129.844938, 63.485786 ], [ -130.110681, 63.695031 ], [ -130.302607, 63.703711 ], [ -130.117916, 63.79337 ], [ -130.757726, 63.993047 ], [ -130.929701, 64.125465 ], [ -130.91332, 64.192514 ], [ -131.106718, 64.400903 ], [ -131.358772, 64.458471 ], [ -131.585914, 64.38026 ], [ -131.796808, 64.387906 ], [ -131.729006, 64.533816 ], [ -132.106271, 64.702148 ], [ -132.588104, 64.794082 ], [ -132.497, 64.957481 ], [ -132.35259, 65.057248 ], [ -132.516066, 65.094162 ], [ -132.579446, 65.18458 ], [ -132.773234, 65.20341 ], [ -132.345872, 65.443418 ], [ -132.194689, 65.597655 ], [ -132.295252, 65.716142 ], [ -132.554848, 65.857009 ], [ -132.342746, 65.978968 ], [ -132.614328, 66.029231 ], [ -132.902505, 65.913545 ], [ -132.967797, 65.933705 ], [ -132.93798, 66.02866 ], [ -133.412133, 65.956029 ], [ -133.621632, 65.974629 ], [ -133.677184, 66.095632 ], [ -133.568716, 66.176634 ], [ -133.583157, 66.285102 ], [ -133.800121, 66.325587 ], [ -133.739378, 66.439845 ], [ -133.65403, 66.452842 ], [ -133.635194, 66.565649 ], [ -133.763921, 66.650969 ], [ -133.794155, 66.818631 ], [ -134.031323, 66.944029 ], [ -134.055581, 67.004487 ], [ -136.169306, 67.015243 ], [ -136.223227, 67.08828 ], [ -136.217987, 67.181224 ], [ -136.105179, 67.304216 ], [ -136.177623, 67.422627 ], [ -136.169251, 67.514231 ], [ -136.233307, 67.600265 ], [ -136.400711, 67.665897 ], [ -136.445437, 67.746592 ], [ -136.443756, 68.895124 ] ] } },
{ "type": "Feature", "properties": { "FEATURECLA": "Admin-1 boundary", "NAME": null, "ADM0_A3": "CAN", "ADM0_NAME": "Canada", "MAPCOLOR9": 2, "MAPCOLOR13": 2, "SCALERANK": 2, "MIN_ZOOM": 2.0, "FCLASS_ISO": null, "FCLASS_US": null, "FCLASS_FR": null, "FCLASS_RU": null, "FCLASS_ES": null, "FCLASS_CN": null, "FCLASS_TW": null, "FCLASS_IN": null, "FCLASS_NP": null, "FCLASS_PK": null, "FCLASS_DE": null, "FCLASS_GB": null, "FCLASS_BR": null, "FCLASS_IL": null, "FCLASS_PS": null, "FCLASS_SA": null, "FCLASS_EG": null, "FCLASS_MA": null, "FCLASS_PT": null, "FCLASS_AR": null, "FCLASS_JP": null, "FCLASS_KO": null, "FCLASS_VN": null, "FCLASS_TR": null, "FCLASS_ID": null, "FCLASS_PL": null, "FCLASS_GR": null, "FCLASS_IT": null, "FCLASS_NL": null, "FCLASS_SE": null, "FCLASS_BD": null, "FCLASS_UA": null, "NE_ID": 1746729573, "BRK_A3": null, "FCLASS_TLC": null }, "geometry": { "type": "LineString", "coordinates": [ [ -102.001649, 60.001087 ], [ -101.999144, 64.228429 ], [ -109.215113, 64.813044 ], [ -109.516385, 64.902912 ], [ -110.669466, 65.497141 ], [ -112.503903, 65.502337 ], [ -120.677951, 68.002848 ], [ -120.680874, 69.648666 ], [ -116.650495, 69.649808 ], [ -117.075303, 69.889014 ], [ -117.055358, 70.002184 ], [ -112.881064, 70.00136 ], [ -112.874939, 69.833357 ], [ -112.649994, 69.834445 ], [ -112.499822, 69.911547 ], [ -112.500025, 70.001151 ], [ -110.000025, 70.001151 ], [ -110.00216584323509, 75.0 ] ] } }
]
}
