{
    "type": "FeatureCollection",
    "features": [
        {
            "type": "Feature",
            "geometry": {
                "type": "Point",
                "coordinates": [
                    -85.7434,
                    34.3661
                ]
            },
            "properties": {
                "id": "360",
                "storm_start_date": "1997-05-01T00:00:00Z",
                "aorc:statistics": {
                    "min": 0.68,
                    "mean": 2.33,
                    "max": 5.07,
                    "units": "inches"
                },
                "season": "Spring"
            }
        },
        {
            "type": "Feature",
            "geometry": {
                "type": "Point",
                "coordinates": [
                    -83.3435,
                    34.8994
                ]
            },
            "properties": {
                "id": "2",
                "storm_start_date": "2024-01-08T00:00:00Z",
                "aorc:statistics": {
                    "min": 2.34,
                    "mean": 3.96,
                    "max": 5.89,
                    "units": "inches"
                },
                "season": "Winter"
            }
        },
        {
            "type": "Feature",
            "geometry": {
                "type": "Point",
                "coordinates": [
                    -81.6353,
                    34.2744
                ]
            },
            "properties": {
                "id": "327",
                "storm_start_date": "1986-08-11T00:00:00Z",
                "aorc:statistics": {
                    "min": 0.27,
                    "mean": 2.4,
                    "max": 6.65,
                    "units": "inches"
                },
                "season": "Summer"
            }
        },
        {
            "type": "Feature",
            "geometry": {
                "type": "Point",
                "coordinates": [
                    -84.2435,
                    36.1827
                ]
            },
            "properties": {
                "id": "47",
                "storm_start_date": "1994-02-09T00:00:00Z",
                "aorc:statistics": {
                    "min": 1.81,
                    "mean": 4.2,
                    "max": 8.87,
                    "units": "inches"
                },
                "season": "Winter"
            }
        },
        {
            "type": "Feature",
            "geometry": {
                "type": "Point",
                "coordinates": [
                    -83.4935,
                    35.0661
                ]
            },
            "properties": {
                "id": "122",
                "storm_start_date": "1997-02-27T00:00:00Z",
                "aorc:statistics": {
                    "min": 1.39,
                    "mean": 3.24,
                    "max": 6.83,
                    "units": "inches"
                },
                "season": "Winter"
            }
        },
        {
            "type": "Feature",
            "geometry": {
                "type": "Point",
                "coordinates": [
                    -84.0435,
                    37.066
                ]
            },
            "properties": {
                "id": "482",
                "storm_start_date": "1983-07-03T00:00:00Z",
                "aorc:statistics": {
                    "min": 0.55,
                    "mean": 2.04,
                    "max": 4.36,
                    "units": "inches"
                },
                "season": "Summer"
            }
        },
        {
            "type": "Feature",
            "geometry": {
                "type": "Point",
                "coordinates": [
                    -85.0101,
                    37.1493
                ]
            },
            "properties": {
                "id": "277",
                "storm_start_date": "2019-11-30T00:00:00Z",
                "aorc:statistics": {
                    "min": 1.44,
                    "mean": 2.53,
                    "max": 3.73,
                    "units": "inches"
                },
                "season": "Autumn"
            }
        },
        {
            "type": "Feature",
            "geometry": {
                "type": "Point",
                "coordinates": [
                    -83.8602,
                    35.5244
                ]
            },
            "properties": {
                "id": "440",
                "storm_start_date": "2009-07-29T00:00:00Z",
                "aorc:statistics": {
                    "min": 0.17,
                    "mean": 2.11,
                    "max": 5.74,
                    "units": "inches"
                },
                "season": "Summer"
            }
        },
        {
            "type": "Feature",
            "geometry": {
                "type": "Point",
                "coordinates": [
                    -80.027,
                    36.7827
                ]
            },
            "properties": {
                "id": "32",
                "storm_start_date": "1987-09-05T00:00:00Z",
                "aorc:statistics": {
                    "min": 1.06,
                    "mean": 4.43,
                    "max": 10.74,
                    "units": "inches"
                },
                "season": "Autumn"
            }
        },
        {
            "type": "Feature",
            "geometry": {
                "type": "Point",
                "coordinates": [
                    -82.8852,
                    35.3244
                ]
            },
            "properties": {
                "id": "227",
                "storm_start_date": "1994-10-12T00:00:00Z",
                "aorc:statistics": {
                    "min": 0.69,
                    "mean": 2.66,
                    "max": 6.11,
                    "units": "inches"
                },
                "season": "Autumn"
            }
        },
        {
            "type": "Feature",
            "geometry": {
                "type": "Point",
                "coordinates": [
                    -83.8685,
                    35.2994
                ]
            },
            "properties": {
                "id": "390",
                "storm_start_date": "2020-09-24T00:00:00Z",
                "aorc:statistics": {
                    "min": 0.84,
                    "mean": 2.24,
                    "max": 4.6,
                    "units": "inches"
                },
                "season": "Autumn"
            }
        },
        {
            "type": "Feature",
            "geometry": {
                "type": "Point",
                "coordinates": [
                    -85.7518,
                    34.3994
                ]
            },
            "properties": {
                "id": "376",
                "storm_start_date": "2021-06-20T00:00:00Z",
                "aorc:statistics": {
                    "min": 0.49,
                    "mean": 2.27,
                    "max": 6.28,
                    "units": "inches"
                },
                "season": "Summer"
            }
        },
        {
            "type": "Feature",
            "geometry": {
                "type": "Point",
                "coordinates": [
                    -85.6934,
                    33.8161
                ]
            },
            "properties": {
                "id": "208",
                "storm_start_date": "2016-02-22T00:00:00Z",
                "aorc:statistics": {
                    "min": 0.86,
                    "mean": 2.75,
                    "max": 5.67,
                    "units": "inches"
                },
                "season": "Winter"
            }
        },
        {
            "type": "Feature",
            "geometry": {
                "type": "Point",
                "coordinates": [
                    -84.1768,
                    32.9328
                ]
            },
            "properties": {
                "id": "118",
                "storm_start_date": "1981-02-09T00:00:00Z",
                "aorc:statistics": {
                    "min": 1.74,
                    "mean": 3.28,
                    "max": 5.4,
                    "units": "inches"
                },
                "season": "Winter"
            }
        },
        {
            "type": "Feature",
            "geometry": {
                "type": "Point",
                "coordinates": [
                    -85.5601,
                    35.1827
                ]
            },
            "properties": {
                "id": "283",
                "storm_start_date": "1983-05-19T00:00:00Z",
                "aorc:statistics": {
                    "min": 0.63,
                    "mean": 2.51,
                    "max": 5.42,
                    "units": "inches"
                },
                "season": "Spring"
            }
        },
        {
            "type": "Feature",
            "geometry": {
                "type": "Point",
                "coordinates": [
                    -84.6935,
                    35.666
                ]
            },
            "properties": {
                "id": "16",
                "storm_start_date": "2020-02-04T00:00:00Z",
                "aorc:statistics": {
                    "min": 3.19,
                    "mean": 5.16,
                    "max": 7.19,
                    "units": "inches"
                },
                "season": "Winter"
            }
        },
        {
            "type": "Feature",
            "geometry": {
                "type": "Point",
                "coordinates": [
                    -83.4852,
                    35.0661
                ]
            },
            "properties": {
                "id": "55",
                "storm_start_date": "2008-12-10T00:00:00Z",
                "aorc:statistics": {
                    "min": 1.64,
                    "mean": 3.96,
                    "max": 7.96,
                    "units": "inches"
                },
                "season": "Winter"
            }
        },
        {
            "type": "Feature",
            "geometry": {
                "type": "Point",
                "coordinates": [
                    -84.0352,
                    35.2411
                ]
            },
            "properties": {
                "id": "261",
                "storm_start_date": "2015-07-02T00:00:00Z",
                "aorc:statistics": {
                    "min": 0.19,
                    "mean": 2.57,
                    "max": 8.39,
                    "units": "inches"
                },
                "season": "Summer"
            }
        },
        {
            "type": "Feature",
            "geometry": {
                "type": "Point",
                "coordinates": [
                    -84.9351,
                    33.5578
                ]
            },
            "properties": {
                "id": "273",
                "storm_start_date": "2002-12-23T00:00:00Z",
                "aorc:statistics": {
                    "min": 1.26,
                    "mean": 2.54,
                    "max": 4.13,
                    "units": "inches"
                },
                "season": "Winter"
            }
        },
        {
            "type": "Feature",
            "geometry": {
                "type": "Point",
                "coordinates": [
                    -81.3603,
                    36.2827
                ]
            },
            "properties": {
                "id": "276",
                "storm_start_date": "1992-06-03T00:00:00Z",
                "aorc:statistics": {
                    "min": 0.82,
                    "mean": 2.53,
                    "max": 5.83,
                    "units": "inches"
                },
                "season": "Summer"
            }
        },
        {
            "type": "Feature",
            "geometry": {
                "type": "Point",
                "coordinates": [
                    -84.4685,
                    36.1494
                ]
            },
            "properties": {
                "id": "473",
                "storm_start_date": "2004-03-05T00:00:00Z",
                "aorc:statistics": {
                    "min": 0.9,
                    "mean": 2.05,
                    "max": 4.44,
                    "units": "inches"
                },
                "season": "Spring"
            }
        },
        {
            "type": "Feature",
            "geometry": {
                "type": "Point",
                "coordinates": [
                    -84.0185,
                    34.6911
                ]
            },
            "properties": {
                "id": "405",
                "storm_start_date": "2005-08-07T00:00:00Z",
                "aorc:statistics": {
                    "min": 0.06,
                    "mean": 2.2,
                    "max": 7.61,
                    "units": "inches"
                },
                "season": "Summer"
            }
        },
        {
            "type": "Feature",
            "geometry": {
                "type": "Point",
                "coordinates": [
                    -84.5268,
                    35.416
                ]
            },
            "properties": {
                "id": "370",
                "storm_start_date": "1994-04-11T00:00:00Z",
                "aorc:statistics": {
                    "min": 0.72,
                    "mean": 2.29,
                    "max": 4.48,
                    "units": "inches"
                },
                "season": "Spring"
            }
        },
        {
            "type": "Feature",
            "geometry": {
                "type": "Point",
                "coordinates": [
                    -84.9518,
                    36.441
                ]
            },
            "properties": {
                "id": "490",
                "storm_start_date": "1988-07-11T00:00:00Z",
                "aorc:statistics": {
                    "min": 0.28,
                    "mean": 2.03,
                    "max": 4.53,
                    "units": "inches"
                },
                "season": "Summer"
            }
        },
        {
            "type": "Feature",
            "geometry": {
                "type": "Point",
                "coordinates": [
                    -81.2936,
                    34.2744
                ]
            },
            "properties": {
                "id": "256",
                "storm_start_date": "1989-03-21T00:00:00Z",
                "aorc:statistics": {
                    "min": 1.03,
                    "mean": 2.59,
                    "max": 3.98,
                    "units": "inches"
                },
                "season": "Spring"
            }
        },
        {
            "type": "Feature",
            "geometry": {
                "type": "Point",
                "coordinates": [
                    -84.3518,
                    36.1077
                ]
            },
            "properties": {
                "id": "33",
                "storm_start_date": "2003-02-14T00:00:00Z",
                "aorc:statistics": {
                    "min": 1.75,
                    "mean": 4.41,
                    "max": 10.78,
                    "units": "inches"
                },
                "season": "Winter"
            }
        },
        {
            "type": "Feature",
            "geometry": {
                "type": "Point",
                "coordinates": [
                    -85.0101,
                    35.7077
                ]
            },
            "properties": {
                "id": "105",
                "storm_start_date": "1991-02-17T00:00:00Z",
                "aorc:statistics": {
                    "min": 0.81,
                    "mean": 3.4,
                    "max": 6.76,
                    "units": "inches"
                },
                "season": "Winter"
            }
        },
        {
            "type": "Feature",
            "geometry": {
                "type": "Point",
                "coordinates": [
                    -83.6852,
                    34.7994
                ]
            },
            "properties": {
                "id": "377",
                "storm_start_date": "1990-09-12T00:00:00Z",
                "aorc:statistics": {
                    "min": 0.29,
                    "mean": 2.27,
                    "max": 6.08,
                    "units": "inches"
                },
                "season": "Autumn"
            }
        },
        {
            "type": "Feature",
            "geometry": {
                "type": "Point",
                "coordinates": [
                    -83.4102,
                    34.7661
                ]
            },
            "properties": {
                "id": "131",
                "storm_start_date": "2020-10-09T00:00:00Z",
                "aorc:statistics": {
                    "min": 0.57,
                    "mean": 3.19,
                    "max": 10.1,
                    "units": "inches"
                },
                "season": "Autumn"
            }
        },
        {
            "type": "Feature",
            "geometry": {
                "type": "Point",
                "coordinates": [
                    -83.2685,
                    35.691
                ]
            },
            "properties": {
                "id": "498",
                "storm_start_date": "1995-03-06T00:00:00Z",
                "aorc:statistics": {
                    "min": 0.97,
                    "mean": 2.02,
                    "max": 3.59,
                    "units": "inches"
                },
                "season": "Spring"
            }
        },
        {
            "type": "Feature",
            "geometry": {
                "type": "Point",
                "coordinates": [
                    -84.1518,
                    36.241
                ]
            },
            "properties": {
                "id": "70",
                "storm_start_date": "2016-11-29T00:00:00Z",
                "aorc:statistics": {
                    "min": 1.19,
                    "mean": 3.74,
                    "max": 8.55,
                    "units": "inches"
                },
                "season": "Autumn"
            }
        },
        {
            "type": "Feature",
            "geometry": {
                "type": "Point",
                "coordinates": [
                    -83.6852,
                    34.7994
                ]
            },
            "properties": {
                "id": "265",
                "storm_start_date": "1989-09-24T00:00:00Z",
                "aorc:statistics": {
                    "min": 0.89,
                    "mean": 2.56,
                    "max": 4.75,
                    "units": "inches"
                },
                "season": "Autumn"
            }
        },
        {
            "type": "Feature",
            "geometry": {
                "type": "Point",
                "coordinates": [
                    -84.0352,
                    34.6577
                ]
            },
            "properties": {
                "id": "257",
                "storm_start_date": "1999-10-09T00:00:00Z",
                "aorc:statistics": {
                    "min": 0.14,
                    "mean": 2.59,
                    "max": 6.15,
                    "units": "inches"
                },
                "season": "Autumn"
            }
        },
        {
            "type": "Feature",
            "geometry": {
                "type": "Point",
                "coordinates": [
                    -85.3601,
                    34.4828
                ]
            },
            "properties": {
                "id": "116",
                "storm_start_date": "2022-09-03T00:00:00Z",
                "aorc:statistics": {
                    "min": 0.37,
                    "mean": 3.28,
                    "max": 13.08,
                    "units": "inches"
                },
                "season": "Autumn"
            }
        },
        {
            "type": "Feature",
            "geometry": {
                "type": "Point",
                "coordinates": [
                    -83.4352,
                    34.2328
                ]
            },
            "properties": {
                "id": "63",
                "storm_start_date": "2009-10-12T00:00:00Z",
                "aorc:statistics": {
                    "min": 0.91,
                    "mean": 3.83,
                    "max": 6.59,
                    "units": "inches"
                },
                "season": "Autumn"
            }
        },
        {
            "type": "Feature",
            "geometry": {
                "type": "Point",
                "coordinates": [
                    -82.4519,
                    34.5994
                ]
            },
            "properties": {
                "id": "471",
                "storm_start_date": "2018-11-30T00:00:00Z",
                "aorc:statistics": {
                    "min": 0.74,
                    "mean": 2.05,
                    "max": 3.09,
                    "units": "inches"
                },
                "season": "Autumn"
            }
        },
        {
            "type": "Feature",
            "geometry": {
                "type": "Point",
                "coordinates": [
                    -84.3435,
                    33.5245
                ]
            },
            "properties": {
                "id": "426",
                "storm_start_date": "1994-09-16T00:00:00Z",
                "aorc:statistics": {
                    "min": 0.44,
                    "mean": 2.14,
                    "max": 5.35,
                    "units": "inches"
                },
                "season": "Autumn"
            }
        },
        {
            "type": "Feature",
            "geometry": {
                "type": "Point",
                "coordinates": [
                    -84.7185,
                    33.7161
                ]
            },
            "properties": {
                "id": "332",
                "storm_start_date": "2003-06-17T00:00:00Z",
                "aorc:statistics": {
                    "min": 0.05,
                    "mean": 2.39,
                    "max": 8.87,
                    "units": "inches"
                },
                "season": "Summer"
            }
        },
        {
            "type": "Feature",
            "geometry": {
                "type": "Point",
                "coordinates": [
                    -83.6685,
                    32.8662
                ]
            },
            "properties": {
                "id": "260",
                "storm_start_date": "1993-10-28T00:00:00Z",
                "aorc:statistics": {
                    "min": 1.05,
                    "mean": 2.58,
                    "max": 4.93,
                    "units": "inches"
                },
                "season": "Autumn"
            }
        },
        {
            "type": "Feature",
            "geometry": {
                "type": "Point",
                "coordinates": [
                    -78.9437,
                    37.9409
                ]
            },
            "properties": {
                "id": "136",
                "storm_start_date": "1999-09-04T00:00:00Z",
                "aorc:statistics": {
                    "min": 0.34,
                    "mean": 3.16,
                    "max": 10.88,
                    "units": "inches"
                },
                "season": "Autumn"
            }
        },
        {
            "type": "Feature",
            "geometry": {
                "type": "Point",
                "coordinates": [
                    -84.4435,
                    36.1494
                ]
            },
            "properties": {
                "id": "489",
                "storm_start_date": "1989-01-11T00:00:00Z",
                "aorc:statistics": {
                    "min": 0.75,
                    "mean": 2.03,
                    "max": 4.5,
                    "units": "inches"
                },
                "season": "Winter"
            }
        },
        {
            "type": "Feature",
            "geometry": {
                "type": "Point",
                "coordinates": [
                    -84.2435,
                    36.1827
                ]
            },
            "properties": {
                "id": "222",
                "storm_start_date": "2001-02-14T00:00:00Z",
                "aorc:statistics": {
                    "min": 1.43,
                    "mean": 2.7,
                    "max": 5.2,
                    "units": "inches"
                },
                "season": "Winter"
            }
        },
        {
            "type": "Feature",
            "geometry": {
                "type": "Point",
                "coordinates": [
                    -85.7101,
                    36.8993
                ]
            },
            "properties": {
                "id": "449",
                "storm_start_date": "1990-12-16T00:00:00Z",
                "aorc:statistics": {
                    "min": 0.91,
                    "mean": 2.1,
                    "max": 4.24,
                    "units": "inches"
                },
                "season": "Winter"
            }
        },
        {
            "type": "Feature",
            "geometry": {
                "type": "Point",
                "coordinates": [
                    -79.1104,
                    37.8326
                ]
            },
            "properties": {
                "id": "429",
                "storm_start_date": "2017-05-04T00:00:00Z",
                "aorc:statistics": {
                    "min": 0.68,
                    "mean": 2.13,
                    "max": 4.65,
                    "units": "inches"
                },
                "season": "Spring"
            }
        },
        {
            "type": "Feature",
            "geometry": {
                "type": "Point",
                "coordinates": [
                    -81.2436,
                    37.491
                ]
            },
            "properties": {
                "id": "366",
                "storm_start_date": "2001-05-16T00:00:00Z",
                "aorc:statistics": {
                    "min": 0.17,
                    "mean": 2.31,
                    "max": 5.71,
                    "units": "inches"
                },
                "season": "Spring"
            }
        },
        {
            "type": "Feature",
            "geometry": {
                "type": "Point",
                "coordinates": [
                    -79.4937,
                    36.1827
                ]
            },
            "properties": {
                "id": "4",
                "storm_start_date": "2024-08-08T00:00:00Z",
                "aorc:statistics": {
                    "min": 0.0,
                    "mean": 3.75,
                    "max": 7.96,
                    "units": "inches"
                },
                "season": "Summer"
            }
        },
        {
            "type": "Feature",
            "geometry": {
                "type": "Point",
                "coordinates": [
                    -81.6603,
                    36.216
                ]
            },
            "properties": {
                "id": "383",
                "storm_start_date": "1998-03-18T00:00:00Z",
                "aorc:statistics": {
                    "min": 0.44,
                    "mean": 2.26,
                    "max": 4.79,
                    "units": "inches"
                },
                "season": "Spring"
            }
        },
        {
            "type": "Feature",
            "geometry": {
                "type": "Point",
                "coordinates": [
                    -81.5603,
                    34.4078
                ]
            },
            "properties": {
                "id": "171",
                "storm_start_date": "1980-03-28T00:00:00Z",
                "aorc:statistics": {
                    "min": 1.81,
                    "mean": 2.95,
                    "max": 3.87,
                    "units": "inches"
                },
                "season": "Spring"
            }
        },
        {
            "type": "Feature",
            "geometry": {
                "type": "Point",
                "coordinates": [
                    -79.5187,
                    35.7994
                ]
            },
            "properties": {
                "id": "242",
                "storm_start_date": "1985-11-20T00:00:00Z",
                "aorc:statistics": {
                    "min": 1.02,
                    "mean": 2.63,
                    "max": 4.95,
                    "units": "inches"
                },
                "season": "Autumn"
            }
        },
        {
            "type": "Feature",
            "geometry": {
                "type": "Point",
                "coordinates": [
                    -81.3769,
                    35.9244
                ]
            },
            "properties": {
                "id": "296",
                "storm_start_date": "2009-06-03T00:00:00Z",
                "aorc:statistics": {
                    "min": 0.21,
                    "mean": 2.47,
                    "max": 5.66,
                    "units": "inches"
                },
                "season": "Summer"
            }
        },
        {
            "type": "Feature",
            "geometry": {
                "type": "Point",
                "coordinates": [
                    -82.6852,
                    35.2661
                ]
            },
            "properties": {
                "id": "138",
                "storm_start_date": "2019-04-19T00:00:00Z",
                "aorc:statistics": {
                    "min": 0.61,
                    "mean": 3.15,
                    "max": 8.84,
                    "units": "inches"
                },
                "season": "Spring"
            }
        },
        {
            "type": "Feature",
            "geometry": {
                "type": "Point",
                "coordinates": [
                    -82.3102,
                    35.1744
                ]
            },
            "properties": {
                "id": "189",
                "storm_start_date": "2010-01-24T00:00:00Z",
                "aorc:statistics": {
                    "min": 0.23,
                    "mean": 2.87,
                    "max": 5.55,
                    "units": "inches"
                },
                "season": "Winter"
            }
        },
        {
            "type": "Feature",
            "geometry": {
                "type": "Point",
                "coordinates": [
                    -80.1603,
                    35.1994
                ]
            },
            "properties": {
                "id": "271",
                "storm_start_date": "1999-09-27T00:00:00Z",
                "aorc:statistics": {
                    "min": 0.91,
                    "mean": 2.55,
                    "max": 5.13,
                    "units": "inches"
                },
                "season": "Autumn"
            }
        },
        {
            "type": "Feature",
            "geometry": {
                "type": "Point",
                "coordinates": [
                    -83.2352,
                    37.491
                ]
            },
            "properties": {
                "id": "125",
                "storm_start_date": "2015-07-13T00:00:00Z",
                "aorc:statistics": {
                    "min": 1.05,
                    "mean": 3.22,
                    "max": 6.86,
                    "units": "inches"
                },
                "season": "Summer"
            }
        },
        {
            "type": "Feature",
            "geometry": {
                "type": "Point",
                "coordinates": [
                    -82.1936,
                    35.766
                ]
            },
            "properties": {
                "id": "135",
                "storm_start_date": "2018-04-23T00:00:00Z",
                "aorc:statistics": {
                    "min": 0.36,
                    "mean": 3.17,
                    "max": 7.48,
                    "units": "inches"
                },
                "season": "Spring"
            }
        },
        {
            "type": "Feature",
            "geometry": {
                "type": "Point",
                "coordinates": [
                    -83.4769,
                    35.0661
                ]
            },
            "properties": {
                "id": "86",
                "storm_start_date": "2014-10-12T00:00:00Z",
                "aorc:statistics": {
                    "min": 1.13,
                    "mean": 3.56,
                    "max": 9.81,
                    "units": "inches"
                },
                "season": "Autumn"
            }
        },
        {
            "type": "Feature",
            "geometry": {
                "type": "Point",
                "coordinates": [
                    -82.3102,
                    35.1744
                ]
            },
            "properties": {
                "id": "190",
                "storm_start_date": "1985-01-02T00:00:00Z",
                "aorc:statistics": {
                    "min": 1.33,
                    "mean": 2.87,
                    "max": 4.9,
                    "units": "inches"
                },
                "season": "Winter"
            }
        },
        {
            "type": "Feature",
            "geometry": {
                "type": "Point",
                "coordinates": [
                    -84.2852,
                    36.241
                ]
            },
            "properties": {
                "id": "49",
                "storm_start_date": "2017-04-21T00:00:00Z",
                "aorc:statistics": {
                    "min": 1.71,
                    "mean": 4.13,
                    "max": 6.81,
                    "units": "inches"
                },
                "season": "Spring"
            }
        },
        {
            "type": "Feature",
            "geometry": {
                "type": "Point",
                "coordinates": [
                    -84.4268,
                    36.4993
                ]
            },
            "properties": {
                "id": "500",
                "storm_start_date": "1998-08-14T00:00:00Z",
                "aorc:statistics": {
                    "min": 0.42,
                    "mean": 2.01,
                    "max": 4.59,
                    "units": "inches"
                },
                "season": "Summer"
            }
        },
        {
            "type": "Feature",
            "geometry": {
                "type": "Point",
                "coordinates": [
                    -84.6685,
                    33.2495
                ]
            },
            "properties": {
                "id": "251",
                "storm_start_date": "2020-03-03T00:00:00Z",
                "aorc:statistics": {
                    "min": 0.69,
                    "mean": 2.61,
                    "max": 4.99,
                    "units": "inches"
                },
                "season": "Spring"
            }
        },
        {
            "type": "Feature",
            "geometry": {
                "type": "Point",
                "coordinates": [
                    -84.0185,
                    35.3077
                ]
            },
            "properties": {
                "id": "159",
                "storm_start_date": "2013-04-27T00:00:00Z",
                "aorc:statistics": {
                    "min": 0.68,
                    "mean": 3.0,
                    "max": 7.12,
                    "units": "inches"
                },
                "season": "Spring"
            }
        },
        {
            "type": "Feature",
            "geometry": {
                "type": "Point",
                "coordinates": [
                    -80.4436,
                    37.8326
                ]
            },
            "properties": {
                "id": "495",
                "storm_start_date": "2016-06-22T00:00:00Z",
                "aorc:statistics": {
                    "min": 0.29,
                    "mean": 2.02,
                    "max": 9.72,
                    "units": "inches"
                },
                "season": "Summer"
            }
        },
        {
            "type": "Feature",
            "geometry": {
                "type": "Point",
                "coordinates": [
                    -84.9351,
                    34.5078
                ]
            },
            "properties": {
                "id": "264",
                "storm_start_date": "2023-08-28T00:00:00Z",
                "aorc:statistics": {
                    "min": 0.13,
                    "mean": 2.56,
                    "max": 9.47,
                    "units": "inches"
                },
                "season": "Summer"
            }
        },
        {
            "type": "Feature",
            "geometry": {
                "type": "Point",
                "coordinates": [
                    -83.4852,
                    35.0661
                ]
            },
            "properties": {
                "id": "319",
                "storm_start_date": "1986-10-12T00:00:00Z",
                "aorc:statistics": {
                    "min": 0.9,
                    "mean": 2.41,
                    "max": 4.17,
                    "units": "inches"
                },
                "season": "Autumn"
            }
        },
        {
            "type": "Feature",
            "geometry": {
                "type": "Point",
                "coordinates": [
                    -81.6603,
                    34.5911
                ]
            },
            "properties": {
                "id": "349",
                "storm_start_date": "1991-08-12T00:00:00Z",
                "aorc:statistics": {
                    "min": 1.02,
                    "mean": 2.35,
                    "max": 5.82,
                    "units": "inches"
                },
                "season": "Summer"
            }
        },
        {
            "type": "Feature",
            "geometry": {
                "type": "Point",
                "coordinates": [
                    -82.9685,
                    33.8411
                ]
            },
            "properties": {
                "id": "465",
                "storm_start_date": "2009-12-18T00:00:00Z",
                "aorc:statistics": {
                    "min": 0.89,
                    "mean": 2.07,
                    "max": 3.36,
                    "units": "inches"
                },
                "season": "Winter"
            }
        },
        {
            "type": "Feature",
            "geometry": {
                "type": "Point",
                "coordinates": [
                    -83.8852,
                    35.5327
                ]
            },
            "properties": {
                "id": "30",
                "storm_start_date": "1998-04-17T00:00:00Z",
                "aorc:statistics": {
                    "min": 1.69,
                    "mean": 4.51,
                    "max": 9.88,
                    "units": "inches"
                },
                "season": "Spring"
            }
        },
        {
            "type": "Feature",
            "geometry": {
                "type": "Point",
                "coordinates": [
                    -83.0602,
                    35.1911
                ]
            },
            "properties": {
                "id": "104",
                "storm_start_date": "2021-10-06T00:00:00Z",
                "aorc:statistics": {
                    "min": 0.54,
                    "mean": 3.4,
                    "max": 10.64,
                    "units": "inches"
                },
                "season": "Autumn"
            }
        },
        {
            "type": "Feature",
            "geometry": {
                "type": "Point",
                "coordinates": [
                    -80.227,
                    36.9077
                ]
            },
            "properties": {
                "id": "180",
                "storm_start_date": "2025-05-12T00:00:00Z",
                "aorc:statistics": {
                    "min": 0.88,
                    "mean": 2.9,
                    "max": 6.52,
                    "units": "inches"
                },
                "season": "Spring"
            }
        },
        {
            "type": "Feature",
            "geometry": {
                "type": "Point",
                "coordinates": [
                    -82.6769,
                    35.1161
                ]
            },
            "properties": {
                "id": "354",
                "storm_start_date": "1986-11-24T00:00:00Z",
                "aorc:statistics": {
                    "min": 0.63,
                    "mean": 2.34,
                    "max": 7.42,
                    "units": "inches"
                },
                "season": "Autumn"
            }
        },
        {
            "type": "Feature",
            "geometry": {
                "type": "Point",
                "coordinates": [
                    -83.4602,
                    37.3326
                ]
            },
            "properties": {
                "id": "5",
                "storm_start_date": "2022-07-26T00:00:00Z",
                "aorc:statistics": {
                    "min": 0.19,
                    "mean": 3.65,
                    "max": 11.38,
                    "units": "inches"
                },
                "season": "Summer"
            }
        },
        {
            "type": "Feature",
            "geometry": {
                "type": "Point",
                "coordinates": [
                    -83.9435,
                    33.5411
                ]
            },
            "properties": {
                "id": "452",
                "storm_start_date": "1995-02-10T00:00:00Z",
                "aorc:statistics": {
                    "min": 0.16,
                    "mean": 2.1,
                    "max": 3.94,
                    "units": "inches"
                },
                "season": "Winter"
            }
        },
        {
            "type": "Feature",
            "geometry": {
                "type": "Point",
                "coordinates": [
                    -82.6936,
                    35.1911
                ]
            },
            "properties": {
                "id": "491",
                "storm_start_date": "1995-06-01T00:00:00Z",
                "aorc:statistics": {
                    "min": 0.53,
                    "mean": 2.02,
                    "max": 4.57,
                    "units": "inches"
                },
                "season": "Summer"
            }
        },
        {
            "type": "Feature",
            "geometry": {
                "type": "Point",
                "coordinates": [
                    -82.9435,
                    36.941
                ]
            },
            "properties": {
                "id": "345",
                "storm_start_date": "1981-09-14T00:00:00Z",
                "aorc:statistics": {
                    "min": 0.82,
                    "mean": 2.35,
                    "max": 4.5,
                    "units": "inches"
                },
                "season": "Autumn"
            }
        },
        {
            "type": "Feature",
            "geometry": {
                "type": "Point",
                "coordinates": [
                    -82.4436,
                    34.1911
                ]
            },
            "properties": {
                "id": "225",
                "storm_start_date": "1997-02-13T00:00:00Z",
                "aorc:statistics": {
                    "min": 1.08,
                    "mean": 2.68,
                    "max": 3.84,
                    "units": "inches"
                },
                "season": "Winter"
            }
        },
        {
            "type": "Feature",
            "geometry": {
                "type": "Point",
                "coordinates": [
                    -81.6186,
                    33.8411
                ]
            },
            "properties": {
                "id": "303",
                "storm_start_date": "2021-07-18T00:00:00Z",
                "aorc:statistics": {
                    "min": 0.35,
                    "mean": 2.45,
                    "max": 8.99,
                    "units": "inches"
                },
                "season": "Summer"
            }
        },
        {
            "type": "Feature",
            "geometry": {
                "type": "Point",
                "coordinates": [
                    -84.4435,
                    36.1494
                ]
            },
            "properties": {
                "id": "235",
                "storm_start_date": "1998-12-12T00:00:00Z",
                "aorc:statistics": {
                    "min": 0.81,
                    "mean": 2.65,
                    "max": 6.37,
                    "units": "inches"
                },
                "season": "Winter"
            }
        },
        {
            "type": "Feature",
            "geometry": {
                "type": "Point",
                "coordinates": [
                    -82.1936,
                    35.766
                ]
            },
            "properties": {
                "id": "17",
                "storm_start_date": "2020-05-19T00:00:00Z",
                "aorc:statistics": {
                    "min": 1.44,
                    "mean": 5.11,
                    "max": 11.67,
                    "units": "inches"
                },
                "season": "Spring"
            }
        },
        {
            "type": "Feature",
            "geometry": {
                "type": "Point",
                "coordinates": [
                    -83.9935,
                    34.6827
                ]
            },
            "properties": {
                "id": "424",
                "storm_start_date": "1998-04-01T00:00:00Z",
                "aorc:statistics": {
                    "min": 0.83,
                    "mean": 2.14,
                    "max": 3.54,
                    "units": "inches"
                },
                "season": "Spring"
            }
        },
        {
            "type": "Feature",
            "geometry": {
                "type": "Point",
                "coordinates": [
                    -82.3102,
                    35.1744
                ]
            },
            "properties": {
                "id": "146",
                "storm_start_date": "1992-02-23T00:00:00Z",
                "aorc:statistics": {
                    "min": 1.41,
                    "mean": 3.12,
                    "max": 6.28,
                    "units": "inches"
                },
                "season": "Winter"
            }
        },
        {
            "type": "Feature",
            "geometry": {
                "type": "Point",
                "coordinates": [
                    -83.4852,
                    35.0661
                ]
            },
            "properties": {
                "id": "352",
                "storm_start_date": "1996-09-27T00:00:00Z",
                "aorc:statistics": {
                    "min": 0.94,
                    "mean": 2.34,
                    "max": 7.07,
                    "units": "inches"
                },
                "season": "Autumn"
            }
        },
        {
            "type": "Feature",
            "geometry": {
                "type": "Point",
                "coordinates": [
                    -82.6936,
                    35.1577
                ]
            },
            "properties": {
                "id": "209",
                "storm_start_date": "2003-02-21T00:00:00Z",
                "aorc:statistics": {
                    "min": 0.53,
                    "mean": 2.75,
                    "max": 5.07,
                    "units": "inches"
                },
                "season": "Winter"
            }
        },
        {
            "type": "Feature",
            "geometry": {
                "type": "Point",
                "coordinates": [
                    -79.1437,
                    37.8826
                ]
            },
            "properties": {
                "id": "31",
                "storm_start_date": "1985-11-02T00:00:00Z",
                "aorc:statistics": {
                    "min": 1.59,
                    "mean": 4.44,
                    "max": 14.23,
                    "units": "inches"
                },
                "season": "Autumn"
            }
        },
        {
            "type": "Feature",
            "geometry": {
                "type": "Point",
                "coordinates": [
                    -85.0685,
                    33.9744
                ]
            },
            "properties": {
                "id": "128",
                "storm_start_date": "2021-05-03T00:00:00Z",
                "aorc:statistics": {
                    "min": 1.06,
                    "mean": 3.2,
                    "max": 8.08,
                    "units": "inches"
                },
                "season": "Spring"
            }
        },
        {
            "type": "Feature",
            "geometry": {
                "type": "Point",
                "coordinates": [
                    -84.4102,
                    32.9078
                ]
            },
            "properties": {
                "id": "476",
                "storm_start_date": "2013-02-10T00:00:00Z",
                "aorc:statistics": {
                    "min": 0.43,
                    "mean": 2.04,
                    "max": 4.97,
                    "units": "inches"
                },
                "season": "Winter"
            }
        },
        {
            "type": "Feature",
            "geometry": {
                "type": "Point",
                "coordinates": [
                    -83.2685,
                    34.7827
                ]
            },
            "properties": {
                "id": "51",
                "storm_start_date": "1998-03-07T00:00:00Z",
                "aorc:statistics": {
                    "min": 2.64,
                    "mean": 4.06,
                    "max": 6.25,
                    "units": "inches"
                },
                "season": "Spring"
            }
        },
        {
            "type": "Feature",
            "geometry": {
                "type": "Point",
                "coordinates": [
                    -85.7518,
                    33.6745
                ]
            },
            "properties": {
                "id": "464",
                "storm_start_date": "2001-03-19T00:00:00Z",
                "aorc:statistics": {
                    "min": 0.72,
                    "mean": 2.07,
                    "max": 3.63,
                    "units": "inches"
                },
                "season": "Spring"
            }
        },
        {
            "type": "Feature",
            "geometry": {
                "type": "Point",
                "coordinates": [
                    -84.9768,
                    37.1576
                ]
            },
            "properties": {
                "id": "24",
                "storm_start_date": "1984-05-06T00:00:00Z",
                "aorc:statistics": {
                    "min": 2.97,
                    "mean": 4.83,
                    "max": 7.54,
                    "units": "inches"
                },
                "season": "Spring"
            }
        },
        {
            "type": "Feature",
            "geometry": {
                "type": "Point",
                "coordinates": [
                    -82.2602,
                    35.8494
                ]
            },
            "properties": {
                "id": "50",
                "storm_start_date": "1995-01-13T00:00:00Z",
                "aorc:statistics": {
                    "min": 1.61,
                    "mean": 4.08,
                    "max": 9.59,
                    "units": "inches"
                },
                "season": "Winter"
            }
        },
        {
            "type": "Feature",
            "geometry": {
                "type": "Point",
                "coordinates": [
                    -81.6603,
                    35.5744
                ]
            },
            "properties": {
                "id": "218",
                "storm_start_date": "2012-05-13T00:00:00Z",
                "aorc:statistics": {
                    "min": 0.7,
                    "mean": 2.71,
                    "max": 8.11,
                    "units": "inches"
                },
                "season": "Spring"
            }
        },
        {
            "type": "Feature",
            "geometry": {
                "type": "Point",
                "coordinates": [
                    -83.6852,
                    33.7828
                ]
            },
            "properties": {
                "id": "247",
                "storm_start_date": "1980-05-18T00:00:00Z",
                "aorc:statistics": {
                    "min": 1.23,
                    "mean": 2.62,
                    "max": 4.61,
                    "units": "inches"
                },
                "season": "Spring"
            }
        },
        {
            "type": "Feature",
            "geometry": {
                "type": "Point",
                "coordinates": [
                    -82.6852,
                    35.1161
                ]
            },
            "properties": {
                "id": "258",
                "storm_start_date": "2009-11-30T00:00:00Z",
                "aorc:statistics": {
                    "min": 1.17,
                    "mean": 2.58,
                    "max": 4.93,
                    "units": "inches"
                },
                "season": "Autumn"
            }
        },
        {
            "type": "Feature",
            "geometry": {
                "type": "Point",
                "coordinates": [
                    -81.0353,
                    34.9077
                ]
            },
            "properties": {
                "id": "428",
                "storm_start_date": "2000-09-02T00:00:00Z",
                "aorc:statistics": {
                    "min": 0.22,
                    "mean": 2.13,
                    "max": 4.87,
                    "units": "inches"
                },
                "season": "Autumn"
            }
        },
        {
            "type": "Feature",
            "geometry": {
                "type": "Point",
                "coordinates": [
                    -83.4852,
                    35.0661
                ]
            },
            "properties": {
                "id": "348",
                "storm_start_date": "2008-01-09T00:00:00Z",
                "aorc:statistics": {
                    "min": 0.88,
                    "mean": 2.35,
                    "max": 6.2,
                    "units": "inches"
                },
                "season": "Winter"
            }
        },
        {
            "type": "Feature",
            "geometry": {
                "type": "Point",
                "coordinates": [
                    -85.3185,
                    36.191
                ]
            },
            "properties": {
                "id": "419",
                "storm_start_date": "2011-04-26T00:00:00Z",
                "aorc:statistics": {
                    "min": 0.38,
                    "mean": 2.15,
                    "max": 5.19,
                    "units": "inches"
                },
                "season": "Spring"
            }
        },
        {
            "type": "Feature",
            "geometry": {
                "type": "Point",
                "coordinates": [
                    -82.9685,
                    37.3076
                ]
            },
            "properties": {
                "id": "148",
                "storm_start_date": "1989-10-17T00:00:00Z",
                "aorc:statistics": {
                    "min": 0.67,
                    "mean": 3.08,
                    "max": 6.04,
                    "units": "inches"
                },
                "season": "Autumn"
            }
        },
        {
            "type": "Feature",
            "geometry": {
                "type": "Point",
                "coordinates": [
                    -85.1768,
                    36.6243
                ]
            },
            "properties": {
                "id": "335",
                "storm_start_date": "2025-03-14T00:00:00Z",
                "aorc:statistics": {
                    "min": 0.27,
                    "mean": 2.38,
                    "max": 6.51,
                    "units": "inches"
                },
                "season": "Spring"
            }
        },
        {
            "type": "Feature",
            "geometry": {
                "type": "Point",
                "coordinates": [
                    -84.0102,
                    35.2411
                ]
            },
            "properties": {
                "id": "388",
                "storm_start_date": "2000-01-08T00:00:00Z",
                "aorc:statistics": {
                    "min": 0.18,
                    "mean": 2.24,
                    "max": 5.43,
                    "units": "inches"
                },
                "season": "Winter"
            }
        },
        {
            "type": "Feature",
            "geometry": {
                "type": "Point",
                "coordinates": [
                    -84.4935,
                    34.8494
                ]
            },
            "properties": {
                "id": "275",
                "storm_start_date": "2011-03-09T00:00:00Z",
                "aorc:statistics": {
                    "min": 0.83,
                    "mean": 2.54,
                    "max": 4.89,
                    "units": "inches"
                },
                "season": "Spring"
            }
        },
        {
            "type": "Feature",
            "geometry": {
                "type": "Point",
                "coordinates": [
                    -79.227,
                    37.2993
                ]
            },
            "properties": {
                "id": "374",
                "storm_start_date": "2023-07-14T00:00:00Z",
                "aorc:statistics": {
                    "min": 0.13,
                    "mean": 2.28,
                    "max": 7.81,
                    "units": "inches"
                },
                "season": "Summer"
            }
        },
        {
            "type": "Feature",
            "geometry": {
                "type": "Point",
                "coordinates": [
                    -82.9435,
                    36.8827
                ]
            },
            "properties": {
                "id": "401",
                "storm_start_date": "2025-01-30T00:00:00Z",
                "aorc:statistics": {
                    "min": 0.69,
                    "mean": 2.21,
                    "max": 3.38,
                    "units": "inches"
                },
                "season": "Winter"
            }
        },
        {
            "type": "Feature",
            "geometry": {
                "type": "Point",
                "coordinates": [
                    -83.5019,
                    35.566
                ]
            },
            "properties": {
                "id": "295",
                "storm_start_date": "2002-11-10T00:00:00Z",
                "aorc:statistics": {
                    "min": 0.46,
                    "mean": 2.47,
                    "max": 5.83,
                    "units": "inches"
                },
                "season": "Autumn"
            }
        },
        {
            "type": "Feature",
            "geometry": {
                "type": "Point",
                "coordinates": [
                    -79.927,
                    37.1576
                ]
            },
            "properties": {
                "id": "292",
                "storm_start_date": "2020-06-15T00:00:00Z",
                "aorc:statistics": {
                    "min": 0.02,
                    "mean": 2.48,
                    "max": 8.76,
                    "units": "inches"
                },
                "season": "Summer"
            }
        },
        {
            "type": "Feature",
            "geometry": {
                "type": "Point",
                "coordinates": [
                    -79.5104,
                    37.516
                ]
            },
            "properties": {
                "id": "57",
                "storm_start_date": "1987-04-15T00:00:00Z",
                "aorc:statistics": {
                    "min": 1.43,
                    "mean": 3.92,
                    "max": 10.0,
                    "units": "inches"
                },
                "season": "Spring"
            }
        },
        {
            "type": "Feature",
            "geometry": {
                "type": "Point",
                "coordinates": [
                    -83.9768,
                    35.1827
                ]
            },
            "properties": {
                "id": "198",
                "storm_start_date": "2010-02-04T00:00:00Z",
                "aorc:statistics": {
                    "min": 0.75,
                    "mean": 2.81,
                    "max": 6.59,
                    "units": "inches"
                },
                "season": "Winter"
            }
        },
        {
            "type": "Feature",
            "geometry": {
                "type": "Point",
                "coordinates": [
                    -80.602,
                    34.5661
                ]
            },
            "properties": {
                "id": "182",
                "storm_start_date": "1998-09-02T00:00:00Z",
                "aorc:statistics": {
                    "min": 0.0,
                    "mean": 2.88,
                    "max": 8.63,
                    "units": "inches"
                },
                "season": "Autumn"
            }
        },
        {
            "type": "Feature",
            "geometry": {
                "type": "Point",
                "coordinates": [
                    -79.452,
                    37.566
                ]
            },
            "properties": {
                "id": "494",
                "storm_start_date": "1997-06-01T00:00:00Z",
                "aorc:statistics": {
                    "min": 0.26,
                    "mean": 2.02,
                    "max": 5.96,
                    "units": "inches"
                },
                "season": "Summer"
            }
        },
        {
            "type": "Feature",
            "geometry": {
                "type": "Point",
                "coordinates": [
                    -81.177,
                    35.9244
                ]
            },
            "properties": {
                "id": "329",
                "storm_start_date": "2020-08-13T00:00:00Z",
                "aorc:statistics": {
                    "min": 0.47,
                    "mean": 2.39,
                    "max": 8.79,
                    "units": "inches"
                },
                "season": "Summer"
            }
        },
        {
            "type": "Feature",
            "geometry": {
                "type": "Point",
                "coordinates": [
                    -78.9437,
                    37.9409
                ]
            },
            "properties": {
                "id": "479",
                "storm_start_date": "1989-05-05T00:00:00Z",
                "aorc:statistics": {
                    "min": 0.69,
                    "mean": 2.04,
                    "max": 4.91,
                    "units": "inches"
                },
                "season": "Spring"
            }
        },
        {
            "type": "Feature",
            "geometry": {
                "type": "Point",
                "coordinates": [
                    -83.9602,
                    35.3994
                ]
            },
            "properties": {
                "id": "173",
                "storm_start_date": "2020-03-23T00:00:00Z",
                "aorc:statistics": {
                    "min": 1.31,
                    "mean": 2.93,
                    "max": 4.8,
                    "units": "inches"
                },
                "season": "Spring"
            }
        },
        {
            "type": "Feature",
            "geometry": {
                "type": "Point",
                "coordinates": [
                    -85.3935,
                    36.4577
                ]
            },
            "properties": {
                "id": "389",
                "storm_start_date": "2019-06-18T00:00:00Z",
                "aorc:statistics": {
                    "min": 0.44,
                    "mean": 2.24,
                    "max": 6.41,
                    "units": "inches"
                },
                "season": "Summer"
            }
        },
        {
            "type": "Feature",
            "geometry": {
                "type": "Point",
                "coordinates": [
                    -84.5852,
                    35.791
                ]
            },
            "properties": {
                "id": "184",
                "storm_start_date": "2018-09-25T00:00:00Z",
                "aorc:statistics": {
                    "min": 0.43,
                    "mean": 2.88,
                    "max": 9.03,
                    "units": "inches"
                },
                "season": "Autumn"
            }
        },
        {
            "type": "Feature",
            "geometry": {
                "type": "Point",
                "coordinates": [
                    -84.2435,
                    36.1827
                ]
            },
            "properties": {
                "id": "113",
                "storm_start_date": "2013-12-06T00:00:00Z",
                "aorc:statistics": {
                    "min": 1.4,
                    "mean": 3.34,
                    "max": 5.57,
                    "units": "inches"
                },
                "season": "Winter"
            }
        },
        {
            "type": "Feature",
            "geometry": {
                "type": "Point",
                "coordinates": [
                    -79.802,
                    38.0493
                ]
            },
            "properties": {
                "id": "454",
                "storm_start_date": "2018-04-15T00:00:00Z",
                "aorc:statistics": {
                    "min": 0.88,
                    "mean": 2.09,
                    "max": 3.7,
                    "units": "inches"
                },
                "season": "Spring"
            }
        },
        {
            "type": "Feature",
            "geometry": {
                "type": "Point",
                "coordinates": [
                    -83.4935,
                    35.0661
                ]
            },
            "properties": {
                "id": "488",
                "storm_start_date": "1988-01-18T00:00:00Z",
                "aorc:statistics": {
                    "min": 0.76,
                    "mean": 2.03,
                    "max": 4.07,
                    "units": "inches"
                },
                "season": "Winter"
            }
        },
        {
            "type": "Feature",
            "geometry": {
                "type": "Point",
                "coordinates": [
                    -80.952,
                    36.0827
                ]
            },
            "properties": {
                "id": "121",
                "storm_start_date": "2017-05-21T00:00:00Z",
                "aorc:statistics": {
                    "min": 1.02,
                    "mean": 3.24,
                    "max": 5.93,
                    "units": "inches"
                },
                "season": "Spring"
            }
        },
        {
            "type": "Feature",
            "geometry": {
                "type": "Point",
                "coordinates": [
                    -84.5852,
                    36.216
                ]
            },
            "properties": {
                "id": "267",
                "storm_start_date": "2016-02-14T00:00:00Z",
                "aorc:statistics": {
                    "min": 0.54,
                    "mean": 2.56,
                    "max": 4.65,
                    "units": "inches"
                },
                "season": "Winter"
            }
        },
        {
            "type": "Feature",
            "geometry": {
                "type": "Point",
                "coordinates": [
                    -82.8436,
                    34.1161
                ]
            },
            "properties": {
                "id": "83",
                "storm_start_date": "1994-06-26T00:00:00Z",
                "aorc:statistics": {
                    "min": 1.33,
                    "mean": 3.61,
                    "max": 7.09,
                    "units": "inches"
                },
                "season": "Summer"
            }
        },
        {
            "type": "Feature",
            "geometry": {
                "type": "Point",
                "coordinates": [
                    -85.4934,
                    34.6327
                ]
            },
            "properties": {
                "id": "306",
                "storm_start_date": "2010-04-24T00:00:00Z",
                "aorc:statistics": {
                    "min": 0.63,
                    "mean": 2.44,
                    "max": 5.17,
                    "units": "inches"
                },
                "season": "Spring"
            }
        },
        {
            "type": "Feature",
            "geometry": {
                "type": "Point",
                "coordinates": [
                    -83.4685,
                    33.2828
                ]
            },
            "properties": {
                "id": "202",
                "storm_start_date": "2005-03-26T00:00:00Z",
                "aorc:statistics": {
                    "min": 0.39,
                    "mean": 2.8,
                    "max": 6.25,
                    "units": "inches"
                },
                "season": "Spring"
            }
        },
        {
            "type": "Feature",
            "geometry": {
                "type": "Point",
                "coordinates": [
                    -85.0101,
                    35.916
                ]
            },
            "properties": {
                "id": "333",
                "storm_start_date": "2016-12-04T00:00:00Z",
                "aorc:statistics": {
                    "min": 1.15,
                    "mean": 2.38,
                    "max": 4.18,
                    "units": "inches"
                },
                "season": "Winter"
            }
        },
        {
            "type": "Feature",
            "geometry": {
                "type": "Point",
                "coordinates": [
                    -82.6519,
                    35.2494
                ]
            },
            "properties": {
                "id": "214",
                "storm_start_date": "2017-10-23T00:00:00Z",
                "aorc:statistics": {
                    "min": 0.91,
                    "mean": 2.73,
                    "max": 7.05,
                    "units": "inches"
                },
                "season": "Autumn"
            }
        },
        {
            "type": "Feature",
            "geometry": {
                "type": "Point",
                "coordinates": [
                    -83.4935,
                    35.5577
                ]
            },
            "properties": {
                "id": "174",
                "storm_start_date": "2004-11-23T00:00:00Z",
                "aorc:statistics": {
                    "min": 0.88,
                    "mean": 2.92,
                    "max": 8.2,
                    "units": "inches"
                },
                "season": "Autumn"
            }
        },
        {
            "type": "Feature",
            "geometry": {
                "type": "Point",
                "coordinates": [
                    -81.1686,
                    35.8494
                ]
            },
            "properties": {
                "id": "39",
                "storm_start_date": "2020-11-10T00:00:00Z",
                "aorc:statistics": {
                    "min": 1.05,
                    "mean": 4.32,
                    "max": 9.49,
                    "units": "inches"
                },
                "season": "Autumn"
            }
        },
        {
            "type": "Feature",
            "geometry": {
                "type": "Point",
                "coordinates": [
                    -82.2936,
                    35.7327
                ]
            },
            "properties": {
                "id": "255",
                "storm_start_date": "1992-05-06T00:00:00Z",
                "aorc:statistics": {
                    "min": 0.93,
                    "mean": 2.6,
                    "max": 6.41,
                    "units": "inches"
                },
                "season": "Spring"
            }
        },
        {
            "type": "Feature",
            "geometry": {
                "type": "Point",
                "coordinates": [
                    -80.2187,
                    37.3576
                ]
            },
            "properties": {
                "id": "37",
                "storm_start_date": "2006-06-25T00:00:00Z",
                "aorc:statistics": {
                    "min": 0.61,
                    "mean": 4.34,
                    "max": 10.58,
                    "units": "inches"
                },
                "season": "Summer"
            }
        },
        {
            "type": "Feature",
            "geometry": {
                "type": "Point",
                "coordinates": [
                    -82.5186,
                    34.4661
                ]
            },
            "properties": {
                "id": "203",
                "storm_start_date": "2014-01-10T00:00:00Z",
                "aorc:statistics": {
                    "min": 0.45,
                    "mean": 2.79,
                    "max": 4.67,
                    "units": "inches"
                },
                "season": "Winter"
            }
        },
        {
            "type": "Feature",
            "geometry": {
                "type": "Point",
                "coordinates": [
                    -83.6102,
                    34.3661
                ]
            },
            "properties": {
                "id": "206",
                "storm_start_date": "2015-11-07T00:00:00Z",
                "aorc:statistics": {
                    "min": 1.1,
                    "mean": 2.76,
                    "max": 5.54,
                    "units": "inches"
                },
                "season": "Autumn"
            }
        },
        {
            "type": "Feature",
            "geometry": {
                "type": "Point",
                "coordinates": [
                    -81.6853,
                    35.1577
                ]
            },
            "properties": {
                "id": "100",
                "storm_start_date": "2003-04-08T00:00:00Z",
                "aorc:statistics": {
                    "min": 0.34,
                    "mean": 3.44,
                    "max": 5.6,
                    "units": "inches"
                },
                "season": "Spring"
            }
        },
        {
            "type": "Feature",
            "geometry": {
                "type": "Point",
                "coordinates": [
                    -84.6518,
                    37.0993
                ]
            },
            "properties": {
                "id": "468",
                "storm_start_date": "1984-11-17T00:00:00Z",
                "aorc:statistics": {
                    "min": 0.49,
                    "mean": 2.06,
                    "max": 3.17,
                    "units": "inches"
                },
                "season": "Autumn"
            }
        },
        {
            "type": "Feature",
            "geometry": {
                "type": "Point",
                "coordinates": [
                    -84.2435,
                    36.1827
                ]
            },
            "properties": {
                "id": "175",
                "storm_start_date": "1994-02-21T00:00:00Z",
                "aorc:statistics": {
                    "min": 1.35,
                    "mean": 2.92,
                    "max": 4.55,
                    "units": "inches"
                },
                "season": "Winter"
            }
        },
        {
            "type": "Feature",
            "geometry": {
                "type": "Point",
                "coordinates": [
                    -83.0102,
                    35.0994
                ]
            },
            "properties": {
                "id": "226",
                "storm_start_date": "2022-05-25T00:00:00Z",
                "aorc:statistics": {
                    "min": 0.31,
                    "mean": 2.67,
                    "max": 9.04,
                    "units": "inches"
                },
                "season": "Spring"
            }
        },
        {
            "type": "Feature",
            "geometry": {
                "type": "Point",
                "coordinates": [
                    -82.9435,
                    35.2327
                ]
            },
            "properties": {
                "id": "288",
                "storm_start_date": "2015-11-17T00:00:00Z",
                "aorc:statistics": {
                    "min": 0.98,
                    "mean": 2.49,
                    "max": 7.59,
                    "units": "inches"
                },
                "season": "Autumn"
            }
        },
        {
            "type": "Feature",
            "geometry": {
                "type": "Point",
                "coordinates": [
                    -83.0019,
                    33.5828
                ]
            },
            "properties": {
                "id": "244",
                "storm_start_date": "2020-01-12T00:00:00Z",
                "aorc:statistics": {
                    "min": 0.88,
                    "mean": 2.63,
                    "max": 5.27,
                    "units": "inches"
                },
                "season": "Winter"
            }
        },
        {
            "type": "Feature",
            "geometry": {
                "type": "Point",
                "coordinates": [
                    -81.3603,
                    36.2827
                ]
            },
            "properties": {
                "id": "156",
                "storm_start_date": "1996-08-11T00:00:00Z",
                "aorc:statistics": {
                    "min": 0.58,
                    "mean": 3.02,
                    "max": 7.5,
                    "units": "inches"
                },
                "season": "Summer"
            }
        },
        {
            "type": "Feature",
            "geometry": {
                "type": "Point",
                "coordinates": [
                    -85.7268,
                    34.3328
                ]
            },
            "properties": {
                "id": "302",
                "storm_start_date": "1981-03-30T00:00:00Z",
                "aorc:statistics": {
                    "min": 1.12,
                    "mean": 2.45,
                    "max": 3.62,
                    "units": "inches"
                },
                "season": "Spring"
            }
        },
        {
            "type": "Feature",
            "geometry": {
                "type": "Point",
                "coordinates": [
                    -82.3936,
                    35.3661
                ]
            },
            "properties": {
                "id": "78",
                "storm_start_date": "2018-08-01T00:00:00Z",
                "aorc:statistics": {
                    "min": 0.8,
                    "mean": 3.7,
                    "max": 11.84,
                    "units": "inches"
                },
                "season": "Summer"
            }
        },
        {
            "type": "Feature",
            "geometry": {
                "type": "Point",
                "coordinates": [
                    -85.3601,
                    34.4828
                ]
            },
            "properties": {
                "id": "8",
                "storm_start_date": "2022-09-03T00:00:00Z",
                "aorc:statistics": {
                    "min": 0.37,
                    "mean": 3.28,
                    "max": 13.08,
                    "units": "inches"
                },
                "season": "Autumn"
            }
        },
        {
            "type": "Feature",
            "geometry": {
                "type": "Point",
                "coordinates": [
                    -81.2103,
                    36.466
                ]
            },
            "properties": {
                "id": "195",
                "storm_start_date": "1989-07-04T00:00:00Z",
                "aorc:statistics": {
                    "min": 0.33,
                    "mean": 2.83,
                    "max": 7.43,
                    "units": "inches"
                },
                "season": "Summer"
            }
        },
        {
            "type": "Feature",
            "geometry": {
                "type": "Point",
                "coordinates": [
                    -85.7601,
                    34.0578
                ]
            },
            "properties": {
                "id": "423",
                "storm_start_date": "1980-03-12T00:00:00Z",
                "aorc:statistics": {
                    "min": 0.57,
                    "mean": 2.14,
                    "max": 3.5,
                    "units": "inches"
                },
                "season": "Spring"
            }
        },
        {
            "type": "Feature",
            "geometry": {
                "type": "Point",
                "coordinates": [
                    -84.2352,
                    34.2994
                ]
            },
            "properties": {
                "id": "130",
                "storm_start_date": "2023-01-02T00:00:00Z",
                "aorc:statistics": {
                    "min": 1.21,
                    "mean": 3.19,
                    "max": 5.32,
                    "units": "inches"
                },
                "season": "Winter"
            }
        },
        {
            "type": "Feature",
            "geometry": {
                "type": "Point",
                "coordinates": [
                    -80.6103,
                    35.3577
                ]
            },
            "properties": {
                "id": "278",
                "storm_start_date": "2003-05-21T00:00:00Z",
                "aorc:statistics": {
                    "min": 0.42,
                    "mean": 2.53,
                    "max": 5.5,
                    "units": "inches"
                },
                "season": "Spring"
            }
        },
        {
            "type": "Feature",
            "geometry": {
                "type": "Point",
                "coordinates": [
                    -83.4185,
                    35.6244
                ]
            },
            "properties": {
                "id": "88",
                "storm_start_date": "2018-02-10T00:00:00Z",
                "aorc:statistics": {
                    "min": 1.34,
                    "mean": 3.54,
                    "max": 5.74,
                    "units": "inches"
                },
                "season": "Winter"
            }
        },
        {
            "type": "Feature",
            "geometry": {
                "type": "Point",
                "coordinates": [
                    -84.9685,
                    34.0911
                ]
            },
            "properties": {
                "id": "46",
                "storm_start_date": "1997-09-24T00:00:00Z",
                "aorc:statistics": {
                    "min": 1.64,
                    "mean": 4.22,
                    "max": 7.27,
                    "units": "inches"
                },
                "season": "Autumn"
            }
        },
        {
            "type": "Feature",
            "geometry": {
                "type": "Point",
                "coordinates": [
                    -83.4935,
                    35.0661
                ]
            },
            "properties": {
                "id": "294",
                "storm_start_date": "2011-03-26T00:00:00Z",
                "aorc:statistics": {
                    "min": 0.73,
                    "mean": 2.48,
                    "max": 4.86,
                    "units": "inches"
                },
                "season": "Spring"
            }
        },
        {
            "type": "Feature",
            "geometry": {
                "type": "Point",
                "coordinates": [
                    -82.9685,
                    36.891
                ]
            },
            "properties": {
                "id": "472",
                "storm_start_date": "2004-05-30T00:00:00Z",
                "aorc:statistics": {
                    "min": 0.54,
                    "mean": 2.05,
                    "max": 5.48,
                    "units": "inches"
                },
                "season": "Spring"
            }
        },
        {
            "type": "Feature",
            "geometry": {
                "type": "Point",
                "coordinates": [
                    -79.3187,
                    37.6993
                ]
            },
            "properties": {
                "id": "466",
                "storm_start_date": "1984-08-10T00:00:00Z",
                "aorc:statistics": {
                    "min": 0.4,
                    "mean": 2.06,
                    "max": 6.6,
                    "units": "inches"
                },
                "season": "Summer"
            }
        },
        {
            "type": "Feature",
            "geometry": {
                "type": "Point",
                "coordinates": [
                    -83.5019,
                    35.5577
                ]
            },
            "properties": {
                "id": "451",
                "storm_start_date": "2006-04-20T00:00:00Z",
                "aorc:statistics": {
                    "min": 0.54,
                    "mean": 2.1,
                    "max": 4.7,
                    "units": "inches"
                },
                "season": "Spring"
            }
        },
        {
            "type": "Feature",
            "geometry": {
                "type": "Point",
                "coordinates": [
                    -82.6852,
                    35.1161
                ]
            },
            "properties": {
                "id": "395",
                "storm_start_date": "2014-11-23T00:00:00Z",
                "aorc:statistics": {
                    "min": 1.15,
                    "mean": 2.23,
                    "max": 5.19,
                    "units": "inches"
                },
                "season": "Autumn"
            }
        },
        {
            "type": "Feature",
            "geometry": {
                "type": "Point",
                "coordinates": [
                    -83.9185,
                    34.0828
                ]
            },
            "properties": {
                "id": "322",
                "storm_start_date": "2020-01-02T00:00:00Z",
                "aorc:statistics": {
                    "min": 1.1,
                    "mean": 2.4,
                    "max": 4.0,
                    "units": "inches"
                },
                "season": "Winter"
            }
        },
        {
            "type": "Feature",
            "geometry": {
                "type": "Point",
                "coordinates": [
                    -79.5104,
                    37.516
                ]
            },
            "properties": {
                "id": "347",
                "storm_start_date": "1998-01-27T00:00:00Z",
                "aorc:statistics": {
                    "min": 1.06,
                    "mean": 2.35,
                    "max": 5.4,
                    "units": "inches"
                },
                "season": "Winter"
            }
        },
        {
            "type": "Feature",
            "geometry": {
                "type": "Point",
                "coordinates": [
                    -82.4686,
                    35.9327
                ]
            },
            "properties": {
                "id": "336",
                "storm_start_date": "1999-11-24T00:00:00Z",
                "aorc:statistics": {
                    "min": 0.95,
                    "mean": 2.37,
                    "max": 6.55,
                    "units": "inches"
                },
                "season": "Autumn"
            }
        },
        {
            "type": "Feature",
            "geometry": {
                "type": "Point",
                "coordinates": [
                    -82.9852,
                    35.1327
                ]
            },
            "properties": {
                "id": "397",
                "storm_start_date": "1998-02-16T00:00:00Z",
                "aorc:statistics": {
                    "min": 0.61,
                    "mean": 2.22,
                    "max": 4.97,
                    "units": "inches"
                },
                "season": "Winter"
            }
        },
        {
            "type": "Feature",
            "geometry": {
                "type": "Point",
                "coordinates": [
                    -83.9352,
                    35.2327
                ]
            },
            "properties": {
                "id": "467",
                "storm_start_date": "1998-12-22T00:00:00Z",
                "aorc:statistics": {
                    "min": 0.76,
                    "mean": 2.06,
                    "max": 4.41,
                    "units": "inches"
                },
                "season": "Winter"
            }
        },
        {
            "type": "Feature",
            "geometry": {
                "type": "Point",
                "coordinates": [
                    -81.1186,
                    36.4327
                ]
            },
            "properties": {
                "id": "230",
                "storm_start_date": "1996-11-07T00:00:00Z",
                "aorc:statistics": {
                    "min": 1.24,
                    "mean": 2.66,
                    "max": 5.68,
                    "units": "inches"
                },
                "season": "Autumn"
            }
        },
        {
            "type": "Feature",
            "geometry": {
                "type": "Point",
                "coordinates": [
                    -84.0935,
                    34.2161
                ]
            },
            "properties": {
                "id": "408",
                "storm_start_date": "1993-01-10T00:00:00Z",
                "aorc:statistics": {
                    "min": 0.63,
                    "mean": 2.2,
                    "max": 4.4,
                    "units": "inches"
                },
                "season": "Winter"
            }
        },
        {
            "type": "Feature",
            "geometry": {
                "type": "Point",
                "coordinates": [
                    -85.4101,
                    36.1494
                ]
            },
            "properties": {
                "id": "432",
                "storm_start_date": "2024-07-28T00:00:00Z",
                "aorc:statistics": {
                    "min": 0.56,
                    "mean": 2.12,
                    "max": 5.8,
                    "units": "inches"
                },
                "season": "Summer"
            }
        },
        {
            "type": "Feature",
            "geometry": {
                "type": "Point",
                "coordinates": [
                    -84.4352,
                    33.9744
                ]
            },
            "properties": {
                "id": "381",
                "storm_start_date": "2012-07-11T00:00:00Z",
                "aorc:statistics": {
                    "min": 0.34,
                    "mean": 2.26,
                    "max": 6.98,
                    "units": "inches"
                },
                "season": "Summer"
            }
        },
        {
            "type": "Feature",
            "geometry": {
                "type": "Point",
                "coordinates": [
                    -81.9686,
                    35.7244
                ]
            },
            "properties": {
                "id": "6",
                "storm_start_date": "2023-12-25T00:00:00Z",
                "aorc:statistics": {
                    "min": 0.93,
                    "mean": 3.44,
                    "max": 7.6,
                    "units": "inches"
                },
                "season": "Winter"
            }
        },
        {
            "type": "Feature",
            "geometry": {
                "type": "Point",
                "coordinates": [
                    -84.0102,
                    35.2411
                ]
            },
            "properties": {
                "id": "166",
                "storm_start_date": "2001-01-18T00:00:00Z",
                "aorc:statistics": {
                    "min": 1.31,
                    "mean": 2.97,
                    "max": 5.87,
                    "units": "inches"
                },
                "season": "Winter"
            }
        },
        {
            "type": "Feature",
            "geometry": {
                "type": "Point",
                "coordinates": [
                    -85.0435,
                    35.8494
                ]
            },
            "properties": {
                "id": "445",
                "storm_start_date": "2018-07-21T00:00:00Z",
                "aorc:statistics": {
                    "min": 0.61,
                    "mean": 2.11,
                    "max": 6.41,
                    "units": "inches"
                },
                "season": "Summer"
            }
        },
        {
            "type": "Feature",
            "geometry": {
                "type": "Point",
                "coordinates": [
                    -82.3102,
                    35.1744
                ]
            },
            "properties": {
                "id": "409",
                "storm_start_date": "1981-09-05T00:00:00Z",
                "aorc:statistics": {
                    "min": 0.36,
                    "mean": 2.19,
                    "max": 7.41,
                    "units": "inches"
                },
                "season": "Autumn"
            }
        },
        {
            "type": "Feature",
            "geometry": {
                "type": "Point",
                "coordinates": [
                    -82.7519,
                    35.0494
                ]
            },
            "properties": {
                "id": "290",
                "storm_start_date": "2020-02-11T00:00:00Z",
                "aorc:statistics": {
                    "min": 1.0,
                    "mean": 2.48,
                    "max": 4.35,
                    "units": "inches"
                },
                "season": "Winter"
            }
        },
        {
            "type": "Feature",
            "geometry": {
                "type": "Point",
                "coordinates": [
                    -82.8436,
                    34.1494
                ]
            },
            "properties": {
                "id": "379",
                "storm_start_date": "1991-07-16T00:00:00Z",
                "aorc:statistics": {
                    "min": 0.53,
                    "mean": 2.27,
                    "max": 5.52,
                    "units": "inches"
                },
                "season": "Summer"
            }
        },
        {
            "type": "Feature",
            "geometry": {
                "type": "Point",
                "coordinates": [
                    -83.4852,
                    35.0661
                ]
            },
            "properties": {
                "id": "87",
                "storm_start_date": "1991-11-20T00:00:00Z",
                "aorc:statistics": {
                    "min": 1.92,
                    "mean": 3.54,
                    "max": 8.5,
                    "units": "inches"
                },
                "season": "Autumn"
            }
        },
        {
            "type": "Feature",
            "geometry": {
                "type": "Point",
                "coordinates": [
                    -84.5268,
                    34.6911
                ]
            },
            "properties": {
                "id": "188",
                "storm_start_date": "2025-04-06T00:00:00Z",
                "aorc:statistics": {
                    "min": 1.33,
                    "mean": 2.87,
                    "max": 5.5,
                    "units": "inches"
                },
                "season": "Spring"
            }
        },
        {
            "type": "Feature",
            "geometry": {
                "type": "Point",
                "coordinates": [
                    -85.1101,
                    33.4161
                ]
            },
            "properties": {
                "id": "145",
                "storm_start_date": "1996-01-31T00:00:00Z",
                "aorc:statistics": {
                    "min": 1.34,
                    "mean": 3.12,
                    "max": 5.11,
                    "units": "inches"
                },
                "season": "Winter"
            }
        },
        {
            "type": "Feature",
            "geometry": {
                "type": "Point",
                "coordinates": [
                    -82.9852,
                    35.1327
                ]
            },
            "properties": {
                "id": "478",
                "storm_start_date": "1998-01-14T00:00:00Z",
                "aorc:statistics": {
                    "min": 0.95,
                    "mean": 2.04,
                    "max": 5.98,
                    "units": "inches"
                },
                "season": "Winter"
            }
        },
        {
            "type": "Feature",
            "geometry": {
                "type": "Point",
                "coordinates": [
                    -85.8184,
                    34.1911
                ]
            },
            "properties": {
                "id": "442",
                "storm_start_date": "1985-07-27T00:00:00Z",
                "aorc:statistics": {
                    "min": 0.47,
                    "mean": 2.11,
                    "max": 7.1,
                    "units": "inches"
                },
                "season": "Summer"
            }
        },
        {
            "type": "Feature",
            "geometry": {
                "type": "Point",
                "coordinates": [
                    -82.9352,
                    35.1077
                ]
            },
            "properties": {
                "id": "484",
                "storm_start_date": "2007-09-13T00:00:00Z",
                "aorc:statistics": {
                    "min": 0.31,
                    "mean": 2.04,
                    "max": 5.18,
                    "units": "inches"
                },
                "season": "Autumn"
            }
        },
        {
            "type": "Feature",
            "geometry": {
                "type": "Point",
                "coordinates": [
                    -82.6519,
                    33.4078
                ]
            },
            "properties": {
                "id": "224",
                "storm_start_date": "2007-12-28T00:00:00Z",
                "aorc:statistics": {
                    "min": 1.3,
                    "mean": 2.68,
                    "max": 4.14,
                    "units": "inches"
                },
                "season": "Winter"
            }
        },
        {
            "type": "Feature",
            "geometry": {
                "type": "Point",
                "coordinates": [
                    -85.3185,
                    36.7827
                ]
            },
            "properties": {
                "id": "151",
                "storm_start_date": "1986-11-07T00:00:00Z",
                "aorc:statistics": {
                    "min": 0.5,
                    "mean": 3.06,
                    "max": 6.11,
                    "units": "inches"
                },
                "season": "Autumn"
            }
        },
        {
            "type": "Feature",
            "geometry": {
                "type": "Point",
                "coordinates": [
                    -80.0437,
                    36.4327
                ]
            },
            "properties": {
                "id": "253",
                "storm_start_date": "2024-09-16T00:00:00Z",
                "aorc:statistics": {
                    "min": 0.52,
                    "mean": 2.6,
                    "max": 10.54,
                    "units": "inches"
                },
                "season": "Autumn"
            }
        },
        {
            "type": "Feature",
            "geometry": {
                "type": "Point",
                "coordinates": [
                    -83.3435,
                    34.8994
                ]
            },
            "properties": {
                "id": "54",
                "storm_start_date": "2024-01-07T00:00:00Z",
                "aorc:statistics": {
                    "min": 2.34,
                    "mean": 3.96,
                    "max": 5.89,
                    "units": "inches"
                },
                "season": "Winter"
            }
        },
        {
            "type": "Feature",
            "geometry": {
                "type": "Point",
                "coordinates": [
                    -84.4268,
                    34.8911
                ]
            },
            "properties": {
                "id": "341",
                "storm_start_date": "2018-02-28T00:00:00Z",
                "aorc:statistics": {
                    "min": 0.65,
                    "mean": 2.36,
                    "max": 4.58,
                    "units": "inches"
                },
                "season": "Winter"
            }
        },
        {
            "type": "Feature",
            "geometry": {
                "type": "Point",
                "coordinates": [
                    -83.4435,
                    35.6577
                ]
            },
            "properties": {
                "id": "212",
                "storm_start_date": "1997-03-03T00:00:00Z",
                "aorc:statistics": {
                    "min": 1.38,
                    "mean": 2.74,
                    "max": 6.03,
                    "units": "inches"
                },
                "season": "Spring"
            }
        },
        {
            "type": "Feature",
            "geometry": {
                "type": "Point",
                "coordinates": [
                    -80.8103,
                    36.591
                ]
            },
            "properties": {
                "id": "416",
                "storm_start_date": "2013-06-06T00:00:00Z",
                "aorc:statistics": {
                    "min": 0.51,
                    "mean": 2.16,
                    "max": 11.04,
                    "units": "inches"
                },
                "season": "Summer"
            }
        },
        {
            "type": "Feature",
            "geometry": {
                "type": "Point",
                "coordinates": [
                    -84.8935,
                    35.9994
                ]
            },
            "properties": {
                "id": "3",
                "storm_start_date": "2022-02-22T00:00:00Z",
                "aorc:statistics": {
                    "min": 1.37,
                    "mean": 3.81,
                    "max": 6.84,
                    "units": "inches"
                },
                "season": "Winter"
            }
        },
        {
            "type": "Feature",
            "geometry": {
                "type": "Point",
                "coordinates": [
                    -83.0519,
                    34.9911
                ]
            },
            "properties": {
                "id": "43",
                "storm_start_date": "2002-09-13T00:00:00Z",
                "aorc:statistics": {
                    "min": 0.19,
                    "mean": 4.25,
                    "max": 9.85,
                    "units": "inches"
                },
                "season": "Autumn"
            }
        },
        {
            "type": "Feature",
            "geometry": {
                "type": "Point",
                "coordinates": [
                    -82.9769,
                    35.1244
                ]
            },
            "properties": {
                "id": "110",
                "storm_start_date": "2003-11-17T00:00:00Z",
                "aorc:statistics": {
                    "min": 1.19,
                    "mean": 3.36,
                    "max": 11.24,
                    "units": "inches"
                },
                "season": "Autumn"
            }
        },
        {
            "type": "Feature",
            "geometry": {
                "type": "Point",
                "coordinates": [
                    -81.1853,
                    37.5576
                ]
            },
            "properties": {
                "id": "477",
                "storm_start_date": "1996-05-15T00:00:00Z",
                "aorc:statistics": {
                    "min": 0.39,
                    "mean": 2.04,
                    "max": 4.78,
                    "units": "inches"
                },
                "season": "Spring"
            }
        },
        {
            "type": "Feature",
            "geometry": {
                "type": "Point",
                "coordinates": [
                    -80.3437,
                    36.716
                ]
            },
            "properties": {
                "id": "68",
                "storm_start_date": "1985-08-16T00:00:00Z",
                "aorc:statistics": {
                    "min": 1.29,
                    "mean": 3.77,
                    "max": 8.7,
                    "units": "inches"
                },
                "season": "Summer"
            }
        },
        {
            "type": "Feature",
            "geometry": {
                "type": "Point",
                "coordinates": [
                    -83.4352,
                    35.0244
                ]
            },
            "properties": {
                "id": "485",
                "storm_start_date": "2011-12-21T00:00:00Z",
                "aorc:statistics": {
                    "min": 0.87,
                    "mean": 2.04,
                    "max": 5.0,
                    "units": "inches"
                },
                "season": "Winter"
            }
        },
        {
            "type": "Feature",
            "geometry": {
                "type": "Point",
                "coordinates": [
                    -82.6686,
                    35.1161
                ]
            },
            "properties": {
                "id": "221",
                "storm_start_date": "2011-03-05T00:00:00Z",
                "aorc:statistics": {
                    "min": 1.02,
                    "mean": 2.7,
                    "max": 7.67,
                    "units": "inches"
                },
                "season": "Spring"
            }
        },
        {
            "type": "Feature",
            "geometry": {
                "type": "Point",
                "coordinates": [
                    -80.7853,
                    34.9494
                ]
            },
            "properties": {
                "id": "228",
                "storm_start_date": "2016-05-01T00:00:00Z",
                "aorc:statistics": {
                    "min": 0.74,
                    "mean": 2.66,
                    "max": 7.49,
                    "units": "inches"
                },
                "season": "Spring"
            }
        },
        {
            "type": "Feature",
            "geometry": {
                "type": "Point",
                "coordinates": [
                    -84.2018,
                    33.9244
                ]
            },
            "properties": {
                "id": "356",
                "storm_start_date": "1980-01-16T00:00:00Z",
                "aorc:statistics": {
                    "min": 0.89,
                    "mean": 2.33,
                    "max": 3.5,
                    "units": "inches"
                },
                "season": "Winter"
            }
        },
        {
            "type": "Feature",
            "geometry": {
                "type": "Point",
                "coordinates": [
                    -83.6852,
                    35.3161
                ]
            },
            "properties": {
                "id": "231",
                "storm_start_date": "2014-02-03T00:00:00Z",
                "aorc:statistics": {
                    "min": 1.17,
                    "mean": 2.66,
                    "max": 6.35,
                    "units": "inches"
                },
                "season": "Winter"
            }
        },
        {
            "type": "Feature",
            "geometry": {
                "type": "Point",
                "coordinates": [
                    -82.7436,
                    35.0494
                ]
            },
            "properties": {
                "id": "152",
                "storm_start_date": "2019-10-29T00:00:00Z",
                "aorc:statistics": {
                    "min": 1.0,
                    "mean": 3.05,
                    "max": 6.68,
                    "units": "inches"
                },
                "season": "Autumn"
            }
        },
        {
            "type": "Feature",
            "geometry": {
                "type": "Point",
                "coordinates": [
                    -79.6853,
                    37.4826
                ]
            },
            "properties": {
                "id": "158",
                "storm_start_date": "2021-09-21T00:00:00Z",
                "aorc:statistics": {
                    "min": 0.55,
                    "mean": 3.0,
                    "max": 9.16,
                    "units": "inches"
                },
                "season": "Autumn"
            }
        },
        {
            "type": "Feature",
            "geometry": {
                "type": "Point",
                "coordinates": [
                    -83.9352,
                    35.3827
                ]
            },
            "properties": {
                "id": "157",
                "storm_start_date": "1985-01-31T00:00:00Z",
                "aorc:statistics": {
                    "min": 1.49,
                    "mean": 3.01,
                    "max": 5.72,
                    "units": "inches"
                },
                "season": "Winter"
            }
        },
        {
            "type": "Feature",
            "geometry": {
                "type": "Point",
                "coordinates": [
                    -81.6519,
                    34.5911
                ]
            },
            "properties": {
                "id": "418",
                "storm_start_date": "2010-05-29T00:00:00Z",
                "aorc:statistics": {
                    "min": 0.4,
                    "mean": 2.15,
                    "max": 6.7,
                    "units": "inches"
                },
                "season": "Spring"
            }
        },
        {
            "type": "Feature",
            "geometry": {
                "type": "Point",
                "coordinates": [
                    -79.177,
                    37.741
                ]
            },
            "properties": {
                "id": "463",
                "storm_start_date": "2007-03-14T00:00:00Z",
                "aorc:statistics": {
                    "min": 0.86,
                    "mean": 2.07,
                    "max": 3.96,
                    "units": "inches"
                },
                "season": "Spring"
            }
        },
        {
            "type": "Feature",
            "geometry": {
                "type": "Point",
                "coordinates": [
                    -82.8186,
                    35.0911
                ]
            },
            "properties": {
                "id": "165",
                "storm_start_date": "1989-06-14T00:00:00Z",
                "aorc:statistics": {
                    "min": 0.78,
                    "mean": 2.98,
                    "max": 6.0,
                    "units": "inches"
                },
                "season": "Summer"
            }
        },
        {
            "type": "Feature",
            "geometry": {
                "type": "Point",
                "coordinates": [
                    -85.6518,
                    33.6578
                ]
            },
            "properties": {
                "id": "431",
                "storm_start_date": "2009-10-05T00:00:00Z",
                "aorc:statistics": {
                    "min": 0.77,
                    "mean": 2.12,
                    "max": 3.72,
                    "units": "inches"
                },
                "season": "Autumn"
            }
        },
        {
            "type": "Feature",
            "geometry": {
                "type": "Point",
                "coordinates": [
                    -83.8185,
                    36.6327
                ]
            },
            "properties": {
                "id": "181",
                "storm_start_date": "2015-02-20T00:00:00Z",
                "aorc:statistics": {
                    "min": 0.65,
                    "mean": 2.88,
                    "max": 5.11,
                    "units": "inches"
                },
                "season": "Winter"
            }
        },
        {
            "type": "Feature",
            "geometry": {
                "type": "Point",
                "coordinates": [
                    -83.4935,
                    35.0661
                ]
            },
            "properties": {
                "id": "79",
                "storm_start_date": "1998-01-06T00:00:00Z",
                "aorc:statistics": {
                    "min": 0.93,
                    "mean": 3.69,
                    "max": 10.48,
                    "units": "inches"
                },
                "season": "Winter"
            }
        },
        {
            "type": "Feature",
            "geometry": {
                "type": "Point",
                "coordinates": [
                    -85.1851,
                    34.2078
                ]
            },
            "properties": {
                "id": "129",
                "storm_start_date": "1984-07-29T00:00:00Z",
                "aorc:statistics": {
                    "min": 1.05,
                    "mean": 3.2,
                    "max": 6.0,
                    "units": "inches"
                },
                "season": "Summer"
            }
        },
        {
            "type": "Feature",
            "geometry": {
                "type": "Point",
                "coordinates": [
                    -83.7852,
                    33.0911
                ]
            },
            "properties": {
                "id": "279",
                "storm_start_date": "1989-12-07T00:00:00Z",
                "aorc:statistics": {
                    "min": 1.21,
                    "mean": 2.52,
                    "max": 3.99,
                    "units": "inches"
                },
                "season": "Winter"
            }
        },
        {
            "type": "Feature",
            "geometry": {
                "type": "Point",
                "coordinates": [
                    -83.4769,
                    35.0661
                ]
            },
            "properties": {
                "id": "249",
                "storm_start_date": "2006-10-17T00:00:00Z",
                "aorc:statistics": {
                    "min": 0.74,
                    "mean": 2.61,
                    "max": 6.38,
                    "units": "inches"
                },
                "season": "Autumn"
            }
        },
        {
            "type": "Feature",
            "geometry": {
                "type": "Point",
                "coordinates": [
                    -82.3436,
                    35.1494
                ]
            },
            "properties": {
                "id": "200",
                "storm_start_date": "2005-07-05T00:00:00Z",
                "aorc:statistics": {
                    "min": 0.11,
                    "mean": 2.81,
                    "max": 7.22,
                    "units": "inches"
                },
                "season": "Summer"
            }
        },
        {
            "type": "Feature",
            "geometry": {
                "type": "Point",
                "coordinates": [
                    -82.9769,
                    35.1244
                ]
            },
            "properties": {
                "id": "350",
                "storm_start_date": "2003-09-21T00:00:00Z",
                "aorc:statistics": {
                    "min": 0.61,
                    "mean": 2.35,
                    "max": 6.65,
                    "units": "inches"
                },
                "season": "Autumn"
            }
        },
        {
            "type": "Feature",
            "geometry": {
                "type": "Point",
                "coordinates": [
                    -82.3102,
                    35.1661
                ]
            },
            "properties": {
                "id": "386",
                "storm_start_date": "1983-11-23T00:00:00Z",
                "aorc:statistics": {
                    "min": 1.35,
                    "mean": 2.25,
                    "max": 4.75,
                    "units": "inches"
                },
                "season": "Autumn"
            }
        },
        {
            "type": "Feature",
            "geometry": {
                "type": "Point",
                "coordinates": [
                    -81.152,
                    35.2161
                ]
            },
            "properties": {
                "id": "111",
                "storm_start_date": "1992-10-03T00:00:00Z",
                "aorc:statistics": {
                    "min": 1.21,
                    "mean": 3.36,
                    "max": 5.84,
                    "units": "inches"
                },
                "season": "Autumn"
            }
        },
        {
            "type": "Feature",
            "geometry": {
                "type": "Point",
                "coordinates": [
                    -82.9352,
                    35.1161
                ]
            },
            "properties": {
                "id": "448",
                "storm_start_date": "2009-12-23T00:00:00Z",
                "aorc:statistics": {
                    "min": 0.79,
                    "mean": 2.1,
                    "max": 5.06,
                    "units": "inches"
                },
                "season": "Winter"
            }
        },
        {
            "type": "Feature",
            "geometry": {
                "type": "Point",
                "coordinates": [
                    -83.6852,
                    35.3161
                ]
            },
            "properties": {
                "id": "45",
                "storm_start_date": "1995-02-15T00:00:00Z",
                "aorc:statistics": {
                    "min": 2.12,
                    "mean": 4.22,
                    "max": 10.59,
                    "units": "inches"
                },
                "season": "Winter"
            }
        },
        {
            "type": "Feature",
            "geometry": {
                "type": "Point",
                "coordinates": [
                    -83.4935,
                    35.0661
                ]
            },
            "properties": {
                "id": "35",
                "storm_start_date": "1987-02-26T00:00:00Z",
                "aorc:statistics": {
                    "min": 2.61,
                    "mean": 4.38,
                    "max": 6.89,
                    "units": "inches"
                },
                "season": "Winter"
            }
        },
        {
            "type": "Feature",
            "geometry": {
                "type": "Point",
                "coordinates": [
                    -84.0268,
                    34.6911
                ]
            },
            "properties": {
                "id": "22",
                "storm_start_date": "1996-03-05T00:00:00Z",
                "aorc:statistics": {
                    "min": 1.94,
                    "mean": 4.86,
                    "max": 7.5,
                    "units": "inches"
                },
                "season": "Spring"
            }
        },
        {
            "type": "Feature",
            "geometry": {
                "type": "Point",
                "coordinates": [
                    -84.5268,
                    36.4743
                ]
            },
            "properties": {
                "id": "197",
                "storm_start_date": "1982-08-31T00:00:00Z",
                "aorc:statistics": {
                    "min": 0.8,
                    "mean": 2.82,
                    "max": 6.57,
                    "units": "inches"
                },
                "season": "Summer"
            }
        },
        {
            "type": "Feature",
            "geometry": {
                "type": "Point",
                "coordinates": [
                    -82.3102,
                    35.1744
                ]
            },
            "properties": {
                "id": "239",
                "storm_start_date": "1988-10-01T00:00:00Z",
                "aorc:statistics": {
                    "min": 0.85,
                    "mean": 2.64,
                    "max": 6.12,
                    "units": "inches"
                },
                "season": "Autumn"
            }
        },
        {
            "type": "Feature",
            "geometry": {
                "type": "Point",
                "coordinates": [
                    -85.6684,
                    36.416
                ]
            },
            "properties": {
                "id": "289",
                "storm_start_date": "1989-03-04T00:00:00Z",
                "aorc:statistics": {
                    "min": 0.52,
                    "mean": 2.48,
                    "max": 4.31,
                    "units": "inches"
                },
                "season": "Spring"
            }
        },
        {
            "type": "Feature",
            "geometry": {
                "type": "Point",
                "coordinates": [
                    -84.2518,
                    33.4578
                ]
            },
            "properties": {
                "id": "415",
                "storm_start_date": "2015-05-26T00:00:00Z",
                "aorc:statistics": {
                    "min": 0.37,
                    "mean": 2.16,
                    "max": 5.74,
                    "units": "inches"
                },
                "season": "Spring"
            }
        },
        {
            "type": "Feature",
            "geometry": {
                "type": "Point",
                "coordinates": [
                    -85.3101,
                    33.9411
                ]
            },
            "properties": {
                "id": "216",
                "storm_start_date": "1982-04-25T00:00:00Z",
                "aorc:statistics": {
                    "min": 1.51,
                    "mean": 2.71,
                    "max": 4.51,
                    "units": "inches"
                },
                "season": "Spring"
            }
        },
        {
            "type": "Feature",
            "geometry": {
                "type": "Point",
                "coordinates": [
                    -81.6936,
                    36.1494
                ]
            },
            "properties": {
                "id": "139",
                "storm_start_date": "2018-05-16T00:00:00Z",
                "aorc:statistics": {
                    "min": 0.31,
                    "mean": 3.15,
                    "max": 12.32,
                    "units": "inches"
                },
                "season": "Spring"
            }
        },
        {
            "type": "Feature",
            "geometry": {
                "type": "Point",
                "coordinates": [
                    -84.1018,
                    34.4328
                ]
            },
            "properties": {
                "id": "71",
                "storm_start_date": "1982-02-02T00:00:00Z",
                "aorc:statistics": {
                    "min": 1.74,
                    "mean": 3.74,
                    "max": 6.35,
                    "units": "inches"
                },
                "season": "Winter"
            }
        },
        {
            "type": "Feature",
            "geometry": {
                "type": "Point",
                "coordinates": [
                    -83.2769,
                    35.0327
                ]
            },
            "properties": {
                "id": "410",
                "storm_start_date": "2024-12-27T00:00:00Z",
                "aorc:statistics": {
                    "min": 0.66,
                    "mean": 2.18,
                    "max": 5.24,
                    "units": "inches"
                },
                "season": "Winter"
            }
        },
        {
            "type": "Feature",
            "geometry": {
                "type": "Point",
                "coordinates": [
                    -82.3019,
                    35.1744
                ]
            },
            "properties": {
                "id": "326",
                "storm_start_date": "2020-04-29T00:00:00Z",
                "aorc:statistics": {
                    "min": 1.03,
                    "mean": 2.4,
                    "max": 3.85,
                    "units": "inches"
                },
                "season": "Spring"
            }
        },
        {
            "type": "Feature",
            "geometry": {
                "type": "Point",
                "coordinates": [
                    -83.7935,
                    37.4743
                ]
            },
            "properties": {
                "id": "9",
                "storm_start_date": "2023-02-15T00:00:00Z",
                "aorc:statistics": {
                    "min": 1.3,
                    "mean": 3.27,
                    "max": 5.37,
                    "units": "inches"
                },
                "season": "Winter"
            }
        },
        {
            "type": "Feature",
            "geometry": {
                "type": "Point",
                "coordinates": [
                    -82.6186,
                    35.1244
                ]
            },
            "properties": {
                "id": "150",
                "storm_start_date": "2020-10-28T00:00:00Z",
                "aorc:statistics": {
                    "min": 0.93,
                    "mean": 3.07,
                    "max": 7.07,
                    "units": "inches"
                },
                "season": "Autumn"
            }
        },
        {
            "type": "Feature",
            "geometry": {
                "type": "Point",
                "coordinates": [
                    -83.2435,
                    34.0328
                ]
            },
            "properties": {
                "id": "263",
                "storm_start_date": "2008-10-08T00:00:00Z",
                "aorc:statistics": {
                    "min": 0.65,
                    "mean": 2.57,
                    "max": 4.24,
                    "units": "inches"
                },
                "season": "Autumn"
            }
        },
        {
            "type": "Feature",
            "geometry": {
                "type": "Point",
                "coordinates": [
                    -83.1935,
                    34.9244
                ]
            },
            "properties": {
                "id": "492",
                "storm_start_date": "2014-07-18T00:00:00Z",
                "aorc:statistics": {
                    "min": 0.61,
                    "mean": 2.02,
                    "max": 5.53,
                    "units": "inches"
                },
                "season": "Summer"
            }
        },
        {
            "type": "Feature",
            "geometry": {
                "type": "Point",
                "coordinates": [
                    -83.4602,
                    37.3326
                ]
            },
            "properties": {
                "id": "81",
                "storm_start_date": "2022-07-26T00:00:00Z",
                "aorc:statistics": {
                    "min": 0.19,
                    "mean": 3.65,
                    "max": 11.38,
                    "units": "inches"
                },
                "season": "Summer"
            }
        },
        {
            "type": "Feature",
            "geometry": {
                "type": "Point",
                "coordinates": [
                    -83.3435,
                    34.9244
                ]
            },
            "properties": {
                "id": "320",
                "storm_start_date": "2009-05-26T00:00:00Z",
                "aorc:statistics": {
                    "min": 0.14,
                    "mean": 2.41,
                    "max": 6.78,
                    "units": "inches"
                },
                "season": "Spring"
            }
        },
        {
            "type": "Feature",
            "geometry": {
                "type": "Point",
                "coordinates": [
                    -81.0603,
                    36.466
                ]
            },
            "properties": {
                "id": "28",
                "storm_start_date": "2007-10-24T00:00:00Z",
                "aorc:statistics": {
                    "min": 0.88,
                    "mean": 4.61,
                    "max": 13.01,
                    "units": "inches"
                },
                "season": "Autumn"
            }
        },
        {
            "type": "Feature",
            "geometry": {
                "type": "Point",
                "coordinates": [
                    -80.9686,
                    35.0661
                ]
            },
            "properties": {
                "id": "102",
                "storm_start_date": "1997-07-22T00:00:00Z",
                "aorc:statistics": {
                    "min": 0.93,
                    "mean": 3.42,
                    "max": 6.85,
                    "units": "inches"
                },
                "season": "Summer"
            }
        },
        {
            "type": "Feature",
            "geometry": {
                "type": "Point",
                "coordinates": [
                    -83.5852,
                    37.2826
                ]
            },
            "properties": {
                "id": "453",
                "storm_start_date": "2005-04-28T00:00:00Z",
                "aorc:statistics": {
                    "min": 0.86,
                    "mean": 2.1,
                    "max": 3.67,
                    "units": "inches"
                },
                "season": "Spring"
            }
        },
        {
            "type": "Feature",
            "geometry": {
                "type": "Point",
                "coordinates": [
                    -83.9935,
                    35.3161
                ]
            },
            "properties": {
                "id": "324",
                "storm_start_date": "1984-05-01T00:00:00Z",
                "aorc:statistics": {
                    "min": 0.69,
                    "mean": 2.4,
                    "max": 4.77,
                    "units": "inches"
                },
                "season": "Spring"
            }
        },
        {
            "type": "Feature",
            "geometry": {
                "type": "Point",
                "coordinates": [
                    -82.9685,
                    36.8993
                ]
            },
            "properties": {
                "id": "19",
                "storm_start_date": "2002-03-16T00:00:00Z",
                "aorc:statistics": {
                    "min": 1.29,
                    "mean": 5.02,
                    "max": 8.79,
                    "units": "inches"
                },
                "season": "Spring"
            }
        },
        {
            "type": "Feature",
            "geometry": {
                "type": "Point",
                "coordinates": [
                    -85.0601,
                    37.0243
                ]
            },
            "properties": {
                "id": "402",
                "storm_start_date": "2009-01-26T00:00:00Z",
                "aorc:statistics": {
                    "min": 0.41,
                    "mean": 2.21,
                    "max": 4.52,
                    "units": "inches"
                },
                "season": "Winter"
            }
        },
        {
            "type": "Feature",
            "geometry": {
                "type": "Point",
                "coordinates": [
                    -82.9102,
                    35.1494
                ]
            },
            "properties": {
                "id": "14",
                "storm_start_date": "1994-08-15T00:00:00Z",
                "aorc:statistics": {
                    "min": 1.09,
                    "mean": 5.32,
                    "max": 11.78,
                    "units": "inches"
                },
                "season": "Summer"
            }
        },
        {
            "type": "Feature",
            "geometry": {
                "type": "Point",
                "coordinates": [
                    -84.8935,
                    35.9994
                ]
            },
            "properties": {
                "id": "65",
                "storm_start_date": "2022-02-22T00:00:00Z",
                "aorc:statistics": {
                    "min": 1.37,
                    "mean": 3.81,
                    "max": 6.84,
                    "units": "inches"
                },
                "season": "Winter"
            }
        },
        {
            "type": "Feature",
            "geometry": {
                "type": "Point",
                "coordinates": [
                    -83.4685,
                    33.2828
                ]
            },
            "properties": {
                "id": "160",
                "storm_start_date": "1997-12-22T00:00:00Z",
                "aorc:statistics": {
                    "min": 1.44,
                    "mean": 3.0,
                    "max": 4.89,
                    "units": "inches"
                },
                "season": "Winter"
            }
        },
        {
            "type": "Feature",
            "geometry": {
                "type": "Point",
                "coordinates": [
                    -82.8186,
                    35.1161
                ]
            },
            "properties": {
                "id": "439",
                "storm_start_date": "2006-12-21T00:00:00Z",
                "aorc:statistics": {
                    "min": 0.59,
                    "mean": 2.11,
                    "max": 5.7,
                    "units": "inches"
                },
                "season": "Winter"
            }
        },
        {
            "type": "Feature",
            "geometry": {
                "type": "Point",
                "coordinates": [
                    -83.6352,
                    37.3826
                ]
            },
            "properties": {
                "id": "201",
                "storm_start_date": "2022-01-01T00:00:00Z",
                "aorc:statistics": {
                    "min": 1.27,
                    "mean": 2.8,
                    "max": 7.69,
                    "units": "inches"
                },
                "season": "Winter"
            }
        },
        {
            "type": "Feature",
            "geometry": {
                "type": "Point",
                "coordinates": [
                    -81.6353,
                    34.2828
                ]
            },
            "properties": {
                "id": "26",
                "storm_start_date": "1980-09-28T00:00:00Z",
                "aorc:statistics": {
                    "min": 2.61,
                    "mean": 4.66,
                    "max": 8.26,
                    "units": "inches"
                },
                "season": "Autumn"
            }
        },
        {
            "type": "Feature",
            "geometry": {
                "type": "Point",
                "coordinates": [
                    -80.5353,
                    37.3576
                ]
            },
            "properties": {
                "id": "248",
                "storm_start_date": "1989-09-14T00:00:00Z",
                "aorc:statistics": {
                    "min": 1.03,
                    "mean": 2.61,
                    "max": 5.08,
                    "units": "inches"
                },
                "season": "Autumn"
            }
        },
        {
            "type": "Feature",
            "geometry": {
                "type": "Point",
                "coordinates": [
                    -84.8351,
                    33.4828
                ]
            },
            "properties": {
                "id": "412",
                "storm_start_date": "1997-01-07T00:00:00Z",
                "aorc:statistics": {
                    "min": 1.09,
                    "mean": 2.18,
                    "max": 3.09,
                    "units": "inches"
                },
                "season": "Winter"
            }
        },
        {
            "type": "Feature",
            "geometry": {
                "type": "Point",
                "coordinates": [
                    -83.9352,
                    35.2161
                ]
            },
            "properties": {
                "id": "380",
                "storm_start_date": "1999-06-27T00:00:00Z",
                "aorc:statistics": {
                    "min": 0.61,
                    "mean": 2.27,
                    "max": 5.03,
                    "units": "inches"
                },
                "season": "Summer"
            }
        },
        {
            "type": "Feature",
            "geometry": {
                "type": "Point",
                "coordinates": [
                    -84.2102,
                    33.2495
                ]
            },
            "properties": {
                "id": "140",
                "storm_start_date": "2017-09-10T00:00:00Z",
                "aorc:statistics": {
                    "min": 1.16,
                    "mean": 3.14,
                    "max": 5.94,
                    "units": "inches"
                },
                "season": "Autumn"
            }
        },
        {
            "type": "Feature",
            "geometry": {
                "type": "Point",
                "coordinates": [
                    -82.2602,
                    34.1411
                ]
            },
            "properties": {
                "id": "496",
                "storm_start_date": "2005-12-03T00:00:00Z",
                "aorc:statistics": {
                    "min": 0.72,
                    "mean": 2.02,
                    "max": 4.35,
                    "units": "inches"
                },
                "season": "Winter"
            }
        },
        {
            "type": "Feature",
            "geometry": {
                "type": "Point",
                "coordinates": [
                    -85.3101,
                    35.1827
                ]
            },
            "properties": {
                "id": "143",
                "storm_start_date": "1980-03-19T00:00:00Z",
                "aorc:statistics": {
                    "min": 1.17,
                    "mean": 3.13,
                    "max": 7.48,
                    "units": "inches"
                },
                "season": "Spring"
            }
        },
        {
            "type": "Feature",
            "geometry": {
                "type": "Point",
                "coordinates": [
                    -85.9684,
                    33.9911
                ]
            },
            "properties": {
                "id": "338",
                "storm_start_date": "1982-11-28T00:00:00Z",
                "aorc:statistics": {
                    "min": 1.41,
                    "mean": 2.37,
                    "max": 4.03,
                    "units": "inches"
                },
                "season": "Autumn"
            }
        },
        {
            "type": "Feature",
            "geometry": {
                "type": "Point",
                "coordinates": [
                    -84.4102,
                    33.2078
                ]
            },
            "properties": {
                "id": "167",
                "storm_start_date": "2024-01-25T00:00:00Z",
                "aorc:statistics": {
                    "min": 0.48,
                    "mean": 2.97,
                    "max": 5.36,
                    "units": "inches"
                },
                "season": "Winter"
            }
        },
        {
            "type": "Feature",
            "geometry": {
                "type": "Point",
                "coordinates": [
                    -80.5936,
                    34.5328
                ]
            },
            "properties": {
                "id": "328",
                "storm_start_date": "1999-04-28T00:00:00Z",
                "aorc:statistics": {
                    "min": 0.54,
                    "mean": 2.39,
                    "max": 4.78,
                    "units": "inches"
                },
                "season": "Spring"
            }
        },
        {
            "type": "Feature",
            "geometry": {
                "type": "Point",
                "coordinates": [
                    -83.6102,
                    35.641
                ]
            },
            "properties": {
                "id": "373",
                "storm_start_date": "2004-06-23T00:00:00Z",
                "aorc:statistics": {
                    "min": 0.3,
                    "mean": 2.29,
                    "max": 6.78,
                    "units": "inches"
                },
                "season": "Summer"
            }
        },
        {
            "type": "Feature",
            "geometry": {
                "type": "Point",
                "coordinates": [
                    -84.5018,
                    34.8494
                ]
            },
            "properties": {
                "id": "80",
                "storm_start_date": "1982-01-02T00:00:00Z",
                "aorc:statistics": {
                    "min": 1.57,
                    "mean": 3.68,
                    "max": 8.74,
                    "units": "inches"
                },
                "season": "Winter"
            }
        },
        {
            "type": "Feature",
            "geometry": {
                "type": "Point",
                "coordinates": [
                    -83.4185,
                    35.616
                ]
            },
            "properties": {
                "id": "334",
                "storm_start_date": "1996-07-30T00:00:00Z",
                "aorc:statistics": {
                    "min": 0.53,
                    "mean": 2.38,
                    "max": 4.87,
                    "units": "inches"
                },
                "season": "Summer"
            }
        },
        {
            "type": "Feature",
            "geometry": {
                "type": "Point",
                "coordinates": [
                    -84.3185,
                    36.366
                ]
            },
            "properties": {
                "id": "422",
                "storm_start_date": "2007-07-23T00:00:00Z",
                "aorc:statistics": {
                    "min": 0.27,
                    "mean": 2.14,
                    "max": 4.78,
                    "units": "inches"
                },
                "season": "Summer"
            }
        },
        {
            "type": "Feature",
            "geometry": {
                "type": "Point",
                "coordinates": [
                    -81.4019,
                    35.6077
                ]
            },
            "properties": {
                "id": "407",
                "storm_start_date": "2013-07-25T00:00:00Z",
                "aorc:statistics": {
                    "min": 0.0,
                    "mean": 2.2,
                    "max": 9.8,
                    "units": "inches"
                },
                "season": "Summer"
            }
        },
        {
            "type": "Feature",
            "geometry": {
                "type": "Point",
                "coordinates": [
                    -83.4852,
                    35.0661
                ]
            },
            "properties": {
                "id": "27",
                "storm_start_date": "1989-09-29T00:00:00Z",
                "aorc:statistics": {
                    "min": 1.74,
                    "mean": 4.64,
                    "max": 11.22,
                    "units": "inches"
                },
                "season": "Autumn"
            }
        },
        {
            "type": "Feature",
            "geometry": {
                "type": "Point",
                "coordinates": [
                    -83.4769,
                    35.0661
                ]
            },
            "properties": {
                "id": "285",
                "storm_start_date": "1983-10-11T00:00:00Z",
                "aorc:statistics": {
                    "min": 0.93,
                    "mean": 2.5,
                    "max": 6.48,
                    "units": "inches"
                },
                "season": "Autumn"
            }
        },
        {
            "type": "Feature",
            "geometry": {
                "type": "Point",
                "coordinates": [
                    -84.0685,
                    34.6577
                ]
            },
            "properties": {
                "id": "363",
                "storm_start_date": "1992-02-15T00:00:00Z",
                "aorc:statistics": {
                    "min": 1.37,
                    "mean": 2.32,
                    "max": 4.13,
                    "units": "inches"
                },
                "season": "Winter"
            }
        },
        {
            "type": "Feature",
            "geometry": {
                "type": "Point",
                "coordinates": [
                    -84.3435,
                    36.116
                ]
            },
            "properties": {
                "id": "66",
                "storm_start_date": "1993-12-03T00:00:00Z",
                "aorc:statistics": {
                    "min": 1.49,
                    "mean": 3.78,
                    "max": 6.83,
                    "units": "inches"
                },
                "season": "Winter"
            }
        },
        {
            "type": "Feature",
            "geometry": {
                "type": "Point",
                "coordinates": [
                    -84.9101,
                    37.2743
                ]
            },
            "properties": {
                "id": "450",
                "storm_start_date": "1995-05-17T00:00:00Z",
                "aorc:statistics": {
                    "min": 0.41,
                    "mean": 2.1,
                    "max": 4.8,
                    "units": "inches"
                },
                "season": "Spring"
            }
        },
        {
            "type": "Feature",
            "geometry": {
                "type": "Point",
                "coordinates": [
                    -83.5102,
                    33.8661
                ]
            },
            "properties": {
                "id": "259",
                "storm_start_date": "2017-04-03T00:00:00Z",
                "aorc:statistics": {
                    "min": 0.77,
                    "mean": 2.58,
                    "max": 4.77,
                    "units": "inches"
                },
                "season": "Spring"
            }
        },
        {
            "type": "Feature",
            "geometry": {
                "type": "Point",
                "coordinates": [
                    -81.6603,
                    36.216
                ]
            },
            "properties": {
                "id": "301",
                "storm_start_date": "2015-04-18T00:00:00Z",
                "aorc:statistics": {
                    "min": 0.69,
                    "mean": 2.45,
                    "max": 6.42,
                    "units": "inches"
                },
                "season": "Spring"
            }
        },
        {
            "type": "Feature",
            "geometry": {
                "type": "Point",
                "coordinates": [
                    -80.4686,
                    34.9577
                ]
            },
            "properties": {
                "id": "459",
                "storm_start_date": "1986-08-18T00:00:00Z",
                "aorc:statistics": {
                    "min": 0.17,
                    "mean": 2.08,
                    "max": 5.19,
                    "units": "inches"
                },
                "season": "Summer"
            }
        },
        {
            "type": "Feature",
            "geometry": {
                "type": "Point",
                "coordinates": [
                    -80.3603,
                    36.6827
                ]
            },
            "properties": {
                "id": "59",
                "storm_start_date": "1992-04-20T00:00:00Z",
                "aorc:statistics": {
                    "min": 0.53,
                    "mean": 3.9,
                    "max": 8.17,
                    "units": "inches"
                },
                "season": "Spring"
            }
        },
        {
            "type": "Feature",
            "geometry": {
                "type": "Point",
                "coordinates": [
                    -83.4935,
                    35.0661
                ]
            },
            "properties": {
                "id": "213",
                "storm_start_date": "1992-11-02T00:00:00Z",
                "aorc:statistics": {
                    "min": 0.99,
                    "mean": 2.74,
                    "max": 6.39,
                    "units": "inches"
                },
                "season": "Autumn"
            }
        },
        {
            "type": "Feature",
            "geometry": {
                "type": "Point",
                "coordinates": [
                    -84.4102,
                    33.2078
                ]
            },
            "properties": {
                "id": "229",
                "storm_start_date": "2023-03-25T00:00:00Z",
                "aorc:statistics": {
                    "min": 0.7,
                    "mean": 2.66,
                    "max": 7.55,
                    "units": "inches"
                },
                "season": "Spring"
            }
        },
        {
            "type": "Feature",
            "geometry": {
                "type": "Point",
                "coordinates": [
                    -85.4351,
                    34.8077
                ]
            },
            "properties": {
                "id": "76",
                "storm_start_date": "2000-04-02T00:00:00Z",
                "aorc:statistics": {
                    "min": 1.54,
                    "mean": 3.7,
                    "max": 9.01,
                    "units": "inches"
                },
                "season": "Spring"
            }
        },
        {
            "type": "Feature",
            "geometry": {
                "type": "Point",
                "coordinates": [
                    -82.6352,
                    36.0577
                ]
            },
            "properties": {
                "id": "243",
                "storm_start_date": "1982-07-29T00:00:00Z",
                "aorc:statistics": {
                    "min": 0.98,
                    "mean": 2.63,
                    "max": 4.87,
                    "units": "inches"
                },
                "season": "Summer"
            }
        },
        {
            "type": "Feature",
            "geometry": {
                "type": "Point",
                "coordinates": [
                    -85.4768,
                    33.5328
                ]
            },
            "properties": {
                "id": "456",
                "storm_start_date": "1989-04-03T00:00:00Z",
                "aorc:statistics": {
                    "min": 0.76,
                    "mean": 2.09,
                    "max": 3.71,
                    "units": "inches"
                },
                "season": "Spring"
            }
        },
        {
            "type": "Feature",
            "geometry": {
                "type": "Point",
                "coordinates": [
                    -80.1353,
                    37.0327
                ]
            },
            "properties": {
                "id": "313",
                "storm_start_date": "2023-05-27T00:00:00Z",
                "aorc:statistics": {
                    "min": 0.55,
                    "mean": 2.42,
                    "max": 6.81,
                    "units": "inches"
                },
                "season": "Spring"
            }
        },
        {
            "type": "Feature",
            "geometry": {
                "type": "Point",
                "coordinates": [
                    -83.7185,
                    36.616
                ]
            },
            "properties": {
                "id": "232",
                "storm_start_date": "2011-06-18T00:00:00Z",
                "aorc:statistics": {
                    "min": 0.52,
                    "mean": 2.66,
                    "max": 8.96,
                    "units": "inches"
                },
                "season": "Summer"
            }
        },
        {
            "type": "Feature",
            "geometry": {
                "type": "Point",
                "coordinates": [
                    -83.8518,
                    36.6327
                ]
            },
            "properties": {
                "id": "413",
                "storm_start_date": "2009-05-03T00:00:00Z",
                "aorc:statistics": {
                    "min": 0.21,
                    "mean": 2.17,
                    "max": 5.0,
                    "units": "inches"
                },
                "season": "Spring"
            }
        },
        {
            "type": "Feature",
            "geometry": {
                "type": "Point",
                "coordinates": [
                    -79.8353,
                    37.4076
                ]
            },
            "properties": {
                "id": "357",
                "storm_start_date": "2022-09-30T00:00:00Z",
                "aorc:statistics": {
                    "min": 0.54,
                    "mean": 2.33,
                    "max": 4.53,
                    "units": "inches"
                },
                "season": "Autumn"
            }
        },
        {
            "type": "Feature",
            "geometry": {
                "type": "Point",
                "coordinates": [
                    -81.9019,
                    33.8411
                ]
            },
            "properties": {
                "id": "268",
                "storm_start_date": "1981-12-13T00:00:00Z",
                "aorc:statistics": {
                    "min": 1.03,
                    "mean": 2.56,
                    "max": 4.41,
                    "units": "inches"
                },
                "season": "Winter"
            }
        },
        {
            "type": "Feature",
            "geometry": {
                "type": "Point",
                "coordinates": [
                    -79.4937,
                    36.1827
                ]
            },
            "properties": {
                "id": "69",
                "storm_start_date": "2024-08-08T00:00:00Z",
                "aorc:statistics": {
                    "min": 0.0,
                    "mean": 3.75,
                    "max": 7.96,
                    "units": "inches"
                },
                "season": "Summer"
            }
        },
        {
            "type": "Feature",
            "geometry": {
                "type": "Point",
                "coordinates": [
                    -82.3102,
                    35.1744
                ]
            },
            "properties": {
                "id": "351",
                "storm_start_date": "1983-03-16T00:00:00Z",
                "aorc:statistics": {
                    "min": 0.65,
                    "mean": 2.34,
                    "max": 5.15,
                    "units": "inches"
                },
                "season": "Spring"
            }
        },
        {
            "type": "Feature",
            "geometry": {
                "type": "Point",
                "coordinates": [
                    -83.0935,
                    33.8411
                ]
            },
            "properties": {
                "id": "117",
                "storm_start_date": "2010-09-26T00:00:00Z",
                "aorc:statistics": {
                    "min": 0.98,
                    "mean": 3.28,
                    "max": 8.02,
                    "units": "inches"
                },
                "season": "Autumn"
            }
        },
        {
            "type": "Feature",
            "geometry": {
                "type": "Point",
                "coordinates": [
                    -83.7852,
                    33.0911
                ]
            },
            "properties": {
                "id": "183",
                "storm_start_date": "1992-11-24T00:00:00Z",
                "aorc:statistics": {
                    "min": 1.46,
                    "mean": 2.88,
                    "max": 4.47,
                    "units": "inches"
                },
                "season": "Autumn"
            }
        },
        {
            "type": "Feature",
            "geometry": {
                "type": "Point",
                "coordinates": [
                    -83.4185,
                    34.8411
                ]
            },
            "properties": {
                "id": "7",
                "storm_start_date": "2022-02-02T00:00:00Z",
                "aorc:statistics": {
                    "min": 1.29,
                    "mean": 3.39,
                    "max": 7.7,
                    "units": "inches"
                },
                "season": "Winter"
            }
        },
        {
            "type": "Feature",
            "geometry": {
                "type": "Point",
                "coordinates": [
                    -78.9437,
                    37.9409
                ]
            },
            "properties": {
                "id": "269",
                "storm_start_date": "1993-03-03T00:00:00Z",
                "aorc:statistics": {
                    "min": 1.29,
                    "mean": 2.55,
                    "max": 5.32,
                    "units": "inches"
                },
                "season": "Spring"
            }
        },
        {
            "type": "Feature",
            "geometry": {
                "type": "Point",
                "coordinates": [
                    -84.8185,
                    36.866
                ]
            },
            "properties": {
                "id": "304",
                "storm_start_date": "2002-09-25T00:00:00Z",
                "aorc:statistics": {
                    "min": 0.38,
                    "mean": 2.44,
                    "max": 5.22,
                    "units": "inches"
                },
                "season": "Autumn"
            }
        },
        {
            "type": "Feature",
            "geometry": {
                "type": "Point",
                "coordinates": [
                    -81.8103,
                    35.2827
                ]
            },
            "properties": {
                "id": "77",
                "storm_start_date": "2003-03-18T00:00:00Z",
                "aorc:statistics": {
                    "min": 0.68,
                    "mean": 3.7,
                    "max": 6.4,
                    "units": "inches"
                },
                "season": "Spring"
            }
        },
        {
            "type": "Feature",
            "geometry": {
                "type": "Point",
                "coordinates": [
                    -85.0518,
                    36.991
                ]
            },
            "properties": {
                "id": "293",
                "storm_start_date": "1981-05-18T00:00:00Z",
                "aorc:statistics": {
                    "min": 1.06,
                    "mean": 2.48,
                    "max": 4.41,
                    "units": "inches"
                },
                "season": "Spring"
            }
        },
        {
            "type": "Feature",
            "geometry": {
                "type": "Point",
                "coordinates": [
                    -81.3603,
                    34.4328
                ]
            },
            "properties": {
                "id": "252",
                "storm_start_date": "2005-06-01T00:00:00Z",
                "aorc:statistics": {
                    "min": 0.53,
                    "mean": 2.61,
                    "max": 6.81,
                    "units": "inches"
                },
                "season": "Summer"
            }
        },
        {
            "type": "Feature",
            "geometry": {
                "type": "Point",
                "coordinates": [
                    -82.9435,
                    35.2327
                ]
            },
            "properties": {
                "id": "20",
                "storm_start_date": "2021-08-15T00:00:00Z",
                "aorc:statistics": {
                    "min": 1.46,
                    "mean": 4.95,
                    "max": 14.83,
                    "units": "inches"
                },
                "season": "Summer"
            }
        },
        {
            "type": "Feature",
            "geometry": {
                "type": "Point",
                "coordinates": [
                    -83.8352,
                    35.866
                ]
            },
            "properties": {
                "id": "300",
                "storm_start_date": "2019-07-21T00:00:00Z",
                "aorc:statistics": {
                    "min": 0.73,
                    "mean": 2.45,
                    "max": 5.37,
                    "units": "inches"
                },
                "season": "Summer"
            }
        },
        {
            "type": "Feature",
            "geometry": {
                "type": "Point",
                "coordinates": [
                    -84.9935,
                    33.2245
                ]
            },
            "properties": {
                "id": "205",
                "storm_start_date": "2010-03-10T00:00:00Z",
                "aorc:statistics": {
                    "min": 0.62,
                    "mean": 2.77,
                    "max": 5.47,
                    "units": "inches"
                },
                "season": "Spring"
            }
        },
        {
            "type": "Feature",
            "geometry": {
                "type": "Point",
                "coordinates": [
                    -79.402,
                    37.5326
                ]
            },
            "properties": {
                "id": "367",
                "storm_start_date": "2022-11-11T00:00:00Z",
                "aorc:statistics": {
                    "min": 0.83,
                    "mean": 2.3,
                    "max": 5.45,
                    "units": "inches"
                },
                "season": "Autumn"
            }
        },
        {
            "type": "Feature",
            "geometry": {
                "type": "Point",
                "coordinates": [
                    -79.802,
                    35.3994
                ]
            },
            "properties": {
                "id": "23",
                "storm_start_date": "2018-09-15T00:00:00Z",
                "aorc:statistics": {
                    "min": 0.32,
                    "mean": 4.84,
                    "max": 17.3,
                    "units": "inches"
                },
                "season": "Autumn"
            }
        },
        {
            "type": "Feature",
            "geometry": {
                "type": "Point",
                "coordinates": [
                    -85.0685,
                    34.3078
                ]
            },
            "properties": {
                "id": "178",
                "storm_start_date": "2017-01-21T00:00:00Z",
                "aorc:statistics": {
                    "min": 1.43,
                    "mean": 2.9,
                    "max": 5.97,
                    "units": "inches"
                },
                "season": "Winter"
            }
        },
        {
            "type": "Feature",
            "geometry": {
                "type": "Point",
                "coordinates": [
                    -84.2602,
                    33.8411
                ]
            },
            "properties": {
                "id": "223",
                "storm_start_date": "2017-01-01T00:00:00Z",
                "aorc:statistics": {
                    "min": 1.19,
                    "mean": 2.69,
                    "max": 6.76,
                    "units": "inches"
                },
                "season": "Winter"
            }
        },
        {
            "type": "Feature",
            "geometry": {
                "type": "Point",
                "coordinates": [
                    -83.4935,
                    35.0661
                ]
            },
            "properties": {
                "id": "317",
                "storm_start_date": "1993-11-25T00:00:00Z",
                "aorc:statistics": {
                    "min": 0.82,
                    "mean": 2.41,
                    "max": 5.62,
                    "units": "inches"
                },
                "season": "Autumn"
            }
        },
        {
            "type": "Feature",
            "geometry": {
                "type": "Point",
                "coordinates": [
                    -84.3435,
                    36.116
                ]
            },
            "properties": {
                "id": "369",
                "storm_start_date": "1986-12-08T00:00:00Z",
                "aorc:statistics": {
                    "min": 0.7,
                    "mean": 2.29,
                    "max": 4.97,
                    "units": "inches"
                },
                "season": "Winter"
            }
        },
        {
            "type": "Feature",
            "geometry": {
                "type": "Point",
                "coordinates": [
                    -84.6601,
                    36.2743
                ]
            },
            "properties": {
                "id": "433",
                "storm_start_date": "2003-09-02T00:00:00Z",
                "aorc:statistics": {
                    "min": 0.15,
                    "mean": 2.12,
                    "max": 6.06,
                    "units": "inches"
                },
                "season": "Autumn"
            }
        },
        {
            "type": "Feature",
            "geometry": {
                "type": "Point",
                "coordinates": [
                    -83.6685,
                    35.816
                ]
            },
            "properties": {
                "id": "444",
                "storm_start_date": "2004-12-09T00:00:00Z",
                "aorc:statistics": {
                    "min": 0.78,
                    "mean": 2.11,
                    "max": 4.06,
                    "units": "inches"
                },
                "season": "Winter"
            }
        },
        {
            "type": "Feature",
            "geometry": {
                "type": "Point",
                "coordinates": [
                    -85.7684,
                    36.4827
                ]
            },
            "properties": {
                "id": "266",
                "storm_start_date": "2018-06-25T00:00:00Z",
                "aorc:statistics": {
                    "min": 0.2,
                    "mean": 2.56,
                    "max": 6.43,
                    "units": "inches"
                },
                "season": "Summer"
            }
        },
        {
            "type": "Feature",
            "geometry": {
                "type": "Point",
                "coordinates": [
                    -81.077,
                    36.9077
                ]
            },
            "properties": {
                "id": "411",
                "storm_start_date": "2001-05-20T00:00:00Z",
                "aorc:statistics": {
                    "min": 0.98,
                    "mean": 2.18,
                    "max": 3.96,
                    "units": "inches"
                },
                "season": "Spring"
            }
        },
        {
            "type": "Feature",
            "geometry": {
                "type": "Point",
                "coordinates": [
                    -84.0102,
                    35.2411
                ]
            },
            "properties": {
                "id": "52",
                "storm_start_date": "2009-01-05T00:00:00Z",
                "aorc:statistics": {
                    "min": 1.43,
                    "mean": 4.05,
                    "max": 8.94,
                    "units": "inches"
                },
                "season": "Winter"
            }
        },
        {
            "type": "Feature",
            "geometry": {
                "type": "Point",
                "coordinates": [
                    -83.0019,
                    33.5828
                ]
            },
            "properties": {
                "id": "93",
                "storm_start_date": "2009-02-27T00:00:00Z",
                "aorc:statistics": {
                    "min": 1.75,
                    "mean": 3.49,
                    "max": 5.61,
                    "units": "inches"
                },
                "season": "Winter"
            }
        },
        {
            "type": "Feature",
            "geometry": {
                "type": "Point",
                "coordinates": [
                    -84.0685,
                    34.6577
                ]
            },
            "properties": {
                "id": "112",
                "storm_start_date": "1986-10-24T00:00:00Z",
                "aorc:statistics": {
                    "min": 1.08,
                    "mean": 3.35,
                    "max": 6.32,
                    "units": "inches"
                },
                "season": "Autumn"
            }
        },
        {
            "type": "Feature",
            "geometry": {
                "type": "Point",
                "coordinates": [
                    -80.402,
                    34.6827
                ]
            },
            "properties": {
                "id": "90",
                "storm_start_date": "1990-10-21T00:00:00Z",
                "aorc:statistics": {
                    "min": 1.18,
                    "mean": 3.51,
                    "max": 6.25,
                    "units": "inches"
                },
                "season": "Autumn"
            }
        },
        {
            "type": "Feature",
            "geometry": {
                "type": "Point",
                "coordinates": [
                    -83.4852,
                    35.0661
                ]
            },
            "properties": {
                "id": "234",
                "storm_start_date": "2004-11-02T00:00:00Z",
                "aorc:statistics": {
                    "min": 0.73,
                    "mean": 2.65,
                    "max": 7.16,
                    "units": "inches"
                },
                "season": "Autumn"
            }
        },
        {
            "type": "Feature",
            "geometry": {
                "type": "Point",
                "coordinates": [
                    -85.7351,
                    36.341
                ]
            },
            "properties": {
                "id": "94",
                "storm_start_date": "2021-03-26T00:00:00Z",
                "aorc:statistics": {
                    "min": 1.44,
                    "mean": 3.48,
                    "max": 8.35,
                    "units": "inches"
                },
                "season": "Spring"
            }
        },
        {
            "type": "Feature",
            "geometry": {
                "type": "Point",
                "coordinates": [
                    -82.3019,
                    35.1827
                ]
            },
            "properties": {
                "id": "61",
                "storm_start_date": "2003-06-30T00:00:00Z",
                "aorc:statistics": {
                    "min": 1.4,
                    "mean": 3.87,
                    "max": 10.35,
                    "units": "inches"
                },
                "season": "Summer"
            }
        },
        {
            "type": "Feature",
            "geometry": {
                "type": "Point",
                "coordinates": [
                    -83.9935,
                    35.3161
                ]
            },
            "properties": {
                "id": "365",
                "storm_start_date": "1998-06-04T00:00:00Z",
                "aorc:statistics": {
                    "min": 0.62,
                    "mean": 2.32,
                    "max": 7.57,
                    "units": "inches"
                },
                "season": "Summer"
            }
        },
        {
            "type": "Feature",
            "geometry": {
                "type": "Point",
                "coordinates": [
                    -80.3687,
                    36.7577
                ]
            },
            "properties": {
                "id": "337",
                "storm_start_date": "2003-06-07T00:00:00Z",
                "aorc:statistics": {
                    "min": 0.79,
                    "mean": 2.37,
                    "max": 6.38,
                    "units": "inches"
                },
                "season": "Summer"
            }
        },
        {
            "type": "Feature",
            "geometry": {
                "type": "Point",
                "coordinates": [
                    -83.8102,
                    33.4245
                ]
            },
            "properties": {
                "id": "493",
                "storm_start_date": "1983-11-13T00:00:00Z",
                "aorc:statistics": {
                    "min": 0.8,
                    "mean": 2.02,
                    "max": 3.31,
                    "units": "inches"
                },
                "season": "Autumn"
            }
        },
        {
            "type": "Feature",
            "geometry": {
                "type": "Point",
                "coordinates": [
                    -83.5602,
                    35.2244
                ]
            },
            "properties": {
                "id": "72",
                "storm_start_date": "2013-12-21T00:00:00Z",
                "aorc:statistics": {
                    "min": 1.72,
                    "mean": 3.73,
                    "max": 6.99,
                    "units": "inches"
                },
                "season": "Winter"
            }
        },
        {
            "type": "Feature",
            "geometry": {
                "type": "Point",
                "coordinates": [
                    -83.8768,
                    35.5244
                ]
            },
            "properties": {
                "id": "164",
                "storm_start_date": "1990-07-12T00:00:00Z",
                "aorc:statistics": {
                    "min": 1.0,
                    "mean": 2.98,
                    "max": 7.91,
                    "units": "inches"
                },
                "season": "Summer"
            }
        },
        {
            "type": "Feature",
            "geometry": {
                "type": "Point",
                "coordinates": [
                    -83.4852,
                    35.0661
                ]
            },
            "properties": {
                "id": "103",
                "storm_start_date": "2000-11-07T00:00:00Z",
                "aorc:statistics": {
                    "min": 1.11,
                    "mean": 3.41,
                    "max": 8.41,
                    "units": "inches"
                },
                "season": "Autumn"
            }
        },
        {
            "type": "Feature",
            "geometry": {
                "type": "Point",
                "coordinates": [
                    -82.6769,
                    35.0994
                ]
            },
            "properties": {
                "id": "382",
                "storm_start_date": "2014-05-13T00:00:00Z",
                "aorc:statistics": {
                    "min": 0.61,
                    "mean": 2.26,
                    "max": 6.35,
                    "units": "inches"
                },
                "season": "Spring"
            }
        },
        {
            "type": "Feature",
            "geometry": {
                "type": "Point",
                "coordinates": [
                    -78.9437,
                    37.9409
                ]
            },
            "properties": {
                "id": "210",
                "storm_start_date": "2006-08-30T00:00:00Z",
                "aorc:statistics": {
                    "min": 0.2,
                    "mean": 2.75,
                    "max": 9.64,
                    "units": "inches"
                },
                "season": "Summer"
            }
        },
        {
            "type": "Feature",
            "geometry": {
                "type": "Point",
                "coordinates": [
                    -85.1518,
                    36.2743
                ]
            },
            "properties": {
                "id": "339",
                "storm_start_date": "2000-12-14T00:00:00Z",
                "aorc:statistics": {
                    "min": 0.6,
                    "mean": 2.37,
                    "max": 4.63,
                    "units": "inches"
                },
                "season": "Winter"
            }
        },
        {
            "type": "Feature",
            "geometry": {
                "type": "Point",
                "coordinates": [
                    -84.8435,
                    33.4328
                ]
            },
            "properties": {
                "id": "446",
                "storm_start_date": "1990-01-24T00:00:00Z",
                "aorc:statistics": {
                    "min": 0.76,
                    "mean": 2.11,
                    "max": 3.47,
                    "units": "inches"
                },
                "season": "Winter"
            }
        },
        {
            "type": "Feature",
            "geometry": {
                "type": "Point",
                "coordinates": [
                    -81.5353,
                    33.9078
                ]
            },
            "properties": {
                "id": "372",
                "storm_start_date": "2004-08-12T00:00:00Z",
                "aorc:statistics": {
                    "min": 0.41,
                    "mean": 2.29,
                    "max": 7.34,
                    "units": "inches"
                },
                "season": "Summer"
            }
        },
        {
            "type": "Feature",
            "geometry": {
                "type": "Point",
                "coordinates": [
                    -82.9769,
                    36.891
                ]
            },
            "properties": {
                "id": "101",
                "storm_start_date": "1987-12-25T00:00:00Z",
                "aorc:statistics": {
                    "min": 1.25,
                    "mean": 3.42,
                    "max": 5.93,
                    "units": "inches"
                },
                "season": "Winter"
            }
        },
        {
            "type": "Feature",
            "geometry": {
                "type": "Point",
                "coordinates": [
                    -84.5018,
                    36.191
                ]
            },
            "properties": {
                "id": "368",
                "storm_start_date": "2011-02-24T00:00:00Z",
                "aorc:statistics": {
                    "min": 0.93,
                    "mean": 2.3,
                    "max": 4.74,
                    "units": "inches"
                },
                "season": "Winter"
            }
        },
        {
            "type": "Feature",
            "geometry": {
                "type": "Point",
                "coordinates": [
                    -80.952,
                    36.516
                ]
            },
            "properties": {
                "id": "34",
                "storm_start_date": "2018-10-09T00:00:00Z",
                "aorc:statistics": {
                    "min": 1.3,
                    "mean": 4.4,
                    "max": 10.09,
                    "units": "inches"
                },
                "season": "Autumn"
            }
        },
        {
            "type": "Feature",
            "geometry": {
                "type": "Point",
                "coordinates": [
                    -85.1518,
                    36.891
                ]
            },
            "properties": {
                "id": "95",
                "storm_start_date": "2025-02-15T00:00:00Z",
                "aorc:statistics": {
                    "min": 0.71,
                    "mean": 3.48,
                    "max": 6.18,
                    "units": "inches"
                },
                "season": "Winter"
            }
        },
        {
            "type": "Feature",
            "geometry": {
                "type": "Point",
                "coordinates": [
                    -79.7687,
                    36.7327
                ]
            },
            "properties": {
                "id": "346",
                "storm_start_date": "2019-10-20T00:00:00Z",
                "aorc:statistics": {
                    "min": 1.21,
                    "mean": 2.35,
                    "max": 4.5,
                    "units": "inches"
                },
                "season": "Autumn"
            }
        },
        {
            "type": "Feature",
            "geometry": {
                "type": "Point",
                "coordinates": [
                    -84.2185,
                    34.2161
                ]
            },
            "properties": {
                "id": "237",
                "storm_start_date": "2003-03-05T00:00:00Z",
                "aorc:statistics": {
                    "min": 0.67,
                    "mean": 2.64,
                    "max": 4.58,
                    "units": "inches"
                },
                "season": "Spring"
            }
        },
        {
            "type": "Feature",
            "geometry": {
                "type": "Point",
                "coordinates": [
                    -84.6935,
                    33.2161
                ]
            },
            "properties": {
                "id": "460",
                "storm_start_date": "2020-04-18T00:00:00Z",
                "aorc:statistics": {
                    "min": 0.63,
                    "mean": 2.08,
                    "max": 4.62,
                    "units": "inches"
                },
                "season": "Spring"
            }
        },
        {
            "type": "Feature",
            "geometry": {
                "type": "Point",
                "coordinates": [
                    -83.4185,
                    34.8411
                ]
            },
            "properties": {
                "id": "108",
                "storm_start_date": "2022-02-02T00:00:00Z",
                "aorc:statistics": {
                    "min": 1.29,
                    "mean": 3.39,
                    "max": 7.7,
                    "units": "inches"
                },
                "season": "Winter"
            }
        },
        {
            "type": "Feature",
            "geometry": {
                "type": "Point",
                "coordinates": [
                    -82.8519,
                    35.1244
                ]
            },
            "properties": {
                "id": "355",
                "storm_start_date": "2023-12-09T00:00:00Z",
                "aorc:statistics": {
                    "min": 1.04,
                    "mean": 2.33,
                    "max": 4.77,
                    "units": "inches"
                },
                "season": "Winter"
            }
        },
        {
            "type": "Feature",
            "geometry": {
                "type": "Point",
                "coordinates": [
                    -84.1852,
                    32.9078
                ]
            },
            "properties": {
                "id": "282",
                "storm_start_date": "1994-07-04T00:00:00Z",
                "aorc:statistics": {
                    "min": 0.1,
                    "mean": 2.51,
                    "max": 10.82,
                    "units": "inches"
                },
                "season": "Summer"
            }
        },
        {
            "type": "Feature",
            "geometry": {
                "type": "Point",
                "coordinates": [
                    -85.2351,
                    33.2745
                ]
            },
            "properties": {
                "id": "238",
                "storm_start_date": "1988-09-03T00:00:00Z",
                "aorc:statistics": {
                    "min": 1.0,
                    "mean": 2.64,
                    "max": 6.6,
                    "units": "inches"
                },
                "season": "Autumn"
            }
        },
        {
            "type": "Feature",
            "geometry": {
                "type": "Point",
                "coordinates": [
                    -85.3685,
                    34.2661
                ]
            },
            "properties": {
                "id": "430",
                "storm_start_date": "2022-11-29T00:00:00Z",
                "aorc:statistics": {
                    "min": 0.58,
                    "mean": 2.12,
                    "max": 3.45,
                    "units": "inches"
                },
                "season": "Autumn"
            }
        },
        {
            "type": "Feature",
            "geometry": {
                "type": "Point",
                "coordinates": [
                    -83.6519,
                    37.1493
                ]
            },
            "properties": {
                "id": "447",
                "storm_start_date": "2022-05-05T00:00:00Z",
                "aorc:statistics": {
                    "min": 0.35,
                    "mean": 2.1,
                    "max": 3.83,
                    "units": "inches"
                },
                "season": "Spring"
            }
        },
        {
            "type": "Feature",
            "geometry": {
                "type": "Point",
                "coordinates": [
                    -81.8186,
                    36.1077
                ]
            },
            "properties": {
                "id": "53",
                "storm_start_date": "2013-05-04T00:00:00Z",
                "aorc:statistics": {
                    "min": 0.83,
                    "mean": 3.99,
                    "max": 10.58,
                    "units": "inches"
                },
                "season": "Spring"
            }
        },
        {
            "type": "Feature",
            "geometry": {
                "type": "Point",
                "coordinates": [
                    -85.8434,
                    36.7743
                ]
            },
            "properties": {
                "id": "420",
                "storm_start_date": "2016-07-05T00:00:00Z",
                "aorc:statistics": {
                    "min": 0.4,
                    "mean": 2.15,
                    "max": 5.92,
                    "units": "inches"
                },
                "season": "Summer"
            }
        },
        {
            "type": "Feature",
            "geometry": {
                "type": "Point",
                "coordinates": [
                    -85.6101,
                    36.7493
                ]
            },
            "properties": {
                "id": "437",
                "storm_start_date": "2012-12-08T00:00:00Z",
                "aorc:statistics": {
                    "min": 0.63,
                    "mean": 2.11,
                    "max": 4.51,
                    "units": "inches"
                },
                "season": "Winter"
            }
        },
        {
            "type": "Feature",
            "geometry": {
                "type": "Point",
                "coordinates": [
                    -83.0602,
                    34.7244
                ]
            },
            "properties": {
                "id": "483",
                "storm_start_date": "1985-10-21T00:00:00Z",
                "aorc:statistics": {
                    "min": 0.35,
                    "mean": 2.04,
                    "max": 4.1,
                    "units": "inches"
                },
                "season": "Autumn"
            }
        },
        {
            "type": "Feature",
            "geometry": {
                "type": "Point",
                "coordinates": [
                    -82.2686,
                    35.2327
                ]
            },
            "properties": {
                "id": "10",
                "storm_start_date": "2023-06-19T00:00:00Z",
                "aorc:statistics": {
                    "min": 0.74,
                    "mean": 3.26,
                    "max": 10.15,
                    "units": "inches"
                },
                "season": "Summer"
            }
        },
        {
            "type": "Feature",
            "geometry": {
                "type": "Point",
                "coordinates": [
                    -84.4102,
                    34.5411
                ]
            },
            "properties": {
                "id": "371",
                "storm_start_date": "2012-03-01T00:00:00Z",
                "aorc:statistics": {
                    "min": 0.53,
                    "mean": 2.29,
                    "max": 4.48,
                    "units": "inches"
                },
                "season": "Spring"
            }
        },
        {
            "type": "Feature",
            "geometry": {
                "type": "Point",
                "coordinates": [
                    -84.6268,
                    37.091
                ]
            },
            "properties": {
                "id": "58",
                "storm_start_date": "2010-05-01T00:00:00Z",
                "aorc:statistics": {
                    "min": 1.41,
                    "mean": 3.9,
                    "max": 9.11,
                    "units": "inches"
                },
                "season": "Spring"
            }
        },
        {
            "type": "Feature",
            "geometry": {
                "type": "Point",
                "coordinates": [
                    -85.0435,
                    37.2493
                ]
            },
            "properties": {
                "id": "458",
                "storm_start_date": "2015-04-13T00:00:00Z",
                "aorc:statistics": {
                    "min": 0.5,
                    "mean": 2.09,
                    "max": 4.85,
                    "units": "inches"
                },
                "season": "Spring"
            }
        },
        {
            "type": "Feature",
            "geometry": {
                "type": "Point",
                "coordinates": [
                    -81.9519,
                    33.5495
                ]
            },
            "properties": {
                "id": "316",
                "storm_start_date": "2019-12-13T00:00:00Z",
                "aorc:statistics": {
                    "min": 0.31,
                    "mean": 2.41,
                    "max": 6.76,
                    "units": "inches"
                },
                "season": "Winter"
            }
        },
        {
            "type": "Feature",
            "geometry": {
                "type": "Point",
                "coordinates": [
                    -82.1519,
                    35.4744
                ]
            },
            "properties": {
                "id": "144",
                "storm_start_date": "2017-10-08T00:00:00Z",
                "aorc:statistics": {
                    "min": 0.74,
                    "mean": 3.13,
                    "max": 8.3,
                    "units": "inches"
                },
                "season": "Autumn"
            }
        },
        {
            "type": "Feature",
            "geometry": {
                "type": "Point",
                "coordinates": [
                    -82.8769,
                    35.3244
                ]
            },
            "properties": {
                "id": "75",
                "storm_start_date": "2013-11-25T00:00:00Z",
                "aorc:statistics": {
                    "min": 1.94,
                    "mean": 3.72,
                    "max": 7.7,
                    "units": "inches"
                },
                "season": "Autumn"
            }
        },
        {
            "type": "Feature",
            "geometry": {
                "type": "Point",
                "coordinates": [
                    -84.4352,
                    32.9661
                ]
            },
            "properties": {
                "id": "48",
                "storm_start_date": "2009-11-09T00:00:00Z",
                "aorc:statistics": {
                    "min": 1.61,
                    "mean": 4.13,
                    "max": 6.4,
                    "units": "inches"
                },
                "season": "Autumn"
            }
        },
        {
            "type": "Feature",
            "geometry": {
                "type": "Point",
                "coordinates": [
                    -82.0853,
                    33.6578
                ]
            },
            "properties": {
                "id": "274",
                "storm_start_date": "1985-10-01T00:00:00Z",
                "aorc:statistics": {
                    "min": 0.81,
                    "mean": 2.54,
                    "max": 5.77,
                    "units": "inches"
                },
                "season": "Autumn"
            }
        },
        {
            "type": "Feature",
            "geometry": {
                "type": "Point",
                "coordinates": [
                    -84.3435,
                    36.116
                ]
            },
            "properties": {
                "id": "403",
                "storm_start_date": "1998-12-07T00:00:00Z",
                "aorc:statistics": {
                    "min": 1.02,
                    "mean": 2.21,
                    "max": 3.98,
                    "units": "inches"
                },
                "season": "Winter"
            }
        },
        {
            "type": "Feature",
            "geometry": {
                "type": "Point",
                "coordinates": [
                    -85.2768,
                    33.5078
                ]
            },
            "properties": {
                "id": "427",
                "storm_start_date": "2025-05-25T00:00:00Z",
                "aorc:statistics": {
                    "min": 0.59,
                    "mean": 2.13,
                    "max": 6.52,
                    "units": "inches"
                },
                "season": "Spring"
            }
        },
        {
            "type": "Feature",
            "geometry": {
                "type": "Point",
                "coordinates": [
                    -85.0185,
                    33.9994
                ]
            },
            "properties": {
                "id": "480",
                "storm_start_date": "2019-12-21T00:00:00Z",
                "aorc:statistics": {
                    "min": 0.87,
                    "mean": 2.04,
                    "max": 4.35,
                    "units": "inches"
                },
                "season": "Winter"
            }
        },
        {
            "type": "Feature",
            "geometry": {
                "type": "Point",
                "coordinates": [
                    -82.0853,
                    34.7661
                ]
            },
            "properties": {
                "id": "177",
                "storm_start_date": "1981-10-25T00:00:00Z",
                "aorc:statistics": {
                    "min": 0.74,
                    "mean": 2.92,
                    "max": 4.83,
                    "units": "inches"
                },
                "season": "Autumn"
            }
        },
        {
            "type": "Feature",
            "geometry": {
                "type": "Point",
                "coordinates": [
                    -83.7685,
                    35.7577
                ]
            },
            "properties": {
                "id": "187",
                "storm_start_date": "1999-07-10T00:00:00Z",
                "aorc:statistics": {
                    "min": 0.91,
                    "mean": 2.87,
                    "max": 7.08,
                    "units": "inches"
                },
                "season": "Summer"
            }
        },
        {
            "type": "Feature",
            "geometry": {
                "type": "Point",
                "coordinates": [
                    -84.4435,
                    36.1494
                ]
            },
            "properties": {
                "id": "82",
                "storm_start_date": "1990-12-21T00:00:00Z",
                "aorc:statistics": {
                    "min": 1.07,
                    "mean": 3.65,
                    "max": 8.64,
                    "units": "inches"
                },
                "season": "Winter"
            }
        },
        {
            "type": "Feature",
            "geometry": {
                "type": "Point",
                "coordinates": [
                    -84.0685,
                    34.6577
                ]
            },
            "properties": {
                "id": "272",
                "storm_start_date": "1980-03-07T00:00:00Z",
                "aorc:statistics": {
                    "min": 0.78,
                    "mean": 2.55,
                    "max": 4.27,
                    "units": "inches"
                },
                "season": "Spring"
            }
        },
        {
            "type": "Feature",
            "geometry": {
                "type": "Point",
                "coordinates": [
                    -84.0102,
                    35.2411
                ]
            },
            "properties": {
                "id": "18",
                "storm_start_date": "1994-03-27T00:00:00Z",
                "aorc:statistics": {
                    "min": 2.09,
                    "mean": 5.08,
                    "max": 9.97,
                    "units": "inches"
                },
                "season": "Spring"
            }
        },
        {
            "type": "Feature",
            "geometry": {
                "type": "Point",
                "coordinates": [
                    -82.8852,
                    35.3244
                ]
            },
            "properties": {
                "id": "179",
                "storm_start_date": "2010-10-25T00:00:00Z",
                "aorc:statistics": {
                    "min": 0.41,
                    "mean": 2.9,
                    "max": 8.4,
                    "units": "inches"
                },
                "season": "Autumn"
            }
        },
        {
            "type": "Feature",
            "geometry": {
                "type": "Point",
                "coordinates": [
                    -80.6853,
                    36.641
                ]
            },
            "properties": {
                "id": "40",
                "storm_start_date": "2013-07-02T00:00:00Z",
                "aorc:statistics": {
                    "min": 0.98,
                    "mean": 4.3,
                    "max": 11.49,
                    "units": "inches"
                },
                "season": "Summer"
            }
        },
        {
            "type": "Feature",
            "geometry": {
                "type": "Point",
                "coordinates": [
                    -81.8353,
                    33.6995
                ]
            },
            "properties": {
                "id": "254",
                "storm_start_date": "1991-03-02T00:00:00Z",
                "aorc:statistics": {
                    "min": 1.07,
                    "mean": 2.6,
                    "max": 4.19,
                    "units": "inches"
                },
                "season": "Spring"
            }
        },
        {
            "type": "Feature",
            "geometry": {
                "type": "Point",
                "coordinates": [
                    -82.8686,
                    36.9327
                ]
            },
            "properties": {
                "id": "141",
                "storm_start_date": "2009-09-25T00:00:00Z",
                "aorc:statistics": {
                    "min": 0.7,
                    "mean": 3.13,
                    "max": 9.0,
                    "units": "inches"
                },
                "season": "Autumn"
            }
        },
        {
            "type": "Feature",
            "geometry": {
                "type": "Point",
                "coordinates": [
                    -84.0435,
                    36.241
                ]
            },
            "properties": {
                "id": "358",
                "storm_start_date": "2019-02-06T00:00:00Z",
                "aorc:statistics": {
                    "min": 0.4,
                    "mean": 2.33,
                    "max": 4.73,
                    "units": "inches"
                },
                "season": "Winter"
            }
        },
        {
            "type": "Feature",
            "geometry": {
                "type": "Point",
                "coordinates": [
                    -83.8435,
                    34.2828
                ]
            },
            "properties": {
                "id": "154",
                "storm_start_date": "1980-06-23T00:00:00Z",
                "aorc:statistics": {
                    "min": 0.5,
                    "mean": 3.04,
                    "max": 6.92,
                    "units": "inches"
                },
                "season": "Summer"
            }
        },
        {
            "type": "Feature",
            "geometry": {
                "type": "Point",
                "coordinates": [
                    -80.4686,
                    35.8494
                ]
            },
            "properties": {
                "id": "308",
                "storm_start_date": "1990-05-27T00:00:00Z",
                "aorc:statistics": {
                    "min": 1.05,
                    "mean": 2.44,
                    "max": 4.88,
                    "units": "inches"
                },
                "season": "Spring"
            }
        },
        {
            "type": "Feature",
            "geometry": {
                "type": "Point",
                "coordinates": [
                    -84.4435,
                    36.1494
                ]
            },
            "properties": {
                "id": "21",
                "storm_start_date": "1991-12-01T00:00:00Z",
                "aorc:statistics": {
                    "min": 1.68,
                    "mean": 4.93,
                    "max": 9.41,
                    "units": "inches"
                },
                "season": "Winter"
            }
        },
        {
            "type": "Feature",
            "geometry": {
                "type": "Point",
                "coordinates": [
                    -82.6769,
                    35.1161
                ]
            },
            "properties": {
                "id": "461",
                "storm_start_date": "1984-03-27T00:00:00Z",
                "aorc:statistics": {
                    "min": 0.86,
                    "mean": 2.08,
                    "max": 2.97,
                    "units": "inches"
                },
                "season": "Spring"
            }
        },
        {
            "type": "Feature",
            "geometry": {
                "type": "Point",
                "coordinates": [
                    -78.9437,
                    37.9409
                ]
            },
            "properties": {
                "id": "92",
                "storm_start_date": "1996-09-04T00:00:00Z",
                "aorc:statistics": {
                    "min": 0.14,
                    "mean": 3.49,
                    "max": 12.26,
                    "units": "inches"
                },
                "season": "Autumn"
            }
        },
        {
            "type": "Feature",
            "geometry": {
                "type": "Point",
                "coordinates": [
                    -82.9935,
                    35.0577
                ]
            },
            "properties": {
                "id": "497",
                "storm_start_date": "1992-03-05T00:00:00Z",
                "aorc:statistics": {
                    "min": 0.82,
                    "mean": 2.02,
                    "max": 3.9,
                    "units": "inches"
                },
                "season": "Spring"
            }
        },
        {
            "type": "Feature",
            "geometry": {
                "type": "Point",
                "coordinates": [
                    -83.9852,
                    35.1827
                ]
            },
            "properties": {
                "id": "193",
                "storm_start_date": "2002-09-20T00:00:00Z",
                "aorc:statistics": {
                    "min": 0.43,
                    "mean": 2.84,
                    "max": 8.07,
                    "units": "inches"
                },
                "season": "Autumn"
            }
        },
        {
            "type": "Feature",
            "geometry": {
                "type": "Point",
                "coordinates": [
                    -83.4935,
                    35.0661
                ]
            },
            "properties": {
                "id": "353",
                "storm_start_date": "1983-01-31T00:00:00Z",
                "aorc:statistics": {
                    "min": 0.9,
                    "mean": 2.34,
                    "max": 7.15,
                    "units": "inches"
                },
                "season": "Winter"
            }
        },
        {
            "type": "Feature",
            "geometry": {
                "type": "Point",
                "coordinates": [
                    -81.8853,
                    37.291
                ]
            },
            "properties": {
                "id": "364",
                "storm_start_date": "2014-10-06T00:00:00Z",
                "aorc:statistics": {
                    "min": 0.81,
                    "mean": 2.32,
                    "max": 4.41,
                    "units": "inches"
                },
                "season": "Autumn"
            }
        },
        {
            "type": "Feature",
            "geometry": {
                "type": "Point",
                "coordinates": [
                    -81.6769,
                    35.466
                ]
            },
            "properties": {
                "id": "318",
                "storm_start_date": "2006-08-10T00:00:00Z",
                "aorc:statistics": {
                    "min": 0.17,
                    "mean": 2.41,
                    "max": 8.14,
                    "units": "inches"
                },
                "season": "Summer"
            }
        },
        {
            "type": "Feature",
            "geometry": {
                "type": "Point",
                "coordinates": [
                    -85.1601,
                    34.2161
                ]
            },
            "properties": {
                "id": "314",
                "storm_start_date": "1992-08-12T00:00:00Z",
                "aorc:statistics": {
                    "min": 0.85,
                    "mean": 2.42,
                    "max": 5.84,
                    "units": "inches"
                },
                "season": "Summer"
            }
        },
        {
            "type": "Feature",
            "geometry": {
                "type": "Point",
                "coordinates": [
                    -81.7936,
                    36.141
                ]
            },
            "properties": {
                "id": "42",
                "storm_start_date": "2019-06-07T00:00:00Z",
                "aorc:statistics": {
                    "min": 0.46,
                    "mean": 4.26,
                    "max": 13.16,
                    "units": "inches"
                },
                "season": "Summer"
            }
        },
        {
            "type": "Feature",
            "geometry": {
                "type": "Point",
                "coordinates": [
                    -82.2769,
                    35.7577
                ]
            },
            "properties": {
                "id": "161",
                "storm_start_date": "1984-02-12T00:00:00Z",
                "aorc:statistics": {
                    "min": 0.86,
                    "mean": 2.99,
                    "max": 5.73,
                    "units": "inches"
                },
                "season": "Winter"
            }
        },
        {
            "type": "Feature",
            "geometry": {
                "type": "Point",
                "coordinates": [
                    -82.8936,
                    35.1411
                ]
            },
            "properties": {
                "id": "425",
                "storm_start_date": "2016-02-01T00:00:00Z",
                "aorc:statistics": {
                    "min": 1.04,
                    "mean": 2.14,
                    "max": 5.41,
                    "units": "inches"
                },
                "season": "Winter"
            }
        },
        {
            "type": "Feature",
            "geometry": {
                "type": "Point",
                "coordinates": [
                    -83.8518,
                    36.6327
                ]
            },
            "properties": {
                "id": "323",
                "storm_start_date": "1996-05-25T00:00:00Z",
                "aorc:statistics": {
                    "min": 0.85,
                    "mean": 2.4,
                    "max": 5.19,
                    "units": "inches"
                },
                "season": "Spring"
            }
        },
        {
            "type": "Feature",
            "geometry": {
                "type": "Point",
                "coordinates": [
                    -84.3018,
                    35.8994
                ]
            },
            "properties": {
                "id": "56",
                "storm_start_date": "2019-02-22T00:00:00Z",
                "aorc:statistics": {
                    "min": 1.66,
                    "mean": 3.94,
                    "max": 8.52,
                    "units": "inches"
                },
                "season": "Winter"
            }
        },
        {
            "type": "Feature",
            "geometry": {
                "type": "Point",
                "coordinates": [
                    -83.7185,
                    34.6577
                ]
            },
            "properties": {
                "id": "240",
                "storm_start_date": "1999-01-30T00:00:00Z",
                "aorc:statistics": {
                    "min": 1.4,
                    "mean": 2.64,
                    "max": 4.69,
                    "units": "inches"
                },
                "season": "Winter"
            }
        },
        {
            "type": "Feature",
            "geometry": {
                "type": "Point",
                "coordinates": [
                    -83.7935,
                    37.4743
                ]
            },
            "properties": {
                "id": "119",
                "storm_start_date": "2023-02-15T00:00:00Z",
                "aorc:statistics": {
                    "min": 1.3,
                    "mean": 3.27,
                    "max": 5.37,
                    "units": "inches"
                },
                "season": "Winter"
            }
        },
        {
            "type": "Feature",
            "geometry": {
                "type": "Point",
                "coordinates": [
                    -83.4852,
                    35.0661
                ]
            },
            "properties": {
                "id": "25",
                "storm_start_date": "2015-12-23T00:00:00Z",
                "aorc:statistics": {
                    "min": 1.87,
                    "mean": 4.7,
                    "max": 13.96,
                    "units": "inches"
                },
                "season": "Winter"
            }
        },
        {
            "type": "Feature",
            "geometry": {
                "type": "Point",
                "coordinates": [
                    -82.9852,
                    35.1411
                ]
            },
            "properties": {
                "id": "126",
                "storm_start_date": "2015-12-28T00:00:00Z",
                "aorc:statistics": {
                    "min": 1.17,
                    "mean": 3.21,
                    "max": 7.11,
                    "units": "inches"
                },
                "season": "Winter"
            }
        },
        {
            "type": "Feature",
            "geometry": {
                "type": "Point",
                "coordinates": [
                    -81.5686,
                    37.691
                ]
            },
            "properties": {
                "id": "310",
                "storm_start_date": "1980-07-08T00:00:00Z",
                "aorc:statistics": {
                    "min": 0.92,
                    "mean": 2.43,
                    "max": 5.81,
                    "units": "inches"
                },
                "season": "Summer"
            }
        },
        {
            "type": "Feature",
            "geometry": {
                "type": "Point",
                "coordinates": [
                    -82.9852,
                    35.1244
                ]
            },
            "properties": {
                "id": "137",
                "storm_start_date": "1980-04-12T00:00:00Z",
                "aorc:statistics": {
                    "min": 0.8,
                    "mean": 3.15,
                    "max": 7.21,
                    "units": "inches"
                },
                "season": "Spring"
            }
        },
        {
            "type": "Feature",
            "geometry": {
                "type": "Point",
                "coordinates": [
                    -83.4935,
                    35.0661
                ]
            },
            "properties": {
                "id": "340",
                "storm_start_date": "1989-02-26T00:00:00Z",
                "aorc:statistics": {
                    "min": 0.63,
                    "mean": 2.36,
                    "max": 5.08,
                    "units": "inches"
                },
                "season": "Winter"
            }
        },
        {
            "type": "Feature",
            "geometry": {
                "type": "Point",
                "coordinates": [
                    -83.7102,
                    35.3244
                ]
            },
            "properties": {
                "id": "168",
                "storm_start_date": "2021-08-30T00:00:00Z",
                "aorc:statistics": {
                    "min": 0.78,
                    "mean": 2.97,
                    "max": 8.56,
                    "units": "inches"
                },
                "season": "Summer"
            }
        },
        {
            "type": "Feature",
            "geometry": {
                "type": "Point",
                "coordinates": [
                    -82.6852,
                    35.1161
                ]
            },
            "properties": {
                "id": "60",
                "storm_start_date": "2010-11-29T00:00:00Z",
                "aorc:statistics": {
                    "min": 1.55,
                    "mean": 3.9,
                    "max": 9.88,
                    "units": "inches"
                },
                "season": "Autumn"
            }
        },
        {
            "type": "Feature",
            "geometry": {
                "type": "Point",
                "coordinates": [
                    -84.6518,
                    34.6161
                ]
            },
            "properties": {
                "id": "455",
                "storm_start_date": "2020-08-19T00:00:00Z",
                "aorc:statistics": {
                    "min": 0.39,
                    "mean": 2.09,
                    "max": 5.75,
                    "units": "inches"
                },
                "season": "Summer"
            }
        },
        {
            "type": "Feature",
            "geometry": {
                "type": "Point",
                "coordinates": [
                    -79.752,
                    38.0659
                ]
            },
            "properties": {
                "id": "396",
                "storm_start_date": "2016-09-28T00:00:00Z",
                "aorc:statistics": {
                    "min": 0.0,
                    "mean": 2.23,
                    "max": 10.21,
                    "units": "inches"
                },
                "season": "Autumn"
            }
        },
        {
            "type": "Feature",
            "geometry": {
                "type": "Point",
                "coordinates": [
                    -82.9685,
                    35.0994
                ]
            },
            "properties": {
                "id": "399",
                "storm_start_date": "1981-05-26T00:00:00Z",
                "aorc:statistics": {
                    "min": 0.63,
                    "mean": 2.21,
                    "max": 5.55,
                    "units": "inches"
                },
                "season": "Spring"
            }
        },
        {
            "type": "Feature",
            "geometry": {
                "type": "Point",
                "coordinates": [
                    -84.1602,
                    34.6577
                ]
            },
            "properties": {
                "id": "393",
                "storm_start_date": "1995-11-05T00:00:00Z",
                "aorc:statistics": {
                    "min": 1.09,
                    "mean": 2.23,
                    "max": 4.62,
                    "units": "inches"
                },
                "season": "Autumn"
            }
        },
        {
            "type": "Feature",
            "geometry": {
                "type": "Point",
                "coordinates": [
                    -83.5519,
                    35.1327
                ]
            },
            "properties": {
                "id": "487",
                "storm_start_date": "2006-01-17T00:00:00Z",
                "aorc:statistics": {
                    "min": 0.96,
                    "mean": 2.03,
                    "max": 4.75,
                    "units": "inches"
                },
                "season": "Winter"
            }
        },
        {
            "type": "Feature",
            "geometry": {
                "type": "Point",
                "coordinates": [
                    -79.5104,
                    37.516
                ]
            },
            "properties": {
                "id": "98",
                "storm_start_date": "1987-04-23T00:00:00Z",
                "aorc:statistics": {
                    "min": 0.76,
                    "mean": 3.46,
                    "max": 6.82,
                    "units": "inches"
                },
                "season": "Spring"
            }
        },
        {
            "type": "Feature",
            "geometry": {
                "type": "Point",
                "coordinates": [
                    -79.727,
                    36.4743
                ]
            },
            "properties": {
                "id": "307",
                "storm_start_date": "2010-05-15T00:00:00Z",
                "aorc:statistics": {
                    "min": 0.31,
                    "mean": 2.44,
                    "max": 4.61,
                    "units": "inches"
                },
                "season": "Spring"
            }
        },
        {
            "type": "Feature",
            "geometry": {
                "type": "Point",
                "coordinates": [
                    -84.5018,
                    34.8494
                ]
            },
            "properties": {
                "id": "64",
                "storm_start_date": "1990-02-15T00:00:00Z",
                "aorc:statistics": {
                    "min": 1.65,
                    "mean": 3.82,
                    "max": 8.83,
                    "units": "inches"
                },
                "season": "Winter"
            }
        },
        {
            "type": "Feature",
            "geometry": {
                "type": "Point",
                "coordinates": [
                    -82.7936,
                    35.3827
                ]
            },
            "properties": {
                "id": "217",
                "storm_start_date": "2012-12-24T00:00:00Z",
                "aorc:statistics": {
                    "min": 0.97,
                    "mean": 2.71,
                    "max": 5.96,
                    "units": "inches"
                },
                "season": "Winter"
            }
        },
        {
            "type": "Feature",
            "geometry": {
                "type": "Point",
                "coordinates": [
                    -79.602,
                    37.4326
                ]
            },
            "properties": {
                "id": "462",
                "storm_start_date": "1985-05-22T00:00:00Z",
                "aorc:statistics": {
                    "min": 0.67,
                    "mean": 2.08,
                    "max": 5.27,
                    "units": "inches"
                },
                "season": "Spring"
            }
        },
        {
            "type": "Feature",
            "geometry": {
                "type": "Point",
                "coordinates": [
                    -82.9352,
                    35.1494
                ]
            },
            "properties": {
                "id": "96",
                "storm_start_date": "2020-04-12T00:00:00Z",
                "aorc:statistics": {
                    "min": 1.88,
                    "mean": 3.47,
                    "max": 7.24,
                    "units": "inches"
                },
                "season": "Spring"
            }
        },
        {
            "type": "Feature",
            "geometry": {
                "type": "Point",
                "coordinates": [
                    -84.2435,
                    36.1827
                ]
            },
            "properties": {
                "id": "400",
                "storm_start_date": "2013-07-06T00:00:00Z",
                "aorc:statistics": {
                    "min": 0.2,
                    "mean": 2.21,
                    "max": 6.9,
                    "units": "inches"
                },
                "season": "Summer"
            }
        },
        {
            "type": "Feature",
            "geometry": {
                "type": "Point",
                "coordinates": [
                    -84.2352,
                    34.2994
                ]
            },
            "properties": {
                "id": "62",
                "storm_start_date": "2025-02-11T00:00:00Z",
                "aorc:statistics": {
                    "min": 1.96,
                    "mean": 3.84,
                    "max": 6.34,
                    "units": "inches"
                },
                "season": "Winter"
            }
        },
        {
            "type": "Feature",
            "geometry": {
                "type": "Point",
                "coordinates": [
                    -82.3019,
                    35.1911
                ]
            },
            "properties": {
                "id": "298",
                "storm_start_date": "2002-10-14T00:00:00Z",
                "aorc:statistics": {
                    "min": 0.1,
                    "mean": 2.46,
                    "max": 7.03,
                    "units": "inches"
                },
                "season": "Autumn"
            }
        },
        {
            "type": "Feature",
            "geometry": {
                "type": "Point",
                "coordinates": [
                    -84.6435,
                    33.5411
                ]
            },
            "properties": {
                "id": "67",
                "storm_start_date": "2005-07-10T00:00:00Z",
                "aorc:statistics": {
                    "min": 0.3,
                    "mean": 3.77,
                    "max": 9.96,
                    "units": "inches"
                },
                "season": "Summer"
            }
        },
        {
            "type": "Feature",
            "geometry": {
                "type": "Point",
                "coordinates": [
                    -83.9935,
                    33.0328
                ]
            },
            "properties": {
                "id": "250",
                "storm_start_date": "2014-12-22T00:00:00Z",
                "aorc:statistics": {
                    "min": 1.16,
                    "mean": 2.61,
                    "max": 4.34,
                    "units": "inches"
                },
                "season": "Winter"
            }
        },
        {
            "type": "Feature",
            "geometry": {
                "type": "Point",
                "coordinates": [
                    -84.7101,
                    37.116
                ]
            },
            "properties": {
                "id": "321",
                "storm_start_date": "2014-04-28T00:00:00Z",
                "aorc:statistics": {
                    "min": 0.91,
                    "mean": 2.41,
                    "max": 5.01,
                    "units": "inches"
                },
                "season": "Spring"
            }
        },
        {
            "type": "Feature",
            "geometry": {
                "type": "Point",
                "coordinates": [
                    -78.9437,
                    37.9409
                ]
            },
            "properties": {
                "id": "219",
                "storm_start_date": "1983-10-21T00:00:00Z",
                "aorc:statistics": {
                    "min": 1.13,
                    "mean": 2.71,
                    "max": 5.3,
                    "units": "inches"
                },
                "season": "Autumn"
            }
        },
        {
            "type": "Feature",
            "geometry": {
                "type": "Point",
                "coordinates": [
                    -84.8018,
                    34.6994
                ]
            },
            "properties": {
                "id": "172",
                "storm_start_date": "2024-05-07T00:00:00Z",
                "aorc:statistics": {
                    "min": 1.17,
                    "mean": 2.94,
                    "max": 7.75,
                    "units": "inches"
                },
                "season": "Spring"
            }
        },
        {
            "type": "Feature",
            "geometry": {
                "type": "Point",
                "coordinates": [
                    -84.9768,
                    33.6828
                ]
            },
            "properties": {
                "id": "499",
                "storm_start_date": "2012-01-21T00:00:00Z",
                "aorc:statistics": {
                    "min": 0.28,
                    "mean": 2.01,
                    "max": 4.91,
                    "units": "inches"
                },
                "season": "Winter"
            }
        },
        {
            "type": "Feature",
            "geometry": {
                "type": "Point",
                "coordinates": [
                    -84.0102,
                    35.2411
                ]
            },
            "properties": {
                "id": "186",
                "storm_start_date": "1999-05-05T00:00:00Z",
                "aorc:statistics": {
                    "min": 0.53,
                    "mean": 2.87,
                    "max": 8.04,
                    "units": "inches"
                },
                "season": "Spring"
            }
        },
        {
            "type": "Feature",
            "geometry": {
                "type": "Point",
                "coordinates": [
                    -85.3601,
                    36.9493
                ]
            },
            "properties": {
                "id": "196",
                "storm_start_date": "2006-09-22T00:00:00Z",
                "aorc:statistics": {
                    "min": 0.89,
                    "mean": 2.83,
                    "max": 6.31,
                    "units": "inches"
                },
                "season": "Autumn"
            }
        },
        {
            "type": "Feature",
            "geometry": {
                "type": "Point",
                "coordinates": [
                    -84.2435,
                    36.1827
                ]
            },
            "properties": {
                "id": "443",
                "storm_start_date": "1990-02-02T00:00:00Z",
                "aorc:statistics": {
                    "min": 1.01,
                    "mean": 2.11,
                    "max": 4.15,
                    "units": "inches"
                },
                "season": "Winter"
            }
        },
        {
            "type": "Feature",
            "geometry": {
                "type": "Point",
                "coordinates": [
                    -83.5102,
                    34.9911
                ]
            },
            "properties": {
                "id": "392",
                "storm_start_date": "2005-11-20T00:00:00Z",
                "aorc:statistics": {
                    "min": 0.59,
                    "mean": 2.23,
                    "max": 4.37,
                    "units": "inches"
                },
                "season": "Autumn"
            }
        },
        {
            "type": "Feature",
            "geometry": {
                "type": "Point",
                "coordinates": [
                    -82.3019,
                    35.1744
                ]
            },
            "properties": {
                "id": "414",
                "storm_start_date": "1984-07-16T00:00:00Z",
                "aorc:statistics": {
                    "min": 0.67,
                    "mean": 2.17,
                    "max": 4.04,
                    "units": "inches"
                },
                "season": "Summer"
            }
        },
        {
            "type": "Feature",
            "geometry": {
                "type": "Point",
                "coordinates": [
                    -83.4935,
                    35.0661
                ]
            },
            "properties": {
                "id": "359",
                "storm_start_date": "1999-01-22T00:00:00Z",
                "aorc:statistics": {
                    "min": 0.59,
                    "mean": 2.33,
                    "max": 5.0,
                    "units": "inches"
                },
                "season": "Winter"
            }
        },
        {
            "type": "Feature",
            "geometry": {
                "type": "Point",
                "coordinates": [
                    -85.1268,
                    34.9077
                ]
            },
            "properties": {
                "id": "169",
                "storm_start_date": "2021-03-16T00:00:00Z",
                "aorc:statistics": {
                    "min": 0.8,
                    "mean": 2.96,
                    "max": 7.48,
                    "units": "inches"
                },
                "season": "Spring"
            }
        },
        {
            "type": "Feature",
            "geometry": {
                "type": "Point",
                "coordinates": [
                    -84.3518,
                    36.1077
                ]
            },
            "properties": {
                "id": "215",
                "storm_start_date": "2004-02-05T00:00:00Z",
                "aorc:statistics": {
                    "min": 0.22,
                    "mean": 2.72,
                    "max": 6.02,
                    "units": "inches"
                },
                "season": "Winter"
            }
        },
        {
            "type": "Feature",
            "geometry": {
                "type": "Point",
                "coordinates": [
                    -81.3353,
                    34.9077
                ]
            },
            "properties": {
                "id": "97",
                "storm_start_date": "2025-08-04T00:00:00Z",
                "aorc:statistics": {
                    "min": 0.04,
                    "mean": 3.46,
                    "max": 8.09,
                    "units": "inches"
                },
                "season": "Summer"
            }
        },
        {
            "type": "Feature",
            "geometry": {
                "type": "Point",
                "coordinates": [
                    -84.5018,
                    34.8494
                ]
            },
            "properties": {
                "id": "91",
                "storm_start_date": "1996-01-25T00:00:00Z",
                "aorc:statistics": {
                    "min": 0.98,
                    "mean": 3.49,
                    "max": 7.84,
                    "units": "inches"
                },
                "season": "Winter"
            }
        },
        {
            "type": "Feature",
            "geometry": {
                "type": "Point",
                "coordinates": [
                    -83.3352,
                    37.5576
                ]
            },
            "properties": {
                "id": "233",
                "storm_start_date": "1993-08-11T00:00:00Z",
                "aorc:statistics": {
                    "min": 0.34,
                    "mean": 2.65,
                    "max": 5.53,
                    "units": "inches"
                },
                "season": "Summer"
            }
        },
        {
            "type": "Feature",
            "geometry": {
                "type": "Point",
                "coordinates": [
                    -82.9352,
                    35.1161
                ]
            },
            "properties": {
                "id": "287",
                "storm_start_date": "2011-04-15T00:00:00Z",
                "aorc:statistics": {
                    "min": 0.39,
                    "mean": 2.49,
                    "max": 7.97,
                    "units": "inches"
                },
                "season": "Spring"
            }
        },
        {
            "type": "Feature",
            "geometry": {
                "type": "Point",
                "coordinates": [
                    -85.3018,
                    33.4745
                ]
            },
            "properties": {
                "id": "127",
                "storm_start_date": "2014-04-06T00:00:00Z",
                "aorc:statistics": {
                    "min": 1.67,
                    "mean": 3.2,
                    "max": 6.03,
                    "units": "inches"
                },
                "season": "Spring"
            }
        },
        {
            "type": "Feature",
            "geometry": {
                "type": "Point",
                "coordinates": [
                    -82.2686,
                    35.2327
                ]
            },
            "properties": {
                "id": "120",
                "storm_start_date": "2023-06-19T00:00:00Z",
                "aorc:statistics": {
                    "min": 0.74,
                    "mean": 3.26,
                    "max": 10.15,
                    "units": "inches"
                },
                "season": "Summer"
            }
        },
        {
            "type": "Feature",
            "geometry": {
                "type": "Point",
                "coordinates": [
                    -85.5934,
                    36.8243
                ]
            },
            "properties": {
                "id": "299",
                "storm_start_date": "1981-06-04T00:00:00Z",
                "aorc:statistics": {
                    "min": 1.37,
                    "mean": 2.46,
                    "max": 4.79,
                    "units": "inches"
                },
                "season": "Summer"
            }
        },
        {
            "type": "Feature",
            "geometry": {
                "type": "Point",
                "coordinates": [
                    -84.8518,
                    33.4495
                ]
            },
            "properties": {
                "id": "438",
                "storm_start_date": "2013-02-21T00:00:00Z",
                "aorc:statistics": {
                    "min": 0.65,
                    "mean": 2.11,
                    "max": 3.73,
                    "units": "inches"
                },
                "season": "Winter"
            }
        },
        {
            "type": "Feature",
            "geometry": {
                "type": "Point",
                "coordinates": [
                    -81.9686,
                    35.7244
                ]
            },
            "properties": {
                "id": "99",
                "storm_start_date": "2023-12-25T00:00:00Z",
                "aorc:statistics": {
                    "min": 0.93,
                    "mean": 3.44,
                    "max": 7.6,
                    "units": "inches"
                },
                "season": "Winter"
            }
        },
        {
            "type": "Feature",
            "geometry": {
                "type": "Point",
                "coordinates": [
                    -82.5519,
                    35.1911
                ]
            },
            "properties": {
                "id": "311",
                "storm_start_date": "2015-10-26T00:00:00Z",
                "aorc:statistics": {
                    "min": 0.44,
                    "mean": 2.43,
                    "max": 6.07,
                    "units": "inches"
                },
                "season": "Autumn"
            }
        },
        {
            "type": "Feature",
            "geometry": {
                "type": "Point",
                "coordinates": [
                    -81.3436,
                    35.466
                ]
            },
            "properties": {
                "id": "29",
                "storm_start_date": "2005-10-06T00:00:00Z",
                "aorc:statistics": {
                    "min": 1.2,
                    "mean": 4.51,
                    "max": 9.43,
                    "units": "inches"
                },
                "season": "Autumn"
            }
        },
        {
            "type": "Feature",
            "geometry": {
                "type": "Point",
                "coordinates": [
                    -83.8185,
                    37.241
                ]
            },
            "properties": {
                "id": "73",
                "storm_start_date": "2021-02-27T00:00:00Z",
                "aorc:statistics": {
                    "min": 0.98,
                    "mean": 3.73,
                    "max": 6.99,
                    "units": "inches"
                },
                "season": "Winter"
            }
        },
        {
            "type": "Feature",
            "geometry": {
                "type": "Point",
                "coordinates": [
                    -84.3435,
                    36.1077
                ]
            },
            "properties": {
                "id": "315",
                "storm_start_date": "2000-05-23T00:00:00Z",
                "aorc:statistics": {
                    "min": 0.24,
                    "mean": 2.41,
                    "max": 5.82,
                    "units": "inches"
                },
                "season": "Spring"
            }
        },
        {
            "type": "Feature",
            "geometry": {
                "type": "Point",
                "coordinates": [
                    -82.1102,
                    34.9911
                ]
            },
            "properties": {
                "id": "475",
                "storm_start_date": "2019-01-02T00:00:00Z",
                "aorc:statistics": {
                    "min": 1.01,
                    "mean": 2.05,
                    "max": 3.21,
                    "units": "inches"
                },
                "season": "Winter"
            }
        },
        {
            "type": "Feature",
            "geometry": {
                "type": "Point",
                "coordinates": [
                    -84.8185,
                    35.941
                ]
            },
            "properties": {
                "id": "38",
                "storm_start_date": "2002-01-23T00:00:00Z",
                "aorc:statistics": {
                    "min": 1.07,
                    "mean": 4.32,
                    "max": 10.74,
                    "units": "inches"
                },
                "season": "Winter"
            }
        },
        {
            "type": "Feature",
            "geometry": {
                "type": "Point",
                "coordinates": [
                    -80.427,
                    34.8161
                ]
            },
            "properties": {
                "id": "417",
                "storm_start_date": "2006-11-21T00:00:00Z",
                "aorc:statistics": {
                    "min": 0.0,
                    "mean": 2.16,
                    "max": 5.33,
                    "units": "inches"
                },
                "season": "Autumn"
            }
        },
        {
            "type": "Feature",
            "geometry": {
                "type": "Point",
                "coordinates": [
                    -84.3268,
                    34.0911
                ]
            },
            "properties": {
                "id": "123",
                "storm_start_date": "2018-11-12T00:00:00Z",
                "aorc:statistics": {
                    "min": 1.91,
                    "mean": 3.24,
                    "max": 4.55,
                    "units": "inches"
                },
                "season": "Autumn"
            }
        },
        {
            "type": "Feature",
            "geometry": {
                "type": "Point",
                "coordinates": [
                    -84.5018,
                    34.8494
                ]
            },
            "properties": {
                "id": "185",
                "storm_start_date": "1987-01-17T00:00:00Z",
                "aorc:statistics": {
                    "min": 1.17,
                    "mean": 2.87,
                    "max": 5.86,
                    "units": "inches"
                },
                "season": "Winter"
            }
        },
        {
            "type": "Feature",
            "geometry": {
                "type": "Point",
                "coordinates": [
                    -85.0101,
                    33.1995
                ]
            },
            "properties": {
                "id": "211",
                "storm_start_date": "2020-02-18T00:00:00Z",
                "aorc:statistics": {
                    "min": 0.46,
                    "mean": 2.74,
                    "max": 6.61,
                    "units": "inches"
                },
                "season": "Winter"
            }
        },
        {
            "type": "Feature",
            "geometry": {
                "type": "Point",
                "coordinates": [
                    -82.4352,
                    35.9577
                ]
            },
            "properties": {
                "id": "330",
                "storm_start_date": "2011-12-05T00:00:00Z",
                "aorc:statistics": {
                    "min": 0.74,
                    "mean": 2.39,
                    "max": 6.16,
                    "units": "inches"
                },
                "season": "Winter"
            }
        },
        {
            "type": "Feature",
            "geometry": {
                "type": "Point",
                "coordinates": [
                    -80.2603,
                    37.0327
                ]
            },
            "properties": {
                "id": "107",
                "storm_start_date": "2004-09-27T00:00:00Z",
                "aorc:statistics": {
                    "min": 0.61,
                    "mean": 3.39,
                    "max": 10.8,
                    "units": "inches"
                },
                "season": "Autumn"
            }
        },
        {
            "type": "Feature",
            "geometry": {
                "type": "Point",
                "coordinates": [
                    -83.6852,
                    35.3161
                ]
            },
            "properties": {
                "id": "241",
                "storm_start_date": "2009-12-07T00:00:00Z",
                "aorc:statistics": {
                    "min": 1.02,
                    "mean": 2.63,
                    "max": 5.64,
                    "units": "inches"
                },
                "season": "Winter"
            }
        },
        {
            "type": "Feature",
            "geometry": {
                "type": "Point",
                "coordinates": [
                    -83.7269,
                    33.9078
                ]
            },
            "properties": {
                "id": "245",
                "storm_start_date": "1997-04-26T00:00:00Z",
                "aorc:statistics": {
                    "min": 1.31,
                    "mean": 2.63,
                    "max": 4.57,
                    "units": "inches"
                },
                "season": "Spring"
            }
        },
        {
            "type": "Feature",
            "geometry": {
                "type": "Point",
                "coordinates": [
                    -83.8768,
                    35.5244
                ]
            },
            "properties": {
                "id": "342",
                "storm_start_date": "1997-06-12T00:00:00Z",
                "aorc:statistics": {
                    "min": 0.63,
                    "mean": 2.36,
                    "max": 6.94,
                    "units": "inches"
                },
                "season": "Summer"
            }
        },
        {
            "type": "Feature",
            "geometry": {
                "type": "Point",
                "coordinates": [
                    -83.6852,
                    34.7994
                ]
            },
            "properties": {
                "id": "11",
                "storm_start_date": "1997-10-24T00:00:00Z",
                "aorc:statistics": {
                    "min": 2.39,
                    "mean": 5.43,
                    "max": 11.32,
                    "units": "inches"
                },
                "season": "Autumn"
            }
        },
        {
            "type": "Feature",
            "geometry": {
                "type": "Point",
                "coordinates": [
                    -83.7852,
                    33.0495
                ]
            },
            "properties": {
                "id": "176",
                "storm_start_date": "2009-03-26T00:00:00Z",
                "aorc:statistics": {
                    "min": 1.28,
                    "mean": 2.92,
                    "max": 4.96,
                    "units": "inches"
                },
                "season": "Spring"
            }
        },
        {
            "type": "Feature",
            "geometry": {
                "type": "Point",
                "coordinates": [
                    -82.8186,
                    35.0911
                ]
            },
            "properties": {
                "id": "109",
                "storm_start_date": "1989-06-19T00:00:00Z",
                "aorc:statistics": {
                    "min": 1.25,
                    "mean": 3.36,
                    "max": 6.2,
                    "units": "inches"
                },
                "season": "Summer"
            }
        },
        {
            "type": "Feature",
            "geometry": {
                "type": "Point",
                "coordinates": [
                    -82.2102,
                    33.6578
                ]
            },
            "properties": {
                "id": "305",
                "storm_start_date": "2000-09-21T00:00:00Z",
                "aorc:statistics": {
                    "min": 1.03,
                    "mean": 2.44,
                    "max": 4.54,
                    "units": "inches"
                },
                "season": "Autumn"
            }
        },
        {
            "type": "Feature",
            "geometry": {
                "type": "Point",
                "coordinates": [
                    -83.7185,
                    33.9078
                ]
            },
            "properties": {
                "id": "457",
                "storm_start_date": "2001-06-01T00:00:00Z",
                "aorc:statistics": {
                    "min": 0.54,
                    "mean": 2.09,
                    "max": 3.84,
                    "units": "inches"
                },
                "season": "Summer"
            }
        },
        {
            "type": "Feature",
            "geometry": {
                "type": "Point",
                "coordinates": [
                    -82.2602,
                    35.6327
                ]
            },
            "properties": {
                "id": "114",
                "storm_start_date": "2018-05-28T00:00:00Z",
                "aorc:statistics": {
                    "min": 0.84,
                    "mean": 3.33,
                    "max": 12.97,
                    "units": "inches"
                },
                "season": "Spring"
            }
        },
        {
            "type": "Feature",
            "geometry": {
                "type": "Point",
                "coordinates": [
                    -84.8268,
                    33.4661
                ]
            },
            "properties": {
                "id": "469",
                "storm_start_date": "1988-02-02T00:00:00Z",
                "aorc:statistics": {
                    "min": 0.88,
                    "mean": 2.05,
                    "max": 3.52,
                    "units": "inches"
                },
                "season": "Winter"
            }
        },
        {
            "type": "Feature",
            "geometry": {
                "type": "Point",
                "coordinates": [
                    -83.4935,
                    35.0661
                ]
            },
            "properties": {
                "id": "115",
                "storm_start_date": "1983-12-02T00:00:00Z",
                "aorc:statistics": {
                    "min": 1.89,
                    "mean": 3.31,
                    "max": 5.64,
                    "units": "inches"
                },
                "season": "Winter"
            }
        },
        {
            "type": "Feature",
            "geometry": {
                "type": "Point",
                "coordinates": [
                    -85.4351,
                    34.8077
                ]
            },
            "properties": {
                "id": "481",
                "storm_start_date": "1983-12-26T00:00:00Z",
                "aorc:statistics": {
                    "min": 0.97,
                    "mean": 2.04,
                    "max": 4.0,
                    "units": "inches"
                },
                "season": "Winter"
            }
        },
        {
            "type": "Feature",
            "geometry": {
                "type": "Point",
                "coordinates": [
                    -81.7353,
                    35.3411
                ]
            },
            "properties": {
                "id": "391",
                "storm_start_date": "2025-08-11T00:00:00Z",
                "aorc:statistics": {
                    "min": 0.2,
                    "mean": 2.23,
                    "max": 7.54,
                    "units": "inches"
                },
                "season": "Summer"
            }
        },
        {
            "type": "Feature",
            "geometry": {
                "type": "Point",
                "coordinates": [
                    -81.8436,
                    37.466
                ]
            },
            "properties": {
                "id": "281",
                "storm_start_date": "1985-11-26T00:00:00Z",
                "aorc:statistics": {
                    "min": 0.97,
                    "mean": 2.51,
                    "max": 3.95,
                    "units": "inches"
                },
                "season": "Autumn"
            }
        },
        {
            "type": "Feature",
            "geometry": {
                "type": "Point",
                "coordinates": [
                    -85.7184,
                    36.6243
                ]
            },
            "properties": {
                "id": "194",
                "storm_start_date": "2010-08-17T00:00:00Z",
                "aorc:statistics": {
                    "min": 0.09,
                    "mean": 2.84,
                    "max": 7.51,
                    "units": "inches"
                },
                "season": "Summer"
            }
        },
        {
            "type": "Feature",
            "geometry": {
                "type": "Point",
                "coordinates": [
                    -82.2852,
                    35.7244
                ]
            },
            "properties": {
                "id": "13",
                "storm_start_date": "2008-08-25T00:00:00Z",
                "aorc:statistics": {
                    "min": 1.73,
                    "mean": 5.35,
                    "max": 12.32,
                    "units": "inches"
                },
                "season": "Summer"
            }
        },
        {
            "type": "Feature",
            "geometry": {
                "type": "Point",
                "coordinates": [
                    -82.8852,
                    37.0993
                ]
            },
            "properties": {
                "id": "220",
                "storm_start_date": "2004-05-26T00:00:00Z",
                "aorc:statistics": {
                    "min": 0.93,
                    "mean": 2.7,
                    "max": 5.33,
                    "units": "inches"
                },
                "season": "Spring"
            }
        },
        {
            "type": "Feature",
            "geometry": {
                "type": "Point",
                "coordinates": [
                    -84.0268,
                    33.1495
                ]
            },
            "properties": {
                "id": "192",
                "storm_start_date": "2022-04-05T00:00:00Z",
                "aorc:statistics": {
                    "min": 1.13,
                    "mean": 2.85,
                    "max": 6.88,
                    "units": "inches"
                },
                "season": "Spring"
            }
        },
        {
            "type": "Feature",
            "geometry": {
                "type": "Point",
                "coordinates": [
                    -83.9352,
                    35.3827
                ]
            },
            "properties": {
                "id": "262",
                "storm_start_date": "2002-01-18T00:00:00Z",
                "aorc:statistics": {
                    "min": 0.7,
                    "mean": 2.57,
                    "max": 7.93,
                    "units": "inches"
                },
                "season": "Winter"
            }
        },
        {
            "type": "Feature",
            "geometry": {
                "type": "Point",
                "coordinates": [
                    -83.4685,
                    35.0327
                ]
            },
            "properties": {
                "id": "84",
                "storm_start_date": "2012-09-30T00:00:00Z",
                "aorc:statistics": {
                    "min": 1.0,
                    "mean": 3.6,
                    "max": 9.6,
                    "units": "inches"
                },
                "season": "Autumn"
            }
        },
        {
            "type": "Feature",
            "geometry": {
                "type": "Point",
                "coordinates": [
                    -82.6769,
                    35.1161
                ]
            },
            "properties": {
                "id": "89",
                "storm_start_date": "1991-03-28T00:00:00Z",
                "aorc:statistics": {
                    "min": 1.77,
                    "mean": 3.51,
                    "max": 6.71,
                    "units": "inches"
                },
                "season": "Spring"
            }
        },
        {
            "type": "Feature",
            "geometry": {
                "type": "Point",
                "coordinates": [
                    -85.3685,
                    34.6744
                ]
            },
            "properties": {
                "id": "441",
                "storm_start_date": "2002-05-02T00:00:00Z",
                "aorc:statistics": {
                    "min": 0.13,
                    "mean": 2.11,
                    "max": 4.98,
                    "units": "inches"
                },
                "season": "Spring"
            }
        },
        {
            "type": "Feature",
            "geometry": {
                "type": "Point",
                "coordinates": [
                    -81.6186,
                    35.2077
                ]
            },
            "properties": {
                "id": "199",
                "storm_start_date": "2011-09-21T00:00:00Z",
                "aorc:statistics": {
                    "min": 0.7,
                    "mean": 2.81,
                    "max": 7.17,
                    "units": "inches"
                },
                "season": "Autumn"
            }
        },
        {
            "type": "Feature",
            "geometry": {
                "type": "Point",
                "coordinates": [
                    -84.5852,
                    33.1411
                ]
            },
            "properties": {
                "id": "142",
                "storm_start_date": "2024-02-11T00:00:00Z",
                "aorc:statistics": {
                    "min": 1.47,
                    "mean": 3.13,
                    "max": 6.06,
                    "units": "inches"
                },
                "season": "Winter"
            }
        },
        {
            "type": "Feature",
            "geometry": {
                "type": "Point",
                "coordinates": [
                    -83.4769,
                    35.0661
                ]
            },
            "properties": {
                "id": "191",
                "storm_start_date": "2002-03-30T00:00:00Z",
                "aorc:statistics": {
                    "min": 0.25,
                    "mean": 2.85,
                    "max": 5.97,
                    "units": "inches"
                },
                "season": "Spring"
            }
        },
        {
            "type": "Feature",
            "geometry": {
                "type": "Point",
                "coordinates": [
                    -82.9852,
                    35.0577
                ]
            },
            "properties": {
                "id": "434",
                "storm_start_date": "2004-07-25T00:00:00Z",
                "aorc:statistics": {
                    "min": 0.22,
                    "mean": 2.12,
                    "max": 7.08,
                    "units": "inches"
                },
                "season": "Summer"
            }
        },
        {
            "type": "Feature",
            "geometry": {
                "type": "Point",
                "coordinates": [
                    -81.5269,
                    34.5328
                ]
            },
            "properties": {
                "id": "385",
                "storm_start_date": "1984-01-09T00:00:00Z",
                "aorc:statistics": {
                    "min": 1.04,
                    "mean": 2.25,
                    "max": 3.97,
                    "units": "inches"
                },
                "season": "Winter"
            }
        },
        {
            "type": "Feature",
            "geometry": {
                "type": "Point",
                "coordinates": [
                    -80.827,
                    35.3994
                ]
            },
            "properties": {
                "id": "286",
                "storm_start_date": "2023-04-07T00:00:00Z",
                "aorc:statistics": {
                    "min": 1.24,
                    "mean": 2.5,
                    "max": 5.22,
                    "units": "inches"
                },
                "season": "Spring"
            }
        },
        {
            "type": "Feature",
            "geometry": {
                "type": "Point",
                "coordinates": [
                    -79.4937,
                    37.5243
                ]
            },
            "properties": {
                "id": "309",
                "storm_start_date": "1995-06-22T00:00:00Z",
                "aorc:statistics": {
                    "min": 0.42,
                    "mean": 2.44,
                    "max": 9.59,
                    "units": "inches"
                },
                "season": "Summer"
            }
        },
        {
            "type": "Feature",
            "geometry": {
                "type": "Point",
                "coordinates": [
                    -83.5602,
                    35.2494
                ]
            },
            "properties": {
                "id": "12",
                "storm_start_date": "2013-01-14T00:00:00Z",
                "aorc:statistics": {
                    "min": 0.78,
                    "mean": 5.43,
                    "max": 12.13,
                    "units": "inches"
                },
                "season": "Winter"
            }
        },
        {
            "type": "Feature",
            "geometry": {
                "type": "Point",
                "coordinates": [
                    -80.527,
                    36.0994
                ]
            },
            "properties": {
                "id": "344",
                "storm_start_date": "1984-05-27T00:00:00Z",
                "aorc:statistics": {
                    "min": 0.42,
                    "mean": 2.35,
                    "max": 4.43,
                    "units": "inches"
                },
                "season": "Spring"
            }
        },
        {
            "type": "Feature",
            "geometry": {
                "type": "Point",
                "coordinates": [
                    -82.8852,
                    35.3244
                ]
            },
            "properties": {
                "id": "153",
                "storm_start_date": "2011-11-27T00:00:00Z",
                "aorc:statistics": {
                    "min": 0.37,
                    "mean": 3.05,
                    "max": 10.63,
                    "units": "inches"
                },
                "season": "Autumn"
            }
        },
        {
            "type": "Feature",
            "geometry": {
                "type": "Point",
                "coordinates": [
                    -81.1603,
                    35.2161
                ]
            },
            "properties": {
                "id": "375",
                "storm_start_date": "1993-03-12T00:00:00Z",
                "aorc:statistics": {
                    "min": 0.88,
                    "mean": 2.28,
                    "max": 3.46,
                    "units": "inches"
                },
                "season": "Spring"
            }
        },
        {
            "type": "Feature",
            "geometry": {
                "type": "Point",
                "coordinates": [
                    -83.4602,
                    34.2744
                ]
            },
            "properties": {
                "id": "85",
                "storm_start_date": "2015-11-01T00:00:00Z",
                "aorc:statistics": {
                    "min": 1.54,
                    "mean": 3.57,
                    "max": 6.64,
                    "units": "inches"
                },
                "season": "Autumn"
            }
        },
        {
            "type": "Feature",
            "geometry": {
                "type": "Point",
                "coordinates": [
                    -81.7936,
                    36.141
                ]
            },
            "properties": {
                "id": "325",
                "storm_start_date": "2018-12-20T00:00:00Z",
                "aorc:statistics": {
                    "min": 1.09,
                    "mean": 2.4,
                    "max": 4.83,
                    "units": "inches"
                },
                "season": "Winter"
            }
        },
        {
            "type": "Feature",
            "geometry": {
                "type": "Point",
                "coordinates": [
                    -84.3102,
                    36.116
                ]
            },
            "properties": {
                "id": "74",
                "storm_start_date": "2012-09-16T00:00:00Z",
                "aorc:statistics": {
                    "min": 1.31,
                    "mean": 3.72,
                    "max": 7.39,
                    "units": "inches"
                },
                "season": "Autumn"
            }
        },
        {
            "type": "Feature",
            "geometry": {
                "type": "Point",
                "coordinates": [
                    -84.4102,
                    36.166
                ]
            },
            "properties": {
                "id": "297",
                "storm_start_date": "2022-12-06T00:00:00Z",
                "aorc:statistics": {
                    "min": 0.83,
                    "mean": 2.46,
                    "max": 4.46,
                    "units": "inches"
                },
                "season": "Winter"
            }
        },
        {
            "type": "Feature",
            "geometry": {
                "type": "Point",
                "coordinates": [
                    -82.9352,
                    35.1161
                ]
            },
            "properties": {
                "id": "362",
                "storm_start_date": "1993-03-22T00:00:00Z",
                "aorc:statistics": {
                    "min": 0.41,
                    "mean": 2.32,
                    "max": 5.15,
                    "units": "inches"
                },
                "season": "Spring"
            }
        },
        {
            "type": "Feature",
            "geometry": {
                "type": "Point",
                "coordinates": [
                    -84.5018,
                    34.8494
                ]
            },
            "properties": {
                "id": "312",
                "storm_start_date": "2005-02-20T00:00:00Z",
                "aorc:statistics": {
                    "min": 0.55,
                    "mean": 2.43,
                    "max": 5.74,
                    "units": "inches"
                },
                "season": "Winter"
            }
        },
        {
            "type": "Feature",
            "geometry": {
                "type": "Point",
                "coordinates": [
                    -83.6852,
                    34.7911
                ]
            },
            "properties": {
                "id": "378",
                "storm_start_date": "1991-05-04T00:00:00Z",
                "aorc:statistics": {
                    "min": 0.72,
                    "mean": 2.27,
                    "max": 4.14,
                    "units": "inches"
                },
                "season": "Spring"
            }
        },
        {
            "type": "Feature",
            "geometry": {
                "type": "Point",
                "coordinates": [
                    -80.3687,
                    36.3077
                ]
            },
            "properties": {
                "id": "474",
                "storm_start_date": "2021-06-30T00:00:00Z",
                "aorc:statistics": {
                    "min": 0.22,
                    "mean": 2.05,
                    "max": 5.29,
                    "units": "inches"
                },
                "season": "Summer"
            }
        },
        {
            "type": "Feature",
            "geometry": {
                "type": "Point",
                "coordinates": [
                    -83.4102,
                    33.7911
                ]
            },
            "properties": {
                "id": "406",
                "storm_start_date": "2015-08-17T00:00:00Z",
                "aorc:statistics": {
                    "min": 0.17,
                    "mean": 2.2,
                    "max": 7.58,
                    "units": "inches"
                },
                "season": "Summer"
            }
        },
        {
            "type": "Feature",
            "geometry": {
                "type": "Point",
                "coordinates": [
                    -85.2851,
                    34.2244
                ]
            },
            "properties": {
                "id": "163",
                "storm_start_date": "2018-12-08T00:00:00Z",
                "aorc:statistics": {
                    "min": 1.48,
                    "mean": 2.98,
                    "max": 4.32,
                    "units": "inches"
                },
                "season": "Winter"
            }
        },
        {
            "type": "Feature",
            "geometry": {
                "type": "Point",
                "coordinates": [
                    -85.2601,
                    33.7661
                ]
            },
            "properties": {
                "id": "435",
                "storm_start_date": "2005-03-31T00:00:00Z",
                "aorc:statistics": {
                    "min": 0.62,
                    "mean": 2.12,
                    "max": 4.22,
                    "units": "inches"
                },
                "season": "Spring"
            }
        },
        {
            "type": "Feature",
            "geometry": {
                "type": "Point",
                "coordinates": [
                    -84.5852,
                    34.8994
                ]
            },
            "properties": {
                "id": "284",
                "storm_start_date": "1996-06-07T00:00:00Z",
                "aorc:statistics": {
                    "min": 0.49,
                    "mean": 2.5,
                    "max": 6.19,
                    "units": "inches"
                },
                "season": "Summer"
            }
        },
        {
            "type": "Feature",
            "geometry": {
                "type": "Point",
                "coordinates": [
                    -83.0602,
                    34.9911
                ]
            },
            "properties": {
                "id": "162",
                "storm_start_date": "1992-12-15T00:00:00Z",
                "aorc:statistics": {
                    "min": 1.1,
                    "mean": 2.98,
                    "max": 5.59,
                    "units": "inches"
                },
                "season": "Winter"
            }
        },
        {
            "type": "Feature",
            "geometry": {
                "type": "Point",
                "coordinates": [
                    -79.8687,
                    36.9743
                ]
            },
            "properties": {
                "id": "280",
                "storm_start_date": "2004-04-12T00:00:00Z",
                "aorc:statistics": {
                    "min": 1.34,
                    "mean": 2.52,
                    "max": 4.72,
                    "units": "inches"
                },
                "season": "Spring"
            }
        },
        {
            "type": "Feature",
            "geometry": {
                "type": "Point",
                "coordinates": [
                    -81.9686,
                    34.9744
                ]
            },
            "properties": {
                "id": "207",
                "storm_start_date": "2023-04-26T00:00:00Z",
                "aorc:statistics": {
                    "min": 0.5,
                    "mean": 2.75,
                    "max": 6.54,
                    "units": "inches"
                },
                "season": "Spring"
            }
        },
        {
            "type": "Feature",
            "geometry": {
                "type": "Point",
                "coordinates": [
                    -84.5768,
                    34.8827
                ]
            },
            "properties": {
                "id": "236",
                "storm_start_date": "2015-01-02T00:00:00Z",
                "aorc:statistics": {
                    "min": 0.27,
                    "mean": 2.65,
                    "max": 6.14,
                    "units": "inches"
                },
                "season": "Winter"
            }
        },
        {
            "type": "Feature",
            "geometry": {
                "type": "Point",
                "coordinates": [
                    -82.8436,
                    35.0577
                ]
            },
            "properties": {
                "id": "133",
                "storm_start_date": "2007-02-28T00:00:00Z",
                "aorc:statistics": {
                    "min": 1.24,
                    "mean": 3.18,
                    "max": 5.62,
                    "units": "inches"
                },
                "season": "Winter"
            }
        },
        {
            "type": "Feature",
            "geometry": {
                "type": "Point",
                "coordinates": [
                    -85.2768,
                    37.1076
                ]
            },
            "properties": {
                "id": "421",
                "storm_start_date": "1994-03-08T00:00:00Z",
                "aorc:statistics": {
                    "min": 0.65,
                    "mean": 2.15,
                    "max": 4.58,
                    "units": "inches"
                },
                "season": "Spring"
            }
        },
        {
            "type": "Feature",
            "geometry": {
                "type": "Point",
                "coordinates": [
                    -84.4852,
                    34.8077
                ]
            },
            "properties": {
                "id": "404",
                "storm_start_date": "2009-03-14T00:00:00Z",
                "aorc:statistics": {
                    "min": 0.98,
                    "mean": 2.2,
                    "max": 4.05,
                    "units": "inches"
                },
                "season": "Spring"
            }
        },
        {
            "type": "Feature",
            "geometry": {
                "type": "Point",
                "coordinates": [
                    -83.9018,
                    35.2327
                ]
            },
            "properties": {
                "id": "41",
                "storm_start_date": "2015-11-30T00:00:00Z",
                "aorc:statistics": {
                    "min": 1.31,
                    "mean": 4.29,
                    "max": 9.7,
                    "units": "inches"
                },
                "season": "Autumn"
            }
        },
        {
            "type": "Feature",
            "geometry": {
                "type": "Point",
                "coordinates": [
                    -80.3937,
                    34.5494
                ]
            },
            "properties": {
                "id": "387",
                "storm_start_date": "2016-10-07T00:00:00Z",
                "aorc:statistics": {
                    "min": 0.0,
                    "mean": 2.24,
                    "max": 5.58,
                    "units": "inches"
                },
                "season": "Autumn"
            }
        },
        {
            "type": "Feature",
            "geometry": {
                "type": "Point",
                "coordinates": [
                    -82.7269,
                    35.0827
                ]
            },
            "properties": {
                "id": "1",
                "storm_start_date": "2024-09-25T00:00:00Z",
                "aorc:statistics": {
                    "min": 4.05,
                    "mean": 9.95,
                    "max": 25.12,
                    "units": "inches"
                },
                "season": "Autumn"
            }
        },
        {
            "type": "Feature",
            "geometry": {
                "type": "Point",
                "coordinates": [
                    -82.8936,
                    35.1411
                ]
            },
            "properties": {
                "id": "132",
                "storm_start_date": "2018-12-28T00:00:00Z",
                "aorc:statistics": {
                    "min": 0.82,
                    "mean": 3.19,
                    "max": 7.02,
                    "units": "inches"
                },
                "season": "Winter"
            }
        },
        {
            "type": "Feature",
            "geometry": {
                "type": "Point",
                "coordinates": [
                    -83.5102,
                    34.9911
                ]
            },
            "properties": {
                "id": "361",
                "storm_start_date": "2011-02-02T00:00:00Z",
                "aorc:statistics": {
                    "min": 0.78,
                    "mean": 2.32,
                    "max": 3.94,
                    "units": "inches"
                },
                "season": "Winter"
            }
        },
        {
            "type": "Feature",
            "geometry": {
                "type": "Point",
                "coordinates": [
                    -82.9769,
                    35.1244
                ]
            },
            "properties": {
                "id": "246",
                "storm_start_date": "1992-08-21T00:00:00Z",
                "aorc:statistics": {
                    "min": 0.3,
                    "mean": 2.62,
                    "max": 7.64,
                    "units": "inches"
                },
                "season": "Summer"
            }
        },
        {
            "type": "Feature",
            "geometry": {
                "type": "Point",
                "coordinates": [
                    -83.4935,
                    35.0661
                ]
            },
            "properties": {
                "id": "155",
                "storm_start_date": "2013-01-30T00:00:00Z",
                "aorc:statistics": {
                    "min": 0.48,
                    "mean": 3.04,
                    "max": 9.07,
                    "units": "inches"
                },
                "season": "Winter"
            }
        },
        {
            "type": "Feature",
            "geometry": {
                "type": "Point",
                "coordinates": [
                    -84.0102,
                    35.2411
                ]
            },
            "properties": {
                "id": "15",
                "storm_start_date": "2003-05-05T00:00:00Z",
                "aorc:statistics": {
                    "min": 0.68,
                    "mean": 5.27,
                    "max": 11.62,
                    "units": "inches"
                },
                "season": "Spring"
            }
        },
        {
            "type": "Feature",
            "geometry": {
                "type": "Point",
                "coordinates": [
                    -82.6352,
                    33.4078
                ]
            },
            "properties": {
                "id": "170",
                "storm_start_date": "1983-04-07T00:00:00Z",
                "aorc:statistics": {
                    "min": 1.43,
                    "mean": 2.96,
                    "max": 5.87,
                    "units": "inches"
                },
                "season": "Spring"
            }
        },
        {
            "type": "Feature",
            "geometry": {
                "type": "Point",
                "coordinates": [
                    -83.9102,
                    35.1911
                ]
            },
            "properties": {
                "id": "331",
                "storm_start_date": "2019-05-11T00:00:00Z",
                "aorc:statistics": {
                    "min": 0.99,
                    "mean": 2.39,
                    "max": 4.98,
                    "units": "inches"
                },
                "season": "Spring"
            }
        },
        {
            "type": "Feature",
            "geometry": {
                "type": "Point",
                "coordinates": [
                    -82.6769,
                    35.1161
                ]
            },
            "properties": {
                "id": "204",
                "storm_start_date": "1982-10-11T00:00:00Z",
                "aorc:statistics": {
                    "min": 0.78,
                    "mean": 2.78,
                    "max": 4.62,
                    "units": "inches"
                },
                "season": "Autumn"
            }
        },
        {
            "type": "Feature",
            "geometry": {
                "type": "Point",
                "coordinates": [
                    -84.2352,
                    34.2994
                ]
            },
            "properties": {
                "id": "124",
                "storm_start_date": "2024-12-09T00:00:00Z",
                "aorc:statistics": {
                    "min": 1.26,
                    "mean": 3.22,
                    "max": 5.6,
                    "units": "inches"
                },
                "season": "Winter"
            }
        },
        {
            "type": "Feature",
            "geometry": {
                "type": "Point",
                "coordinates": [
                    -83.4935,
                    35.0661
                ]
            },
            "properties": {
                "id": "147",
                "storm_start_date": "2006-11-15T00:00:00Z",
                "aorc:statistics": {
                    "min": 1.13,
                    "mean": 3.08,
                    "max": 7.85,
                    "units": "inches"
                },
                "season": "Autumn"
            }
        },
        {
            "type": "Feature",
            "geometry": {
                "type": "Point",
                "coordinates": [
                    -82.3936,
                    35.3661
                ]
            },
            "properties": {
                "id": "470",
                "storm_start_date": "2018-10-26T00:00:00Z",
                "aorc:statistics": {
                    "min": 0.91,
                    "mean": 2.05,
                    "max": 4.03,
                    "units": "inches"
                },
                "season": "Autumn"
            }
        },
        {
            "type": "Feature",
            "geometry": {
                "type": "Point",
                "coordinates": [
                    -81.8103,
                    36.9243
                ]
            },
            "properties": {
                "id": "106",
                "storm_start_date": "2001-07-27T00:00:00Z",
                "aorc:statistics": {
                    "min": 0.97,
                    "mean": 3.4,
                    "max": 6.21,
                    "units": "inches"
                },
                "season": "Summer"
            }
        },
        {
            "type": "Feature",
            "geometry": {
                "type": "Point",
                "coordinates": [
                    -84.5685,
                    34.8994
                ]
            },
            "properties": {
                "id": "398",
                "storm_start_date": "1994-03-01T00:00:00Z",
                "aorc:statistics": {
                    "min": 0.81,
                    "mean": 2.22,
                    "max": 4.44,
                    "units": "inches"
                },
                "season": "Spring"
            }
        },
        {
            "type": "Feature",
            "geometry": {
                "type": "Point",
                "coordinates": [
                    -81.4353,
                    36.2827
                ]
            },
            "properties": {
                "id": "436",
                "storm_start_date": "1989-11-14T00:00:00Z",
                "aorc:statistics": {
                    "min": 0.83,
                    "mean": 2.12,
                    "max": 5.08,
                    "units": "inches"
                },
                "season": "Autumn"
            }
        },
        {
            "type": "Feature",
            "geometry": {
                "type": "Point",
                "coordinates": [
                    -81.3769,
                    36.2827
                ]
            },
            "properties": {
                "id": "149",
                "storm_start_date": "1989-09-20T00:00:00Z",
                "aorc:statistics": {
                    "min": 0.98,
                    "mean": 3.07,
                    "max": 7.03,
                    "units": "inches"
                },
                "season": "Autumn"
            }
        },
        {
            "type": "Feature",
            "geometry": {
                "type": "Point",
                "coordinates": [
                    -80.352,
                    36.7827
                ]
            },
            "properties": {
                "id": "134",
                "storm_start_date": "2015-09-27T00:00:00Z",
                "aorc:statistics": {
                    "min": 0.33,
                    "mean": 3.18,
                    "max": 14.04,
                    "units": "inches"
                },
                "season": "Autumn"
            }
        },
        {
            "type": "Feature",
            "geometry": {
                "type": "Point",
                "coordinates": [
                    -84.0935,
                    34.1828
                ]
            },
            "properties": {
                "id": "486",
                "storm_start_date": "1983-12-06T00:00:00Z",
                "aorc:statistics": {
                    "min": 1.16,
                    "mean": 2.03,
                    "max": 3.76,
                    "units": "inches"
                },
                "season": "Winter"
            }
        },
        {
            "type": "Feature",
            "geometry": {
                "type": "Point",
                "coordinates": [
                    -82.7602,
                    33.5078
                ]
            },
            "properties": {
                "id": "44",
                "storm_start_date": "2020-09-15T00:00:00Z",
                "aorc:statistics": {
                    "min": 0.97,
                    "mean": 4.24,
                    "max": 8.15,
                    "units": "inches"
                },
                "season": "Autumn"
            }
        },
        {
            "type": "Feature",
            "geometry": {
                "type": "Point",
                "coordinates": [
                    -82.6769,
                    35.1161
                ]
            },
            "properties": {
                "id": "343",
                "storm_start_date": "1996-11-29T00:00:00Z",
                "aorc:statistics": {
                    "min": 0.73,
                    "mean": 2.36,
                    "max": 6.53,
                    "units": "inches"
                },
                "season": "Autumn"
            }
        },
        {
            "type": "Feature",
            "geometry": {
                "type": "Point",
                "coordinates": [
                    -84.0268,
                    34.6911
                ]
            },
            "properties": {
                "id": "36",
                "storm_start_date": "1998-02-02T00:00:00Z",
                "aorc:statistics": {
                    "min": 2.33,
                    "mean": 4.34,
                    "max": 6.89,
                    "units": "inches"
                },
                "season": "Winter"
            }
        },
        {
            "type": "Feature",
            "geometry": {
                "type": "Point",
                "coordinates": [
                    -83.9935,
                    35.3161
                ]
            },
            "properties": {
                "id": "291",
                "storm_start_date": "1994-07-26T00:00:00Z",
                "aorc:statistics": {
                    "min": 0.59,
                    "mean": 2.48,
                    "max": 5.82,
                    "units": "inches"
                },
                "season": "Summer"
            }
        },
        {
            "type": "Feature",
            "geometry": {
                "type": "Point",
                "coordinates": [
                    -85.3435,
                    33.5245
                ]
            },
            "properties": {
                "id": "384",
                "storm_start_date": "1991-04-27T00:00:00Z",
                "aorc:statistics": {
                    "min": 1.12,
                    "mean": 2.25,
                    "max": 4.33,
                    "units": "inches"
                },
                "season": "Spring"
            }
        },
        {
            "type": "Feature",
            "geometry": {
                "type": "Point",
                "coordinates": [
                    -84.4352,
                    36.516
                ]
            },
            "properties": {
                "id": "270",
                "storm_start_date": "2015-03-03T00:00:00Z",
                "aorc:statistics": {
                    "min": 0.89,
                    "mean": 2.55,
                    "max": 3.93,
                    "units": "inches"
                },
                "season": "Spring"
            }
        },
        {
            "type": "Feature",
            "geometry": {
                "type": "Point",
                "coordinates": [
                    -83.4935,
                    35.0661
                ]
            },
            "properties": {
                "id": "394",
                "storm_start_date": "1990-02-08T00:00:00Z",
                "aorc:statistics": {
                    "min": 1.14,
                    "mean": 2.23,
                    "max": 4.9,
                    "units": "inches"
                },
                "season": "Winter"
            }
        }
    ]
}